"Timestamp","الحي السكني","معدل الاستهلاك الشهري بالريال (تقريبا)","ماهي الفترات الزمنية التي يعمل خلالها الجهاز؟ [ثلاجة]","ماهي الفترات الزمنية التي يعمل خلالها الجهاز؟ [فريزر]","ماهي الفترات الزمنية التي يعمل خلالها الجهاز؟ [مكيف]","ماهي الفترات الزمنية التي يعمل خلالها الجهاز؟ [تلفاز]","ماهي الفترات الزمنية التي يعمل خلالها الجهاز؟ [انارة]","ماهي الفترات الزمنية التي يعمل خلالها الجهاز؟ [مايكروايف]","ماهي الفترات الزمنية التي يعمل خلالها الجهاز؟ [فرن]","ماهي الفترات الزمنية التي يعمل خلالها الجهاز؟ [غسالة ملابس]","ماهي الفترات الزمنية التي يعمل خلالها الجهاز؟ [غسالة صحون]","ماهي الفترات الزمنية التي يعمل خلالها الجهاز؟ [مكنسة]","ماهي الفترات الزمنية التي يعمل خلالها الجهاز؟ [برادة المياه]","ماهي الفترات الزمنية التي يعمل خلالها الجهاز؟ [دفاية]","ماهي الفترات الزمنية التي يعمل خلالها الجهاز؟ [كاوية ملابس]","ماهي الفترات الزمنية التي يعمل خلالها الجهاز؟ [سخان مياه]","ماهي الفترات الزمنية التي يعمل خلالها الجهاز؟ [مروحة]","ماهي الفترات الزمنية التي يعمل خلالها الجهاز؟ [توستر]","ماهي الفترات الزمنية التي يعمل خلالها الجهاز؟ [الغلاية]","ماهي الفترات الزمنية التي يعمل خلالها الجهاز؟ [صانع قهوة]","ماهي الفترات الزمنية التي يعمل خلالها الجهاز؟ [خلاط]","ماهي الفترات الزمنية التي يعمل خلالها الجهاز؟ [كمبيوتر]","كم عدد الأجهزة في المنزل من نفس النوع؟ [ثلاجة]","كم عدد الأجهزة في المنزل من نفس النوع؟ [فريزر]","كم عدد الأجهزة في المنزل من نفس النوع؟ [مكيف]","كم عدد الأجهزة في المنزل من نفس النوع؟ [تلفاز]","كم عدد الأجهزة في المنزل من نفس النوع؟ [انارة]","كم عدد الأجهزة في المنزل من نفس النوع؟ [مايكروايف]","كم عدد الأجهزة في المنزل من نفس النوع؟ [فرن]","كم عدد الأجهزة في المنزل من نفس النوع؟ [غسالة ملابس]","كم عدد الأجهزة في المنزل من نفس النوع؟ [غسالة صحون]","كم عدد الأجهزة في المنزل من نفس النوع؟ [مكنسة]","كم عدد الأجهزة في المنزل من نفس النوع؟ [برادة المياه]","كم عدد الأجهزة في المنزل من نفس النوع؟ [دفاية]","كم عدد الأجهزة في المنزل من نفس النوع؟ [كاوية ملابس]","كم عدد الأجهزة في المنزل من نفس النوع؟ [سخان مياه]","كم عدد الأجهزة في المنزل من نفس النوع؟ [مروحة]","كم عدد الأجهزة في المنزل من نفس النوع؟ [توستر]","كم عدد الأجهزة في المنزل من نفس النوع؟ [الغلاية]","كم عدد الأجهزة في المنزل من نفس النوع؟ [صانع قهوة]","كم عدد الأجهزة في المنزل من نفس النوع؟ [خلاط]","كم عدد الأجهزة في المنزل من نفس النوع؟ [كمبيوتر]","ماهو متوسط عدد ساعات التشغيل في اليوم؟ [ثلاجة]","ماهو متوسط عدد ساعات التشغيل في اليوم؟ [فريزر]","ماهو متوسط عدد ساعات التشغيل في اليوم؟ [مكيف]","ماهو متوسط عدد ساعات التشغيل في اليوم؟ [تلفاز]","ماهو متوسط عدد ساعات التشغيل في اليوم؟ [انارة]","ماهو متوسط عدد ساعات التشغيل في اليوم؟ [مايكروايف]","ماهو متوسط عدد ساعات التشغيل في اليوم؟ [فرن]","ماهو متوسط عدد ساعات التشغيل في اليوم؟ [غسالة ملابس]","ماهو متوسط عدد ساعات التشغيل في اليوم؟ [غسالة صحون]","ماهو متوسط عدد ساعات التشغيل في اليوم؟ [مكنسة]","ماهو متوسط عدد ساعات التشغيل في اليوم؟ [برادة المياه]","ماهو متوسط عدد ساعات التشغيل في اليوم؟ [دفاية]","ماهو متوسط عدد ساعات التشغيل في اليوم؟ [كاوية ملابس]","ماهو متوسط عدد ساعات التشغيل في اليوم؟ [سخان مياه]","ماهو متوسط عدد ساعات التشغيل في اليوم؟ [مروحة]","ماهو متوسط عدد ساعات التشغيل في اليوم؟ [توستر]","ماهو متوسط عدد ساعات التشغيل في اليوم؟ [الغلاية]","ماهو متوسط عدد ساعات التشغيل في اليوم؟ [صانع قهوة]","ماهو متوسط عدد ساعات التشغيل في اليوم؟ [خلاط]","ماهو متوسط عدد ساعات التشغيل في اليوم؟ [كمبيوتر]"
"2025/11/10 4:00:56 PM GMT+3","الجامعة","600","طوال اليوم","طوال اليوم","صباحا (من 6 الى 12);بعد ظهر (من 12 الى 6)","مساءً (من 6 الى 12)","طوال اليوم","بعد ظهر (من 12 الى 6)","بعد ظهر (من 12 الى 6)","مساءً (من 6 الى 12)","مساءً (من 6 الى 12)","مساءً (من 6 الى 12)","طوال اليوم","مساءً (من 6 الى 12);فجرا (من 12 الى 6)","صباحا (من 6 الى 12)","طوال اليوم","مساءً (من 6 الى 12);فجرا (من 12 الى 6)","صباحا (من 6 الى 12);مساءً (من 6 الى 12)","صباحا (من 6 الى 12);بعد ظهر (من 12 الى 6);مساءً (من 6 الى 12)","صباحا (من 6 الى 12);مساءً (من 6 الى 12)","مساءً (من 6 الى 12)","طوال اليوم","2","3","أكثر من 5","2","أكثر من 5","1","1","1","1","1","1","3","2","4","أكثر من 5","2","2","1","2","5","أكثر من 5","أكثر من 5","أكثر من 5","4","أكثر من 5","1","2","3","1","1","أكثر من 5","أكثر من 5","1","أكثر من 5","3","1","2","2","2","أكثر من 5"
"2025/11/10 4:20:51 PM GMT+3","السويدي","1000","طوال اليوم","طوال اليوم","طوال اليوم","بعد ظهر (من 12 الى 6);مساءً (من 6 الى 12)","طوال اليوم","صباحا (من 6 الى 12)","صباحا (من 6 الى 12);بعد ظهر (من 12 الى 6);مساءً (من 6 الى 12)","صباحا (من 6 الى 12)","صباحا (من 6 الى 12);مساءً (من 6 الى 12)","صباحا (من 6 الى 12);مساءً (من 6 الى 12)","طوال اليوم","بعد ظهر (من 12 الى 6);مساءً (من 6 الى 12);فجرا (من 12 الى 6)","صباحا (من 6 الى 12)","طوال اليوم","بعد ظهر (من 12 الى 6);مساءً (من 6 الى 12);فجرا (من 12 الى 6)","صباحا (من 6 الى 12)","صباحا (من 6 الى 12)","صباحا (من 6 الى 12)","صباحا (من 6 الى 12)","فجرا (من 12 الى 6)","2","5","4","1","5","1","1","1","1","1","1","3","1","3","1","1","1","1","1","4","أكثر من 5","أكثر من 5","أكثر من 5","3","أكثر من 5","1","1","2","1","1","أكثر من 5","3","1","أكثر من 5","3","1","1","1","1","4"
"2025/11/10 4:21:10 PM GMT+3","لبن","500","طوال اليوم","طوال اليوم","فجرا (من 12 الى 6)","مساءً (من 6 الى 12)","مساءً (من 6 الى 12)","بعد ظهر (من 12 الى 6)","بعد ظهر (من 12 الى 6)","صباحا (من 6 الى 12)","بعد ظهر (من 12 الى 6)","مساءً (من 6 الى 12)","طوال اليوم","مساءً (من 6 الى 12)","بعد ظهر (من 12 الى 6)","فجرا (من 12 الى 6)","مساءً (من 6 الى 12)","صباحا (من 6 الى 12)","مساءً (من 6 الى 12)","مساءً (من 6 الى 12)","بعد ظهر (من 12 الى 6)","بعد ظهر (من 12 الى 6)","1","1","3","1","أكثر من 5","1","1","2","1","1","1","1","1","1","3","1","1","1","2","4","أكثر من 5","أكثر من 5","أكثر من 5","3","5","1","2","2","2","1","أكثر من 5","3","1","4","أكثر من 5","1","1","2","1","أكثر من 5"
"2025/11/10 5:08:03 PM GMT+3","‏المدينة جديدة","1000","صباحا (من 6 الى 12);بعد ظهر (من 12 الى 6);فجرا (من 12 الى 6)","صباحا (من 6 الى 12)","صباحا (من 6 الى 12);فجرا (من 12 الى 6)","صباحا (من 6 الى 12);فجرا (من 12 الى 6)","صباحا (من 6 الى 12);فجرا (من 12 الى 6)","صباحا (من 6 الى 12);مساءً (من 6 الى 12)","صباحا (من 6 الى 12);مساءً (من 6 الى 12)","صباحا (من 6 الى 12);مساءً (من 6 الى 12)","صباحا (من 6 الى 12)","صباحا (من 6 الى 12);مساءً (من 6 الى 12)","صباحا (من 6 الى 12)","صباحا (من 6 الى 12);مساءً (من 6 الى 12)","بعد ظهر (من 12 الى 6);فجرا (من 12 الى 6)","صباحا (من 6 الى 12);بعد ظهر (من 12 الى 6);مساءً (من 6 الى 12);فجرا (من 12 الى 6)","مساءً (من 6 الى 12);فجرا (من 12 الى 6)","صباحا (من 6 الى 12);بعد ظهر (من 12 الى 6);مساءً (من 6 الى 12)","مساءً (من 6 الى 12)","صباحا (من 6 الى 12);فجرا (من 12 الى 6)","مساءً (من 6 الى 12)","صباحا (من 6 الى 12);مساءً (من 6 الى 12);فجرا (من 12 الى 6)","2","2","2","2","2","2","2","2","2","2","2","3","1","3","2","2","2","2","3","2","2","2","3","2","4","2","4","2","2","2","2","2","2","2","2","2","2","2","2","2"
"2025/11/10 5:08:05 PM GMT+3","المربع","700","طوال اليوم","طوال اليوم","صباحا (من 6 الى 12);بعد ظهر (من 12 الى 6);مساءً (من 6 الى 12)","بعد ظهر (من 12 الى 6);مساءً (من 6 الى 12)","مساءً (من 6 الى 12);فجرا (من 12 الى 6)","بعد ظهر (من 12 الى 6);مساءً (من 6 الى 12)","بعد ظهر (من 12 الى 6);مساءً (من 6 الى 12)","بعد ظهر (من 12 الى 6);مساءً (من 6 الى 12)","مساءً (من 6 الى 12)","بعد ظهر (من 12 الى 6);مساءً (من 6 الى 12)","طوال اليوم","مساءً (من 6 الى 12);فجرا (من 12 الى 6)","صباحا (من 6 الى 12);فجرا (من 12 الى 6)","طوال اليوم","بعد ظهر (من 12 الى 6);مساءً (من 6 الى 12)","مساءً (من 6 الى 12)","صباحا (من 6 الى 12);مساءً (من 6 الى 12)","صباحا (من 6 الى 12);مساءً (من 6 الى 12)","بعد ظهر (من 12 الى 6);مساءً (من 6 الى 12)","صباحا (من 6 الى 12);بعد ظهر (من 12 الى 6);مساءً (من 6 الى 12)","1","1","4","1","أكثر من 5","1","1","1","1","1","1","1","1","1","3","1","1","1","1","2","أكثر من 5","أكثر من 5","أكثر من 5","5","أكثر من 5","1","1","2","2","1","أكثر من 5","5","1","أكثر من 5","3","1","1","1","1","أكثر من 5"
"2025/11/10 5:08:23 PM GMT+3","النهضه","450-700","طوال اليوم","طوال اليوم","بعد ظهر (من 12 الى 6);فجرا (من 12 الى 6)","صباحا (من 6 الى 12);بعد ظهر (من 12 الى 6);مساءً (من 6 الى 12)","مساءً (من 6 الى 12);فجرا (من 12 الى 6)","بعد ظهر (من 12 الى 6)","بعد ظهر (من 12 الى 6)","طوال اليوم","مساءً (من 6 الى 12)","صباحا (من 6 الى 12)","طوال اليوم","صباحا (من 6 الى 12);مساءً (من 6 الى 12);فجرا (من 12 الى 6)","صباحا (من 6 الى 12);مساءً (من 6 الى 12)","طوال اليوم","صباحا (من 6 الى 12)","صباحا (من 6 الى 12)","طوال اليوم","صباحا (من 6 الى 12);مساءً (من 6 الى 12)","بعد ظهر (من 12 الى 6)","بعد ظهر (من 12 الى 6);مساءً (من 6 الى 12);فجرا (من 12 الى 6)","2","3","أكثر من 5","1","1","1","1","1","1","1","1","1","1","1","1","1","1","1","1","1","أكثر من 5","أكثر من 5","أكثر من 5","أكثر من 5","أكثر من 5","أكثر من 5","أكثر من 5","أكثر من 5","أكثر من 5","أكثر من 5","أكثر من 5","أكثر من 5","أكثر من 5","أكثر من 5","أكثر من 5","أكثر من 5","أكثر من 5","أكثر من 5","أكثر من 5","أكثر من 5"
"2025/11/10 5:09:56 PM GMT+3","المهندسي","500","طوال اليوم","طوال اليوم","مساءً (من 6 الى 12);فجرا (من 12 الى 6)","مساءً (من 6 الى 12)","مساءً (من 6 الى 12);فجرا (من 12 الى 6)","بعد ظهر (من 12 الى 6)","بعد ظهر (من 12 الى 6);فجرا (من 12 الى 6)","فجرا (من 12 الى 6)","فجرا (من 12 الى 6)","بعد ظهر (من 12 الى 6)","طوال اليوم","فجرا (من 12 الى 6)","فجرا (من 12 الى 6)","طوال اليوم","صباحا (من 6 الى 12)","صباحا (من 6 الى 12)","بعد ظهر (من 12 الى 6);فجرا (من 12 الى 6)","بعد ظهر (من 12 الى 6);فجرا (من 12 الى 6)","بعد ظهر (من 12 الى 6);فجرا (من 12 الى 6)","صباحا (من 6 الى 12);بعد ظهر (من 12 الى 6);فجرا (من 12 الى 6)","1","2","4","2","أكثر من 5","1","1","1","1","1","1","1","2","2","1","1","1","1","3","2","أكثر من 5","أكثر من 5","5","4","أكثر من 5","1","1","1","1","1","1","1","1","أكثر من 5","1","1","1","1","1","أكثر من 5"
"2025/11/10 5:10:37 PM GMT+3","حي الريان بشرق الرياض ","500","صباحا (من 6 الى 12);بعد ظهر (من 12 الى 6);مساءً (من 6 الى 12);فجرا (من 12 الى 6)","صباحا (من 6 الى 12);بعد ظهر (من 12 الى 6);مساءً (من 6 الى 12);فجرا (من 12 الى 6)","صباحا (من 6 الى 12);بعد ظهر (من 12 الى 6);مساءً (من 6 الى 12);فجرا (من 12 الى 6)","صباحا (من 6 الى 12);بعد ظهر (من 12 الى 6);مساءً (من 6 الى 12);فجرا (من 12 الى 6)","صباحا (من 6 الى 12);بعد ظهر (من 12 الى 6);مساءً (من 6 الى 12);فجرا (من 12 الى 6)","بعد ظهر (من 12 الى 6)","مساءً (من 6 الى 12)","بعد ظهر (من 12 الى 6);مساءً (من 6 الى 12)","صباحا (من 6 الى 12)","بعد ظهر (من 12 الى 6)","صباحا (من 6 الى 12);بعد ظهر (من 12 الى 6);مساءً (من 6 الى 12);فجرا (من 12 الى 6)","صباحا (من 6 الى 12);مساءً (من 6 الى 12)","بعد ظهر (من 12 الى 6)","صباحا (من 6 الى 12);بعد ظهر (من 12 الى 6);مساءً (من 6 الى 12);فجرا (من 12 الى 6)","صباحا (من 6 الى 12)","صباحا (من 6 الى 12);مساءً (من 6 الى 12)","صباحا (من 6 الى 12);بعد ظهر (من 12 الى 6);مساءً (من 6 الى 12)","صباحا (من 6 الى 12);بعد ظهر (من 12 الى 6);مساءً (من 6 الى 12);فجرا (من 12 الى 6)","صباحا (من 6 الى 12);بعد ظهر (من 12 الى 6);مساءً (من 6 الى 12);فجرا (من 12 الى 6)","صباحا (من 6 الى 12);مساءً (من 6 الى 12)","2","1","4","2","4","1","1","1","1","1","1","2","1","2","1","1","1","1","1","1","4","4","4","4","4","2","2","4","1","2","4","4","2","4","1","1","2","2","2","1"
"2025/11/10 5:13:38 PM GMT+3","السحاب ","900","طوال اليوم","طوال اليوم","مساءً (من 6 الى 12);فجرا (من 12 الى 6)","بعد ظهر (من 12 الى 6)","مساءً (من 6 الى 12)","بعد ظهر (من 12 الى 6)","بعد ظهر (من 12 الى 6);مساءً (من 6 الى 12)","بعد ظهر (من 12 الى 6);مساءً (من 6 الى 12)","مساءً (من 6 الى 12)","بعد ظهر (من 12 الى 6);مساءً (من 6 الى 12)","طوال اليوم","صباحا (من 6 الى 12);فجرا (من 12 الى 6)","صباحا (من 6 الى 12)","طوال اليوم","صباحا (من 6 الى 12)","صباحا (من 6 الى 12)","طوال اليوم","صباحا (من 6 الى 12)","بعد ظهر (من 12 الى 6);مساءً (من 6 الى 12)","صباحا (من 6 الى 12);بعد ظهر (من 12 الى 6);مساءً (من 6 الى 12);فجرا (من 12 الى 6)","1","2","أكثر من 5","3","أكثر من 5","1","1","1","1","1","1","4","1","3","1","1","1","1","1","1","أكثر من 5","أكثر من 5","أكثر من 5","5","أكثر من 5","1","1","3","1","2","أكثر من 5","4","1","أكثر من 5","1","1","1","1","1","أكثر من 5"
"2025/11/10 5:14:43 PM GMT+3","مشرف","2500","طوال اليوم","طوال اليوم","طوال اليوم","طوال اليوم","فجرا (من 12 الى 6)","مساءً (من 6 الى 12)","بعد ظهر (من 12 الى 6)","مساءً (من 6 الى 12)","مساءً (من 6 الى 12)","فجرا (من 12 الى 6)","طوال اليوم","بعد ظهر (من 12 الى 6)","فجرا (من 12 الى 6)","طوال اليوم","بعد ظهر (من 12 الى 6)","بعد ظهر (من 12 الى 6)","مساءً (من 6 الى 12)","طوال اليوم","بعد ظهر (من 12 الى 6)","فجرا (من 12 الى 6)","1","2","أكثر من 5","3","أكثر من 5","1","2","1","1","1","1","2","2","أكثر من 5","1","1","1","1","1","4","أكثر من 5","أكثر من 5","أكثر من 5","أكثر من 5","أكثر من 5","1","2","3","1","1","أكثر من 5","1","1","4","1","1","1","1","1","4"
"2025/11/10 5:16:12 PM GMT+3","المنتزة","500","طوال اليوم","طوال اليوم","مساءً (من 6 الى 12);فجرا (من 12 الى 6)","مساءً (من 6 الى 12)","بعد ظهر (من 12 الى 6);مساءً (من 6 الى 12)","مساءً (من 6 الى 12)","بعد ظهر (من 12 الى 6)","مساءً (من 6 الى 12)","مساءً (من 6 الى 12)","مساءً (من 6 الى 12)","طوال اليوم","مساءً (من 6 الى 12)","مساءً (من 6 الى 12)","مساءً (من 6 الى 12)","مساءً (من 6 الى 12);فجرا (من 12 الى 6)","صباحا (من 6 الى 12)","صباحا (من 6 الى 12);مساءً (من 6 الى 12)","صباحا (من 6 الى 12);مساءً (من 6 الى 12)","مساءً (من 6 الى 12)","مساءً (من 6 الى 12)","1","1","5","2","أكثر من 5","1","1","1","1","1","1","1","1","3","1","1","1","1","1","2","أكثر من 5","أكثر من 5","أكثر من 5","أكثر من 5","أكثر من 5","1","2","2","1","1","أكثر من 5","1","1","أكثر من 5","1","1","1","1","1","5"
"2025/11/10 5:29:46 PM GMT+3","الرياض حي الزهرة","١٠٠٠","طوال اليوم","طوال اليوم","بعد ظهر (من 12 الى 6)","مساءً (من 6 الى 12)","بعد ظهر (من 12 الى 6);مساءً (من 6 الى 12)","مساءً (من 6 الى 12)","مساءً (من 6 الى 12)","مساءً (من 6 الى 12)","مساءً (من 6 الى 12)","صباحا (من 6 الى 12)","طوال اليوم","مساءً (من 6 الى 12);فجرا (من 12 الى 6)","مساءً (من 6 الى 12)","طوال اليوم","بعد ظهر (من 12 الى 6)","صباحا (من 6 الى 12)","بعد ظهر (من 12 الى 6)","صباحا (من 6 الى 12)","بعد ظهر (من 12 الى 6)","طوال اليوم","2","2","أكثر من 5","2","أكثر من 5","1","1","1","1","2","2","5","2","3","3","1","1","1","1","2","أكثر من 5","أكثر من 5","أكثر من 5","5","أكثر من 5","1","3","2","2","1","أكثر من 5","4","2","2","1","1","1","1","1","5"
"2025/11/10 5:40:00 PM GMT+3","الفيحاء","٨٠٠-١٢٠٠","طوال اليوم","طوال اليوم","صباحا (من 6 الى 12);مساءً (من 6 الى 12);فجرا (من 12 الى 6)","بعد ظهر (من 12 الى 6);مساءً (من 6 الى 12)","صباحا (من 6 الى 12);مساءً (من 6 الى 12);فجرا (من 12 الى 6)","صباحا (من 6 الى 12);مساءً (من 6 الى 12)","صباحا (من 6 الى 12);مساءً (من 6 الى 12)","صباحا (من 6 الى 12)","صباحا (من 6 الى 12)","صباحا (من 6 الى 12)","صباحا (من 6 الى 12);طوال اليوم","مساءً (من 6 الى 12)","صباحا (من 6 الى 12)","صباحا (من 6 الى 12);طوال اليوم","صباحا (من 6 الى 12)","صباحا (من 6 الى 12)","صباحا (من 6 الى 12)","صباحا (من 6 الى 12)","صباحا (من 6 الى 12)","صباحا (من 6 الى 12)","1","2","4","1","أكثر من 5","1","1","1","1","1","1","1","1","2","2","1","1","1","1","3","أكثر من 5","أكثر من 5","4","4","4","4","4","4","4","4","أكثر من 5","4","4","4","4","4","4","4","4","4"
"2025/11/10 5:42:31 PM GMT+3","خنشليله ","٤٠٠","صباحا (من 6 الى 12);بعد ظهر (من 12 الى 6);مساءً (من 6 الى 12);فجرا (من 12 الى 6)","صباحا (من 6 الى 12);بعد ظهر (من 12 الى 6);مساءً (من 6 الى 12);فجرا (من 12 الى 6)","مساءً (من 6 الى 12);فجرا (من 12 الى 6)","مساءً (من 6 الى 12)","مساءً (من 6 الى 12)","مساءً (من 6 الى 12)","صباحا (من 6 الى 12)","بعد ظهر (من 12 الى 6)","صباحا (من 6 الى 12)","مساءً (من 6 الى 12)","صباحا (من 6 الى 12);بعد ظهر (من 12 الى 6);مساءً (من 6 الى 12);فجرا (من 12 الى 6)","صباحا (من 6 الى 12)","بعد ظهر (من 12 الى 6)","صباحا (من 6 الى 12);بعد ظهر (من 12 الى 6);مساءً (من 6 الى 12);فجرا (من 12 الى 6)","صباحا (من 6 الى 12)","صباحا (من 6 الى 12)","صباحا (من 6 الى 12)","صباحا (من 6 الى 12)","صباحا (من 6 الى 12)","مساءً (من 6 الى 12)","1","1","4","1","4","1","1","1","1","1","1","1","1","2","1","1","1","1","1","1","أكثر من 5","أكثر من 5","أكثر من 5","4","أكثر من 5","3","1","2","1","1","أكثر من 5","1","1","أكثر من 5","1","1","1","1","1","1"
"2025/11/10 5:53:42 PM GMT+3","الورود ","1500","طوال اليوم","طوال اليوم","طوال اليوم","طوال اليوم","طوال اليوم","بعد ظهر (من 12 الى 6);مساءً (من 6 الى 12)","بعد ظهر (من 12 الى 6);مساءً (من 6 الى 12)","مساءً (من 6 الى 12)","طوال اليوم","صباحا (من 6 الى 12);بعد ظهر (من 12 الى 6);مساءً (من 6 الى 12)","طوال اليوم","مساءً (من 6 الى 12);فجرا (من 12 الى 6)","فجرا (من 12 الى 6)","طوال اليوم","بعد ظهر (من 12 الى 6);مساءً (من 6 الى 12);فجرا (من 12 الى 6)","صباحا (من 6 الى 12);بعد ظهر (من 12 الى 6);مساءً (من 6 الى 12)","صباحا (من 6 الى 12);بعد ظهر (من 12 الى 6);مساءً (من 6 الى 12)","صباحا (من 6 الى 12);بعد ظهر (من 12 الى 6);مساءً (من 6 الى 12)","مساءً (من 6 الى 12)","طوال اليوم","1","1","أكثر من 5","5","أكثر من 5","1","1","2","1","1","1","5","1","أكثر من 5","1","1","3","1","1","أكثر من 5","أكثر من 5","أكثر من 5","3","أكثر من 5","أكثر من 5","2","1","1","3","2","3","3","1","1","1","1","4","2","1","أكثر من 5"
"2025/11/10 6:19:22 PM GMT+3","العزيزية ","850","","","","","","","","","","","","","","","","","","","","","2","2","3","","4","2","2","1","1","1","1","1","1","1","1","","","","","4","4","4","2","","4","1","2","","","","3","","","","","","1","","","3"
"2025/11/10 6:27:13 PM GMT+3","الخزامى","500","طوال اليوم","","طوال اليوم","بعد ظهر (من 12 الى 6);مساءً (من 6 الى 12)","صباحا (من 6 الى 12);بعد ظهر (من 12 الى 6);مساءً (من 6 الى 12)","صباحا (من 6 الى 12)","صباحا (من 6 الى 12);بعد ظهر (من 12 الى 6);مساءً (من 6 الى 12)","بعد ظهر (من 12 الى 6)","فجرا (من 12 الى 6)","بعد ظهر (من 12 الى 6)","","مساءً (من 6 الى 12)","بعد ظهر (من 12 الى 6)","طوال اليوم","","","صباحا (من 6 الى 12);بعد ظهر (من 12 الى 6);مساءً (من 6 الى 12)","صباحا (من 6 الى 12)","بعد ظهر (من 12 الى 6)","","1","1","3","1","أكثر من 5","1","1","1","1","1","","1","2","3","","1","1","1","1","1","أكثر من 5","أكثر من 5","أكثر من 5","أكثر من 5","أكثر من 5","1","2","2","2","1","","أكثر من 5","2","أكثر من 5","","1","1","1","1","1"
"2025/11/10 6:27:40 PM GMT+3","حي السلام  ","١٠٠٠ ريال تقريبا ","طوال اليوم","طوال اليوم","بعد ظهر (من 12 الى 6)","","طوال اليوم","","","","","","","","","","طوال اليوم","","","","","","1","1","3","","أكثر من 5","","2","1","","","","","1","2","3","","","","2","","أكثر من 5","أكثر من 5","أكثر من 5","","أكثر من 5","","1","5","","","","","4","أكثر من 5","أكثر من 5","","","","1",""
"2025/11/10 6:27:52 PM GMT+3","الدهيمية","500000000","صباحا (من 6 الى 12);مساءً (من 6 الى 12)","صباحا (من 6 الى 12);بعد ظهر (من 12 الى 6);مساءً (من 6 الى 12)","صباحا (من 6 الى 12);مساءً (من 6 الى 12)","صباحا (من 6 الى 12);مساءً (من 6 الى 12)","صباحا (من 6 الى 12);مساءً (من 6 الى 12)","صباحا (من 6 الى 12);بعد ظهر (من 12 الى 6);مساءً (من 6 الى 12)","صباحا (من 6 الى 12)","صباحا (من 6 الى 12);مساءً (من 6 الى 12);فجرا (من 12 الى 6)","صباحا (من 6 الى 12);بعد ظهر (من 12 الى 6);فجرا (من 12 الى 6)","بعد ظهر (من 12 الى 6);مساءً (من 6 الى 12)","صباحا (من 6 الى 12);مساءً (من 6 الى 12)","صباحا (من 6 الى 12);مساءً (من 6 الى 12)","صباحا (من 6 الى 12);مساءً (من 6 الى 12)","صباحا (من 6 الى 12)","صباحا (من 6 الى 12);بعد ظهر (من 12 الى 6);مساءً (من 6 الى 12)","صباحا (من 6 الى 12)","صباحا (من 6 الى 12);فجرا (من 12 الى 6)","طوال اليوم","طوال اليوم","طوال اليوم","3","3","2","2","3","4","3","4","3","4","4","4","4","4","4","4","4","4","4","4","4","أكثر من 5","أكثر من 5","أكثر من 5","أكثر من 5","أكثر من 5","أكثر من 5","أكثر من 5","أكثر من 5","أكثر من 5","أكثر من 5","أكثر من 5","أكثر من 5","أكثر من 5","أكثر من 5","أكثر من 5","أكثر من 5","أكثر من 5","أكثر من 5","أكثر من 5"
"2025/11/10 6:28:11 PM GMT+3","غرناطة ","300","طوال اليوم","طوال اليوم","بعد ظهر (من 12 الى 6);مساءً (من 6 الى 12)","","مساءً (من 6 الى 12);فجرا (من 12 الى 6)","صباحا (من 6 الى 12)","صباحا (من 6 الى 12);بعد ظهر (من 12 الى 6)","مساءً (من 6 الى 12)","مساءً (من 6 الى 12)","مساءً (من 6 الى 12)","","فجرا (من 12 الى 6)","مساءً (من 6 الى 12)","بعد ظهر (من 12 الى 6);مساءً (من 6 الى 12);فجرا (من 12 الى 6)","","صباحا (من 6 الى 12)","صباحا (من 6 الى 12)","صباحا (من 6 الى 12)","صباحا (من 6 الى 12)","صباحا (من 6 الى 12)","1","","5","1","5","","1","1","1","1","","3","1","2","","1","1","","1","1","أكثر من 5","أكثر من 5","5","1","أكثر من 5","1","1","1","1","1","","1","","1","","1","1","1","1","1"
"2025/11/10 6:30:26 PM GMT+3","المرجانية ","500","طوال اليوم","","صباحا (من 6 الى 12);مساءً (من 6 الى 12);فجرا (من 12 الى 6)","بعد ظهر (من 12 الى 6);مساءً (من 6 الى 12)","طوال اليوم","بعد ظهر (من 12 الى 6)","","صباحا (من 6 الى 12)","","بعد ظهر (من 12 الى 6)","","","بعد ظهر (من 12 الى 6)","","","صباحا (من 6 الى 12)","","","","مساءً (من 6 الى 12)","1","","2","1","3","1","","1","","1","","","1","1","","","1","","","","أكثر من 5","","4","1","أكثر من 5","","","1","","1","","","1","","","","1","","",""
"2025/11/10 6:30:41 PM GMT+3","النسيم الغربي","900","طوال اليوم","طوال اليوم","صباحا (من 6 الى 12)","بعد ظهر (من 12 الى 6);مساءً (من 6 الى 12)","بعد ظهر (من 12 الى 6);مساءً (من 6 الى 12)","","بعد ظهر (من 12 الى 6)","مساءً (من 6 الى 12)","فجرا (من 12 الى 6)","مساءً (من 6 الى 12)","طوال اليوم","مساءً (من 6 الى 12)","صباحا (من 6 الى 12)","صباحا (من 6 الى 12);فجرا (من 12 الى 6)","مساءً (من 6 الى 12)","صباحا (من 6 الى 12);بعد ظهر (من 12 الى 6)","صباحا (من 6 الى 12);بعد ظهر (من 12 الى 6)","","بعد ظهر (من 12 الى 6)","بعد ظهر (من 12 الى 6);مساءً (من 6 الى 12);فجرا (من 12 الى 6)","2","1","أكثر من 5","1","أكثر من 5","","1","1","1","1","1","1","1","2","3","1","1","","1","4","أكثر من 5","أكثر من 5","أكثر من 5","أكثر من 5","أكثر من 5","","1","4","2","1","أكثر من 5","1","1","4","أكثر من 5","1","1","","1","أكثر من 5"
"2025/11/10 6:34:32 PM GMT+3","الخالدية ","500","طوال اليوم","طوال اليوم","مساءً (من 6 الى 12)","مساءً (من 6 الى 12)","مساءً (من 6 الى 12)","مساءً (من 6 الى 12)","مساءً (من 6 الى 12)","مساءً (من 6 الى 12)","مساءً (من 6 الى 12)","مساءً (من 6 الى 12)","طوال اليوم","مساءً (من 6 الى 12)","مساءً (من 6 الى 12)","طوال اليوم","مساءً (من 6 الى 12)","مساءً (من 6 الى 12)","مساءً (من 6 الى 12)","مساءً (من 6 الى 12)","مساءً (من 6 الى 12)","مساءً (من 6 الى 12)","1","","4","2","4","1","1","1","1","","1","1","1","4","1","1","1","1","","1","4","4","4","4","4","1","1","1","1","1","4","1","1","4","1","1","1","1","1","1"
"2025/11/10 6:35:24 PM GMT+3","الريان","٢٠٠","طوال اليوم","طوال اليوم","بعد ظهر (من 12 الى 6)","مساءً (من 6 الى 12)","مساءً (من 6 الى 12)","بعد ظهر (من 12 الى 6)","بعد ظهر (من 12 الى 6)","مساءً (من 6 الى 12)","","","مساءً (من 6 الى 12)","","فجرا (من 12 الى 6)","مساءً (من 6 الى 12)","","","مساءً (من 6 الى 12)","","بعد ظهر (من 12 الى 6)","مساءً (من 6 الى 12)","1","1","3","1","5","1","1","1","","","1","","1","1","","","1","","1","2","أكثر من 5","أكثر من 5","4","5","أكثر من 5","1","1","4","","","3","","1","2","","","1","","1","5"
"2025/11/10 6:38:36 PM GMT+3","حي الجامعة ","فاتورة ثابته ١٥٠","طوال اليوم","طوال اليوم","طوال اليوم","صباحا (من 6 الى 12);بعد ظهر (من 12 الى 6);مساءً (من 6 الى 12)","طوال اليوم","صباحا (من 6 الى 12);بعد ظهر (من 12 الى 6);مساءً (من 6 الى 12)","صباحا (من 6 الى 12);بعد ظهر (من 12 الى 6);مساءً (من 6 الى 12)","صباحا (من 6 الى 12)","بعد ظهر (من 12 الى 6);مساءً (من 6 الى 12)","صباحا (من 6 الى 12);بعد ظهر (من 12 الى 6)","","","صباحا (من 6 الى 12);بعد ظهر (من 12 الى 6)","طوال اليوم","","صباحا (من 6 الى 12);بعد ظهر (من 12 الى 6);مساءً (من 6 الى 12)","صباحا (من 6 الى 12);بعد ظهر (من 12 الى 6);مساءً (من 6 الى 12)","","بعد ظهر (من 12 الى 6);مساءً (من 6 الى 12)","","1","1","4","2","أكثر من 5","1","1","1","","1","","","1","4","","1","1","","1","","أكثر من 5","أكثر من 5","أكثر من 5","أكثر من 5","أكثر من 5","1","4","2","","2","","","2","أكثر من 5","","1","2","","1",""
"2025/11/10 6:39:13 PM GMT+3","حي السلام","٨٠٠","طوال اليوم","طوال اليوم","طوال اليوم","","طوال اليوم","","","بعد ظهر (من 12 الى 6)","","","","","","","طوال اليوم","","","","","","1","1","4","","أكثر من 5","1","2","1","","","","","1","2","3","","","","1","","أكثر من 5","أكثر من 5","أكثر من 5","","أكثر من 5","","1","3","","","","","1","3","أكثر من 5","","","","1",""
"2025/11/10 6:39:36 PM GMT+3","حي السلام ","١٠٠","طوال اليوم","","بعد ظهر (من 12 الى 6)","مساءً (من 6 الى 12)","طوال اليوم","","","","","","","","","","فجرا (من 12 الى 6)","فجرا (من 12 الى 6)","فجرا (من 12 الى 6)","صباحا (من 6 الى 12)","","فجرا (من 12 الى 6)","1","","2","1","3","1","1","","","","","1","","","1","1","1","1","","1","أكثر من 5","","","أكثر من 5","أكثر من 5","","2","","","","","1","","1","أكثر من 5","3","1","1","","أكثر من 5"
"2025/11/10 6:39:59 PM GMT+3","الريان","200","طوال اليوم","طوال اليوم","مساءً (من 6 الى 12);فجرا (من 12 الى 6)","","طوال اليوم","فجرا (من 12 الى 6)","فجرا (من 12 الى 6)","بعد ظهر (من 12 الى 6)","","","","","","","طوال اليوم","","بعد ظهر (من 12 الى 6);فجرا (من 12 الى 6)","","","طوال اليوم","1","1","1","","أكثر من 5","","1","1","","","","","","1","1","","1","","","1","أكثر من 5","أكثر من 5","أكثر من 5","","","2","1","","","","","","","","أكثر من 5","","2","","","أكثر من 5"
"2025/11/10 6:40:00 PM GMT+3","الورود","٥٠٠","طوال اليوم","طوال اليوم","مساءً (من 6 الى 12);فجرا (من 12 الى 6)","مساءً (من 6 الى 12);فجرا (من 12 الى 6)","مساءً (من 6 الى 12);فجرا (من 12 الى 6)","","مساءً (من 6 الى 12)","مساءً (من 6 الى 12)","مساءً (من 6 الى 12)","مساءً (من 6 الى 12)","","مساءً (من 6 الى 12);فجرا (من 12 الى 6)","مساءً (من 6 الى 12)","طوال اليوم","","مساءً (من 6 الى 12)","مساءً (من 6 الى 12)","مساءً (من 6 الى 12)","مساءً (من 6 الى 12)","مساءً (من 6 الى 12);فجرا (من 12 الى 6)","2","1","5","1","أكثر من 5","1","1","1","1","1","","2","1","4","","1","1","1","1","4","أكثر من 5","أكثر من 5","أكثر من 5","1","أكثر من 5","1","1","1","1","1","","2","1","5","1","1","1","1","1","5"
"2025/11/10 6:45:23 PM GMT+3","إسكان أعضاء هيئة التدريس بجامعة الأمير سطام بن عبدالعزيز","250","طوال اليوم","طوال اليوم","","","مساءً (من 6 الى 12)","","مساءً (من 6 الى 12)","","","","","","","مساءً (من 6 الى 12)","","","مساءً (من 6 الى 12)","","","مساءً (من 6 الى 12)","1","1","4","1","4","","1","1","","1","","","1","1","","","1","","","1","أكثر من 5","أكثر من 5","2","","4","","1","","","","","","1","2","","","1","","","4"
"2025/11/10 6:45:40 PM GMT+3","الخالدية","٦٠٠","طوال اليوم","بعد ظهر (من 12 الى 6);طوال اليوم","صباحا (من 6 الى 12);مساءً (من 6 الى 12);فجرا (من 12 الى 6)","صباحا (من 6 الى 12);بعد ظهر (من 12 الى 6)","صباحا (من 6 الى 12);بعد ظهر (من 12 الى 6);مساءً (من 6 الى 12)","صباحا (من 6 الى 12)","صباحا (من 6 الى 12)","صباحا (من 6 الى 12);بعد ظهر (من 12 الى 6)","صباحا (من 6 الى 12)","صباحا (من 6 الى 12)","صباحا (من 6 الى 12)","مساءً (من 6 الى 12);فجرا (من 12 الى 6)","صباحا (من 6 الى 12)","","","","","","","صباحا (من 6 الى 12);بعد ظهر (من 12 الى 6)","1","","3","1","3","3","1","1","","","","","1","3","2","","","","","1","أكثر من 5","","أكثر من 5","4","أكثر من 5","","","5","","","","أكثر من 5","","4","أكثر من 5","","","","","أكثر من 5"
"2025/11/10 6:51:03 PM GMT+3","النسيم","٣٠٠٠","طوال اليوم","طوال اليوم","بعد ظهر (من 12 الى 6)","طوال اليوم","صباحا (من 6 الى 12);بعد ظهر (من 12 الى 6)","طوال اليوم","بعد ظهر (من 12 الى 6)","مساءً (من 6 الى 12)","","صباحا (من 6 الى 12)","","","صباحا (من 6 الى 12)","طوال اليوم","","صباحا (من 6 الى 12)","طوال اليوم","","صباحا (من 6 الى 12)","مساءً (من 6 الى 12)","3","2","أكثر من 5","أكثر من 5","أكثر من 5","2","2","4","","2","","","2","أكثر من 5","","2","3","2","2","1","أكثر من 5","أكثر من 5","أكثر من 5","أكثر من 5","أكثر من 5","2","2","5","","3","","","2","أكثر من 5","","2","أكثر من 5","1","1","أكثر من 5"
"2025/11/10 6:54:40 PM GMT+3","حي الخزامى","400 ريال تقريبًا","طوال اليوم","طوال اليوم","طوال اليوم","مساءً (من 6 الى 12)","بعد ظهر (من 12 الى 6);مساءً (من 6 الى 12)","بعد ظهر (من 12 الى 6)","بعد ظهر (من 12 الى 6)","مساءً (من 6 الى 12)","","مساءً (من 6 الى 12)","طوال اليوم","مساءً (من 6 الى 12)","مساءً (من 6 الى 12);فجرا (من 12 الى 6)","طوال اليوم","","فجرا (من 12 الى 6)","طوال اليوم","مساءً (من 6 الى 12);فجرا (من 12 الى 6)","بعد ظهر (من 12 الى 6)","مساءً (من 6 الى 12);فجرا (من 12 الى 6)","1","1","5","2","أكثر من 5","1","1","1","","1","1","2","1","","3","1","1","1","1","1","أكثر من 5","أكثر من 5","أكثر من 5","1","أكثر من 5","1","1","أكثر من 5","","1","أكثر من 5","1","1","أكثر من 5","","1","1","1","1","2"
"2025/11/10 6:55:53 PM GMT+3","السلمانية الخرج ","١٢٠","طوال اليوم","طوال اليوم","بعد ظهر (من 12 الى 6)","مساءً (من 6 الى 12)","بعد ظهر (من 12 الى 6);مساءً (من 6 الى 12)","مساءً (من 6 الى 12)","","مساءً (من 6 الى 12)","","بعد ظهر (من 12 الى 6)","صباحا (من 6 الى 12);بعد ظهر (من 12 الى 6);مساءً (من 6 الى 12)","مساءً (من 6 الى 12)","فجرا (من 12 الى 6)","طوال اليوم","","","","","فجرا (من 12 الى 6)","طوال اليوم","1","1","2","1","أكثر من 5","1","","1","","1","1","","1","1","","","","","","2","أكثر من 5","أكثر من 5","أكثر من 5","أكثر من 5","أكثر من 5","3","","4","","4","4","","4","أكثر من 5","","","","","","أكثر من 5"
"2025/11/10 6:57:07 PM GMT+3","الملقا","1200","طوال اليوم","طوال اليوم","طوال اليوم","صباحا (من 6 الى 12);بعد ظهر (من 12 الى 6);مساءً (من 6 الى 12)","صباحا (من 6 الى 12);بعد ظهر (من 12 الى 6);مساءً (من 6 الى 12)","صباحا (من 6 الى 12);بعد ظهر (من 12 الى 6);مساءً (من 6 الى 12)","طوال اليوم","صباحا (من 6 الى 12);بعد ظهر (من 12 الى 6);مساءً (من 6 الى 12)","صباحا (من 6 الى 12);مساءً (من 6 الى 12)","صباحا (من 6 الى 12)","طوال اليوم","","صباحا (من 6 الى 12);مساءً (من 6 الى 12)","طوال اليوم","","","صباحا (من 6 الى 12)","","","طوال اليوم","1","1","أكثر من 5","1","أكثر من 5","1","1","1","1","1","1","1","1","3","","","1","","1","4","أكثر من 5","أكثر من 5","أكثر من 5","أكثر من 5","أكثر من 5","1","4","أكثر من 5","4","1","أكثر من 5","1","3","أكثر من 5","","","2","","1","4"
"2025/11/10 7:04:31 PM GMT+3","الريان ","٣٠٠","صباحا (من 6 الى 12);بعد ظهر (من 12 الى 6);مساءً (من 6 الى 12)","صباحا (من 6 الى 12);بعد ظهر (من 12 الى 6);مساءً (من 6 الى 12)","صباحا (من 6 الى 12);مساءً (من 6 الى 12)","بعد ظهر (من 12 الى 6)","مساءً (من 6 الى 12)","بعد ظهر (من 12 الى 6)","بعد ظهر (من 12 الى 6)","مساءً (من 6 الى 12)","بعد ظهر (من 12 الى 6);مساءً (من 6 الى 12)","بعد ظهر (من 12 الى 6)","","بعد ظهر (من 12 الى 6);مساءً (من 6 الى 12)","بعد ظهر (من 12 الى 6)","صباحا (من 6 الى 12);بعد ظهر (من 12 الى 6);مساءً (من 6 الى 12)","","","صباحا (من 6 الى 12);بعد ظهر (من 12 الى 6)","صباحا (من 6 الى 12)","بعد ظهر (من 12 الى 6);مساءً (من 6 الى 12)","صباحا (من 6 الى 12);بعد ظهر (من 12 الى 6);مساءً (من 6 الى 12)","1","1","2","2","3","1","1","2","1","1","","2","1","3","","","1","1","2","1","3","3","3","3","3","3","3","3","3","3","3","3","3","3","3","3","3","3","3","3"
"2025/11/10 7:04:32 PM GMT+3","الخزامى","3000 اتوقع","صباحا (من 6 الى 12);بعد ظهر (من 12 الى 6);مساءً (من 6 الى 12);فجرا (من 12 الى 6)","صباحا (من 6 الى 12);بعد ظهر (من 12 الى 6);مساءً (من 6 الى 12);فجرا (من 12 الى 6)","صباحا (من 6 الى 12);بعد ظهر (من 12 الى 6);مساءً (من 6 الى 12);فجرا (من 12 الى 6)","صباحا (من 6 الى 12);بعد ظهر (من 12 الى 6);مساءً (من 6 الى 12);فجرا (من 12 الى 6)","صباحا (من 6 الى 12);بعد ظهر (من 12 الى 6);مساءً (من 6 الى 12);فجرا (من 12 الى 6)","","","بعد ظهر (من 12 الى 6);مساءً (من 6 الى 12)","","","صباحا (من 6 الى 12);بعد ظهر (من 12 الى 6);مساءً (من 6 الى 12);فجرا (من 12 الى 6)","","صباحا (من 6 الى 12);بعد ظهر (من 12 الى 6)","صباحا (من 6 الى 12);بعد ظهر (من 12 الى 6);مساءً (من 6 الى 12);فجرا (من 12 الى 6)","","","صباحا (من 6 الى 12);بعد ظهر (من 12 الى 6);مساءً (من 6 الى 12);فجرا (من 12 الى 6)","","","","1","1","أكثر من 5","2","أكثر من 5","1","1","2","","","1","","2","","","","1","","","","أكثر من 5","أكثر من 5","أكثر من 5","أكثر من 5","أكثر من 5","","","4","","","أكثر من 5","","","أكثر من 5","","","","","",""
"2025/11/10 7:04:38 PM GMT+3","الروابي الرياض","350","طوال اليوم","طوال اليوم","صباحا (من 6 الى 12);بعد ظهر (من 12 الى 6);مساءً (من 6 الى 12)","","طوال اليوم","","بعد ظهر (من 12 الى 6);مساءً (من 6 الى 12)","بعد ظهر (من 12 الى 6);مساءً (من 6 الى 12)","","صباحا (من 6 الى 12)","","صباحا (من 6 الى 12);بعد ظهر (من 12 الى 6);مساءً (من 6 الى 12);فجرا (من 12 الى 6)","صباحا (من 6 الى 12)","طوال اليوم","","","بعد ظهر (من 12 الى 6);مساءً (من 6 الى 12);فجرا (من 12 الى 6)","صباحا (من 6 الى 12);بعد ظهر (من 12 الى 6)","صباحا (من 6 الى 12);بعد ظهر (من 12 الى 6)","طوال اليوم","1","1","3","1","4","1","1","1","","1","","2","1","3","1","","1","1","1","1","أكثر من 5","أكثر من 5","أكثر من 5","2","أكثر من 5","2","2","2","1","2","أكثر من 5","","","أكثر من 5","1","1","4","3","2","أكثر من 5"
"2025/11/10 7:11:27 PM GMT+3","الخرج","450","طوال اليوم","طوال اليوم","صباحا (من 6 الى 12);فجرا (من 12 الى 6)","مساءً (من 6 الى 12)","بعد ظهر (من 12 الى 6);مساءً (من 6 الى 12)","صباحا (من 6 الى 12)","بعد ظهر (من 12 الى 6);مساءً (من 6 الى 12)","مساءً (من 6 الى 12)","مساءً (من 6 الى 12)","مساءً (من 6 الى 12)","طوال اليوم","مساءً (من 6 الى 12)","فجرا (من 12 الى 6)","طوال اليوم","طوال اليوم","مساءً (من 6 الى 12)","مساءً (من 6 الى 12)","مساءً (من 6 الى 12)","مساءً (من 6 الى 12)","مساءً (من 6 الى 12)","1","1","4","1","أكثر من 5","1","1","1","1","1","1","1","1","2","2","1","1","1","1","1","أكثر من 5","أكثر من 5","أكثر من 5","4","أكثر من 5","1","1","4","1","1","أكثر من 5","2","1","أكثر من 5","أكثر من 5","1","1","1","1","2"
"2025/11/10 7:16:20 PM GMT+3","حي الخزامى","١٧٠٠","طوال اليوم","طوال اليوم","طوال اليوم","مساءً (من 6 الى 12)","مساءً (من 6 الى 12);طوال اليوم","مساءً (من 6 الى 12);فجرا (من 12 الى 6)","بعد ظهر (من 12 الى 6);مساءً (من 6 الى 12);فجرا (من 12 الى 6)","بعد ظهر (من 12 الى 6);فجرا (من 12 الى 6)","بعد ظهر (من 12 الى 6);فجرا (من 12 الى 6)","بعد ظهر (من 12 الى 6);مساءً (من 6 الى 12)","طوال اليوم","مساءً (من 6 الى 12)","طوال اليوم","طوال اليوم","صباحا (من 6 الى 12)","مساءً (من 6 الى 12)","مساءً (من 6 الى 12)","مساءً (من 6 الى 12)","مساءً (من 6 الى 12)","مساءً (من 6 الى 12);طوال اليوم","2","1","5","2","أكثر من 5","1","1","1","1","1","1","2","1","3","3","1","2","1","2","4","","","","","","","","","","","","","","","","","","","",""
"2025/11/10 7:18:05 PM GMT+3","العزيزية ","400","طوال اليوم","طوال اليوم","طوال اليوم","","طوال اليوم","","مساءً (من 6 الى 12)","مساءً (من 6 الى 12);فجرا (من 12 الى 6)","","فجرا (من 12 الى 6)","","","فجرا (من 12 الى 6)","بعد ظهر (من 12 الى 6);مساءً (من 6 الى 12);فجرا (من 12 الى 6)","","","فجرا (من 12 الى 6)","","فجرا (من 12 الى 6)","مساءً (من 6 الى 12);فجرا (من 12 الى 6)","1","1","2","","5","","1","1","","1","1","","1","1","","1","1","","1","","أكثر من 5","أكثر من 5","5","","أكثر من 5","","1","1","","1","","","1","1","","","1","","1",""
"2025/11/10 7:21:18 PM GMT+3","الخالدية","1000","طوال اليوم","طوال اليوم","طوال اليوم","طوال اليوم","مساءً (من 6 الى 12)","صباحا (من 6 الى 12);بعد ظهر (من 12 الى 6)","صباحا (من 6 الى 12);بعد ظهر (من 12 الى 6)","صباحا (من 6 الى 12)","","صباحا (من 6 الى 12)","طوال اليوم","طوال اليوم","صباحا (من 6 الى 12)","طوال اليوم","","صباحا (من 6 الى 12)","صباحا (من 6 الى 12);مساءً (من 6 الى 12);فجرا (من 12 الى 6)","طوال اليوم","صباحا (من 6 الى 12)","طوال اليوم","2","1","أكثر من 5","4","أكثر من 5","1","1","1","1","1","1","أكثر من 5","1","أكثر من 5","1","1","2","2","1","3","أكثر من 5","أكثر من 5","أكثر من 5","أكثر من 5","أكثر من 5","2","4","أكثر من 5","1","3","أكثر من 5","أكثر من 5","أكثر من 5","أكثر من 5","1","1","4","4","3","أكثر من 5"
"2025/11/10 7:23:08 PM GMT+3","الحريق ","الحريق. 3000","طوال اليوم","طوال اليوم","مساءً (من 6 الى 12)","مساءً (من 6 الى 12)","طوال اليوم","بعد ظهر (من 12 الى 6)","بعد ظهر (من 12 الى 6);مساءً (من 6 الى 12)","بعد ظهر (من 12 الى 6)","","بعد ظهر (من 12 الى 6);مساءً (من 6 الى 12)","طوال اليوم","بعد ظهر (من 12 الى 6)","مساءً (من 6 الى 12)","طوال اليوم","","بعد ظهر (من 12 الى 6);مساءً (من 6 الى 12)","بعد ظهر (من 12 الى 6);مساءً (من 6 الى 12)","بعد ظهر (من 12 الى 6);مساءً (من 6 الى 12)","بعد ظهر (من 12 الى 6);مساءً (من 6 الى 12)","بعد ظهر (من 12 الى 6);مساءً (من 6 الى 12)","2","1","أكثر من 5","","أكثر من 5","1","","1","","1","1","2","1","4","","1","1","1","4","1","أكثر من 5","أكثر من 5","5","3","أكثر من 5","2","4","3","","2","أكثر من 5","","2","4","","3","3","2","1","1"
"2025/11/10 7:24:24 PM GMT+3","حي الريان ","300","طوال اليوم","","طوال اليوم","مساءً (من 6 الى 12)","طوال اليوم","بعد ظهر (من 12 الى 6)","بعد ظهر (من 12 الى 6)","فجرا (من 12 الى 6)","صباحا (من 6 الى 12)","","طوال اليوم","صباحا (من 6 الى 12)","","طوال اليوم","فجرا (من 12 الى 6)","","","فجرا (من 12 الى 6)","","طوال اليوم","1","","2","2","أكثر من 5","1","2","1","1","1","1","1","1","1","3","1","1","1","1","3","أكثر من 5","","أكثر من 5","أكثر من 5","أكثر من 5","أكثر من 5","2","2","1","1","أكثر من 5","أكثر من 5","1","أكثر من 5","أكثر من 5","","1","1","1","أكثر من 5"
"2025/11/10 7:30:28 PM GMT+3","الورود","٢٠٠","طوال اليوم","","","طوال اليوم","طوال اليوم","بعد ظهر (من 12 الى 6)","بعد ظهر (من 12 الى 6)","بعد ظهر (من 12 الى 6)","","","","","","طوال اليوم","","","","","","","1","","2","1","4","1","1","1","","","","","","","","","","","","","أكثر من 5","","أكثر من 5","أكثر من 5","أكثر من 5","1","1","1","","","","","","","","","","","",""
"2025/11/10 7:30:59 PM GMT+3","الحريق","720","طوال اليوم","طوال اليوم","صباحا (من 6 الى 12);بعد ظهر (من 12 الى 6);فجرا (من 12 الى 6)","مساءً (من 6 الى 12)","بعد ظهر (من 12 الى 6);مساءً (من 6 الى 12)","صباحا (من 6 الى 12);مساءً (من 6 الى 12)","بعد ظهر (من 12 الى 6);مساءً (من 6 الى 12)","صباحا (من 6 الى 12);بعد ظهر (من 12 الى 6)","مساءً (من 6 الى 12)","صباحا (من 6 الى 12);مساءً (من 6 الى 12)","طوال اليوم","صباحا (من 6 الى 12);مساءً (من 6 الى 12)","مساءً (من 6 الى 12)","طوال اليوم","بعد ظهر (من 12 الى 6)","","صباحا (من 6 الى 12);بعد ظهر (من 12 الى 6);مساءً (من 6 الى 12)","صباحا (من 6 الى 12);مساءً (من 6 الى 12)","صباحا (من 6 الى 12);بعد ظهر (من 12 الى 6);مساءً (من 6 الى 12)","بعد ظهر (من 12 الى 6);مساءً (من 6 الى 12)","2","2","5","2","أكثر من 5","1","1","2","","2","1","3","1","3","3","1","1","1","2","1","أكثر من 5","أكثر من 5","أكثر من 5","5","أكثر من 5","2","1","2","","2","أكثر من 5","5","2","أكثر من 5","3","1","2","1","1","1"
"2025/11/10 7:31:03 PM GMT+3","المنتزة ","600","طوال اليوم","طوال اليوم","بعد ظهر (من 12 الى 6);مساءً (من 6 الى 12)","","مساءً (من 6 الى 12)","بعد ظهر (من 12 الى 6)","بعد ظهر (من 12 الى 6)","","","","","","","","","","","","","","1","1","4","","4","1","","1","","1","1","","1","4","","1","1","","1","1","1","1","1","1","1","1","1","1","1","1","1","1","1","1","1","1","1","1","1","1"
"2025/11/10 7:42:37 PM GMT+3","الزاهر","٢٠٠","طوال اليوم","طوال اليوم","بعد ظهر (من 12 الى 6);مساءً (من 6 الى 12)","بعد ظهر (من 12 الى 6);مساءً (من 6 الى 12)","طوال اليوم","صباحا (من 6 الى 12);بعد ظهر (من 12 الى 6);مساءً (من 6 الى 12)","","مساءً (من 6 الى 12)","","","","","بعد ظهر (من 12 الى 6);مساءً (من 6 الى 12)","طوال اليوم","","","","","","","3","3","أكثر من 5","5","أكثر من 5","","2","2","","","","4","3","4","4","","","","","","أكثر من 5","أكثر من 5","أكثر من 5","أكثر من 5","أكثر من 5","2","2","","","","","","2","أكثر من 5","","","","","",""
"2025/11/10 7:52:55 PM GMT+3","العزيزية","500","طوال اليوم","طوال اليوم","بعد ظهر (من 12 الى 6);فجرا (من 12 الى 6)","مساءً (من 6 الى 12)","صباحا (من 6 الى 12);بعد ظهر (من 12 الى 6);مساءً (من 6 الى 12)","بعد ظهر (من 12 الى 6);مساءً (من 6 الى 12)","بعد ظهر (من 12 الى 6);مساءً (من 6 الى 12)","بعد ظهر (من 12 الى 6);مساءً (من 6 الى 12)","","بعد ظهر (من 12 الى 6);مساءً (من 6 الى 12)","بعد ظهر (من 12 الى 6);مساءً (من 6 الى 12)","بعد ظهر (من 12 الى 6);مساءً (من 6 الى 12)","صباحا (من 6 الى 12);مساءً (من 6 الى 12)","صباحا (من 6 الى 12);طوال اليوم","بعد ظهر (من 12 الى 6);مساءً (من 6 الى 12)","صباحا (من 6 الى 12);طوال اليوم","صباحا (من 6 الى 12);بعد ظهر (من 12 الى 6)","صباحا (من 6 الى 12);بعد ظهر (من 12 الى 6)","بعد ظهر (من 12 الى 6);مساءً (من 6 الى 12)","طوال اليوم","1","1","3","2","أكثر من 5","1","1","2","","2","1","3","1","2","2","","1","1","3","3","أكثر من 5","أكثر من 5","أكثر من 5","5","أكثر من 5","1","2","5","","1","أكثر من 5","5","2","5","3","","3","1","1","5"
"2025/11/10 7:54:07 PM GMT+3","الواحة","1000","طوال اليوم","طوال اليوم","صباحا (من 6 الى 12);مساءً (من 6 الى 12);فجرا (من 12 الى 6)","مساءً (من 6 الى 12)","بعد ظهر (من 12 الى 6);مساءً (من 6 الى 12);فجرا (من 12 الى 6)","بعد ظهر (من 12 الى 6);مساءً (من 6 الى 12)","صباحا (من 6 الى 12)","صباحا (من 6 الى 12);فجرا (من 12 الى 6)","صباحا (من 6 الى 12)","بعد ظهر (من 12 الى 6)","بعد ظهر (من 12 الى 6);مساءً (من 6 الى 12);فجرا (من 12 الى 6)","بعد ظهر (من 12 الى 6);مساءً (من 6 الى 12)","بعد ظهر (من 12 الى 6);مساءً (من 6 الى 12)","بعد ظهر (من 12 الى 6)","بعد ظهر (من 12 الى 6)","بعد ظهر (من 12 الى 6)","صباحا (من 6 الى 12)","","","فجرا (من 12 الى 6)","2","1","4","3","4","1","1","1","1","1","1","1","1","1","1","","1","1","1","1","5","4","2","1","1","4","3","1","1","3","3","2","2","3","2","3","2","3","1","2"
"2025/11/10 7:57:34 PM GMT+3","الخزامى","350","صباحا (من 6 الى 12);طوال اليوم","طوال اليوم","طوال اليوم","مساءً (من 6 الى 12)","فجرا (من 12 الى 6)","بعد ظهر (من 12 الى 6)","بعد ظهر (من 12 الى 6)","فجرا (من 12 الى 6)","فجرا (من 12 الى 6)","","طوال اليوم","طوال اليوم","طوال اليوم","طوال اليوم","فجرا (من 12 الى 6)","طوال اليوم","طوال اليوم","بعد ظهر (من 12 الى 6)","بعد ظهر (من 12 الى 6)","طوال اليوم","1","1","1","1","4","1","1","1","1","1","1","1","1","1","1","1","1","1","1","1","أكثر من 5","أكثر من 5","أكثر من 5","أكثر من 5","أكثر من 5","أكثر من 5","أكثر من 5","أكثر من 5","5","5","5","5","5","4","3","4","5","5","5","5"
"2025/11/10 8:10:25 PM GMT+3","الخزامى","٣٠٠","طوال اليوم","طوال اليوم","طوال اليوم","بعد ظهر (من 12 الى 6);مساءً (من 6 الى 12)","مساءً (من 6 الى 12);فجرا (من 12 الى 6)","مساءً (من 6 الى 12);فجرا (من 12 الى 6)","","فجرا (من 12 الى 6)","فجرا (من 12 الى 6)","","طوال اليوم","","صباحا (من 6 الى 12)","طوال اليوم","","","بعد ظهر (من 12 الى 6);مساءً (من 6 الى 12);فجرا (من 12 الى 6)","بعد ظهر (من 12 الى 6);مساءً (من 6 الى 12)","طوال اليوم","طوال اليوم","1","1","5","2","5","1","1","1","1","1","1","","1","4","","","1","1","1","2","أكثر من 5","أكثر من 5","أكثر من 5","أكثر من 5","أكثر من 5","1","","2","2","1","أكثر من 5","","1","أكثر من 5","","","1","1","1","أكثر من 5"
"2025/11/10 8:11:39 PM GMT+3","حي الندي","١٧٠","صباحا (من 6 الى 12);بعد ظهر (من 12 الى 6);مساءً (من 6 الى 12);فجرا (من 12 الى 6)","صباحا (من 6 الى 12);بعد ظهر (من 12 الى 6);مساءً (من 6 الى 12);فجرا (من 12 الى 6)","","مساءً (من 6 الى 12)","مساءً (من 6 الى 12)","صباحا (من 6 الى 12)","","مساءً (من 6 الى 12)","","مساءً (من 6 الى 12)","صباحا (من 6 الى 12);بعد ظهر (من 12 الى 6);مساءً (من 6 الى 12);فجرا (من 12 الى 6)","","بعد ظهر (من 12 الى 6)","مساءً (من 6 الى 12)","","صباحا (من 6 الى 12)","مساءً (من 6 الى 12)","مساءً (من 6 الى 12)","بعد ظهر (من 12 الى 6)","صباحا (من 6 الى 12);بعد ظهر (من 12 الى 6);مساءً (من 6 الى 12);فجرا (من 12 الى 6)","1","1","4","1","4","1","1","1","","1","1","1","1","1","1","1","1","1","1","2","4","4","","2","4","1","1","2","","1","2","","1","3","","1","1","1","1","4"
"2025/11/10 8:56:29 PM GMT+3","الخزامى","200","صباحا (من 6 الى 12);بعد ظهر (من 12 الى 6);مساءً (من 6 الى 12);فجرا (من 12 الى 6)","","بعد ظهر (من 12 الى 6)","مساءً (من 6 الى 12);فجرا (من 12 الى 6)","مساءً (من 6 الى 12)","","","بعد ظهر (من 12 الى 6)","","صباحا (من 6 الى 12)","صباحا (من 6 الى 12);بعد ظهر (من 12 الى 6);مساءً (من 6 الى 12);فجرا (من 12 الى 6)","","","فجرا (من 12 الى 6)","مساءً (من 6 الى 12)","","مساءً (من 6 الى 12)","","","صباحا (من 6 الى 12);بعد ظهر (من 12 الى 6);مساءً (من 6 الى 12)","1","","2","1","2","","","1","","1","1","","1","1","2","","","","1","1","أكثر من 5","","3","4","4","","","1","","1","1","","","","","","","1","1","3"
"2025/11/10 8:58:18 PM GMT+3","الخزامى ","350","طوال اليوم","","صباحا (من 6 الى 12);بعد ظهر (من 12 الى 6)","بعد ظهر (من 12 الى 6);مساءً (من 6 الى 12)","طوال اليوم","","","صباحا (من 6 الى 12)","","صباحا (من 6 الى 12)","","مساءً (من 6 الى 12)","صباحا (من 6 الى 12)","صباحا (من 6 الى 12);فجرا (من 12 الى 6)","بعد ظهر (من 12 الى 6);مساءً (من 6 الى 12)","","صباحا (من 6 الى 12);بعد ظهر (من 12 الى 6)","","بعد ظهر (من 12 الى 6)","بعد ظهر (من 12 الى 6);مساءً (من 6 الى 12);فجرا (من 12 الى 6)","1","","4","2","أكثر من 5","","","1","","1","","2","1","4","4","","1","","1","2","أكثر من 5","","4","4","أكثر من 5","","","3","","","","","1","3","4","","","","1","4"
"2025/11/10 9:12:51 PM GMT+3","الخزامي","300","طوال اليوم","","طوال اليوم","مساءً (من 6 الى 12)","مساءً (من 6 الى 12)","صباحا (من 6 الى 12);مساءً (من 6 الى 12)","مساءً (من 6 الى 12)","بعد ظهر (من 12 الى 6)","بعد ظهر (من 12 الى 6)","بعد ظهر (من 12 الى 6)","طوال اليوم","","مساءً (من 6 الى 12)","صباحا (من 6 الى 12)","","","صباحا (من 6 الى 12)","صباحا (من 6 الى 12)","مساءً (من 6 الى 12)","مساءً (من 6 الى 12)","1","","3","1","5","1","1","1","1","1","1","","1","2","","","1","1","1","2","أكثر من 5","أكثر من 5","أكثر من 5","5","أكثر من 5","2","2","1","2","1","أكثر من 5","","","2","","","1","1","1","5"
"2025/11/11 4:56:16 AM GMT+3","حي النزهة","٣٠٠","صباحا (من 6 الى 12);بعد ظهر (من 12 الى 6);مساءً (من 6 الى 12);فجرا (من 12 الى 6)","صباحا (من 6 الى 12);بعد ظهر (من 12 الى 6);مساءً (من 6 الى 12);فجرا (من 12 الى 6)","بعد ظهر (من 12 الى 6)","","","مساءً (من 6 الى 12)","","","بعد ظهر (من 12 الى 6)","","","مساءً (من 6 الى 12)","بعد ظهر (من 12 الى 6)","","","","","صباحا (من 6 الى 12)","","مساءً (من 6 الى 12)","1","","3","1","4","","","1","","","","2","1","2","","","","1","2","2","أكثر من 5","","3","","أكثر من 5","","","4","","","","4","1","","","","","1","","5"
"2025/11/11 5:19:40 AM GMT+3","المرجانية","500","طوال اليوم","طوال اليوم","بعد ظهر (من 12 الى 6);مساءً (من 6 الى 12)","مساءً (من 6 الى 12)","طوال اليوم","صباحا (من 6 الى 12)","","صباحا (من 6 الى 12)","صباحا (من 6 الى 12)","صباحا (من 6 الى 12)","بعد ظهر (من 12 الى 6)","","مساءً (من 6 الى 12)","طوال اليوم","طوال اليوم","","طوال اليوم","","بعد ظهر (من 12 الى 6)","بعد ظهر (من 12 الى 6)","1","1","أكثر من 5","2","أكثر من 5","1","1","1","","1","","","1","4","1","","1","","1","2","أكثر من 5","أكثر من 5","أكثر من 5","2","أكثر من 5","1","","1","","1","","","1","أكثر من 5","أكثر من 5","","أكثر من 5","","2","2"
"2025/11/11 8:01:24 AM GMT+3","الروابي","800","طوال اليوم","طوال اليوم","بعد ظهر (من 12 الى 6)","مساءً (من 6 الى 12)","صباحا (من 6 الى 12);بعد ظهر (من 12 الى 6);مساءً (من 6 الى 12)","بعد ظهر (من 12 الى 6)","مساءً (من 6 الى 12)","مساءً (من 6 الى 12)","فجرا (من 12 الى 6)","مساءً (من 6 الى 12)","طوال اليوم","","مساءً (من 6 الى 12)","طوال اليوم","","","صباحا (من 6 الى 12);بعد ظهر (من 12 الى 6)","","مساءً (من 6 الى 12)","بعد ظهر (من 12 الى 6);مساءً (من 6 الى 12)","1","1","4","2","أكثر من 5","1","1","1","1","1","1","1","1","1","","1","1","","1","1","أكثر من 5","أكثر من 5","1","2","أكثر من 5","1","1","1","3","1","أكثر من 5","","1","2","","","1","","1","أكثر من 5"
"2025/11/11 10:54:24 AM GMT+3","النزهه","650","طوال اليوم","طوال اليوم","بعد ظهر (من 12 الى 6);مساءً (من 6 الى 12)","بعد ظهر (من 12 الى 6);مساءً (من 6 الى 12)","بعد ظهر (من 12 الى 6);مساءً (من 6 الى 12)","مساءً (من 6 الى 12)","","مساءً (من 6 الى 12)","بعد ظهر (من 12 الى 6)","مساءً (من 6 الى 12)","طوال اليوم","","مساءً (من 6 الى 12)","مساءً (من 6 الى 12)","طوال اليوم","","مساءً (من 6 الى 12)","","","فجرا (من 12 الى 6)","1","1","5","1","أكثر من 5","1","","2","1","2","1","","1","3","3","1","1","","","1","أكثر من 5","أكثر من 5","أكثر من 5","4","أكثر من 5","1","","4","3","","أكثر من 5","","2","4","4","1","2","","","3"
"2025/11/11 12:20:38 PM GMT+3","الجامعة","٢٨٠","صباحا (من 6 الى 12);بعد ظهر (من 12 الى 6);مساءً (من 6 الى 12);فجرا (من 12 الى 6)","صباحا (من 6 الى 12);بعد ظهر (من 12 الى 6);مساءً (من 6 الى 12);فجرا (من 12 الى 6)","صباحا (من 6 الى 12);بعد ظهر (من 12 الى 6);فجرا (من 12 الى 6)","مساءً (من 6 الى 12)","صباحا (من 6 الى 12);بعد ظهر (من 12 الى 6);مساءً (من 6 الى 12)","","صباحا (من 6 الى 12);مساءً (من 6 الى 12)","مساءً (من 6 الى 12)","مساءً (من 6 الى 12)","بعد ظهر (من 12 الى 6)","صباحا (من 6 الى 12);بعد ظهر (من 12 الى 6);مساءً (من 6 الى 12);فجرا (من 12 الى 6)","مساءً (من 6 الى 12);فجرا (من 12 الى 6)","مساءً (من 6 الى 12)","صباحا (من 6 الى 12);بعد ظهر (من 12 الى 6);مساءً (من 6 الى 12);فجرا (من 12 الى 6)","","","","","","","1","1","4","3","4","1","1","1","1","1","1","2","1","4","1","1","1","1","1","2","4","4","4","2","4","1","4","2","1","1","4","4","1","4","1","1","1","1","1","4"
"2025/11/11 2:40:09 PM GMT+3","حي النزهة","100","طوال اليوم","","بعد ظهر (من 12 الى 6);مساءً (من 6 الى 12)","مساءً (من 6 الى 12);فجرا (من 12 الى 6)","مساءً (من 6 الى 12);فجرا (من 12 الى 6)","","","","","","","","","طوال اليوم","","","","","","","1","","2","1","3","","1","1","","","","","","","","","","","","1","5","","4","4","4","","","1","","","","","","","","","","","",""
"2025/11/11 6:26:23 PM GMT+3","اسكان اعضاء هيئة التدريس، جامعة الأمير سطام بن عبد العزيز","250 (معدل ثابت)","طوال اليوم","طوال اليوم","بعد ظهر (من 12 الى 6);مساءً (من 6 الى 12);فجرا (من 12 الى 6)","مساءً (من 6 الى 12)","بعد ظهر (من 12 الى 6);مساءً (من 6 الى 12)","مساءً (من 6 الى 12)","صباحا (من 6 الى 12);بعد ظهر (من 12 الى 6);مساءً (من 6 الى 12)","مساءً (من 6 الى 12);فجرا (من 12 الى 6)","فجرا (من 12 الى 6)","بعد ظهر (من 12 الى 6)","طوال اليوم","مساءً (من 6 الى 12);فجرا (من 12 الى 6)","بعد ظهر (من 12 الى 6);مساءً (من 6 الى 12)","طوال اليوم","بعد ظهر (من 12 الى 6);مساءً (من 6 الى 12)","صباحا (من 6 الى 12);بعد ظهر (من 12 الى 6)","صباحا (من 6 الى 12);بعد ظهر (من 12 الى 6);مساءً (من 6 الى 12)","صباحا (من 6 الى 12);مساءً (من 6 الى 12)","مساءً (من 6 الى 12)","بعد ظهر (من 12 الى 6);مساءً (من 6 الى 12)","2","2","3","1","أكثر من 5","1","1","1","1","1","1","1","1","4","1","1","1","1","1","2","أكثر من 5","أكثر من 5","أكثر من 5","أكثر من 5","أكثر من 5","1","4","3","3","1","أكثر من 5","1","1","أكثر من 5","1","1","1","1","1","4"
"2025/11/11 9:50:15 PM GMT+3","الروابي ","700","صباحا (من 6 الى 12);طوال اليوم","طوال اليوم","بعد ظهر (من 12 الى 6);مساءً (من 6 الى 12)","بعد ظهر (من 12 الى 6);مساءً (من 6 الى 12)","مساءً (من 6 الى 12)","بعد ظهر (من 12 الى 6)","بعد ظهر (من 12 الى 6)","صباحا (من 6 الى 12);بعد ظهر (من 12 الى 6)","صباحا (من 6 الى 12);بعد ظهر (من 12 الى 6)","صباحا (من 6 الى 12);بعد ظهر (من 12 الى 6)","فجرا (من 12 الى 6)","","صباحا (من 6 الى 12)","فجرا (من 12 الى 6)","","صباحا (من 6 الى 12)","فجرا (من 12 الى 6)","صباحا (من 6 الى 12)","صباحا (من 6 الى 12);بعد ظهر (من 12 الى 6)","بعد ظهر (من 12 الى 6);مساءً (من 6 الى 12)","2","1","4","4","4","1","2","1","1","2","1","","2","4","","2","1","3","3","4","4","4","4","4","4","1","2","2","2","2","5","","2","1","","1","1","1","1","4"
"2025/11/11 9:53:32 PM GMT+3","الرياض- حي الشفاء","2000","طوال اليوم","طوال اليوم","بعد ظهر (من 12 الى 6);فجرا (من 12 الى 6)","","بعد ظهر (من 12 الى 6);مساءً (من 6 الى 12)","مساءً (من 6 الى 12)","بعد ظهر (من 12 الى 6)","بعد ظهر (من 12 الى 6);مساءً (من 6 الى 12)","بعد ظهر (من 12 الى 6)","بعد ظهر (من 12 الى 6)","بعد ظهر (من 12 الى 6);مساءً (من 6 الى 12)","بعد ظهر (من 12 الى 6);مساءً (من 6 الى 12);فجرا (من 12 الى 6)","بعد ظهر (من 12 الى 6);مساءً (من 6 الى 12)","طوال اليوم","","بعد ظهر (من 12 الى 6)","بعد ظهر (من 12 الى 6);مساءً (من 6 الى 12)","مساءً (من 6 الى 12)","بعد ظهر (من 12 الى 6);مساءً (من 6 الى 12)","بعد ظهر (من 12 الى 6);مساءً (من 6 الى 12)","3","3","5","5","5","2","1","2","1","1","1","3","1","5","3","1","1","1","3","3","أكثر من 5","أكثر من 5","أكثر من 5","أكثر من 5","أكثر من 5","1","2","4","1","1","1","4","2","أكثر من 5","1","1","2","1","2","3"
"2025/11/11 9:56:43 PM GMT+3","السلميه","1800","طوال اليوم","طوال اليوم","فجرا (من 12 الى 6)","بعد ظهر (من 12 الى 6);مساءً (من 6 الى 12);فجرا (من 12 الى 6)","طوال اليوم","بعد ظهر (من 12 الى 6)","بعد ظهر (من 12 الى 6)","صباحا (من 6 الى 12)","صباحا (من 6 الى 12)","فجرا (من 12 الى 6)","فجرا (من 12 الى 6)","فجرا (من 12 الى 6)","فجرا (من 12 الى 6)","فجرا (من 12 الى 6)","فجرا (من 12 الى 6)","فجرا (من 12 الى 6)","صباحا (من 6 الى 12)","صباحا (من 6 الى 12)","صباحا (من 6 الى 12)","صباحا (من 6 الى 12);بعد ظهر (من 12 الى 6)","2","1","5","1","أكثر من 5","1","1","1","1","1","1","1","1","1","1","1","1","1","1","1","أكثر من 5","أكثر من 5","أكثر من 5","4","4","4","4","1","1","1","1","1","1","1","1","1","1","1","1","1"
"2025/11/11 9:57:07 PM GMT+3","الرياض حي النرجس","٥٠٠","طوال اليوم","طوال اليوم","طوال اليوم","طوال اليوم","طوال اليوم","مساءً (من 6 الى 12)","مساءً (من 6 الى 12)","مساءً (من 6 الى 12)","فجرا (من 12 الى 6)","فجرا (من 12 الى 6)","فجرا (من 12 الى 6)","مساءً (من 6 الى 12)","مساءً (من 6 الى 12)","مساءً (من 6 الى 12)","مساءً (من 6 الى 12)","مساءً (من 6 الى 12)","مساءً (من 6 الى 12)","فجرا (من 12 الى 6)","فجرا (من 12 الى 6)","طوال اليوم","4","3","5","4","أكثر من 5","2","2","2","2","2","2","2","2","2","3","1","2","1","2","3","3","3","3","3","3","3","3","3","3","3","3","أكثر من 5","3","3","3","2","1","2","2","2"
"2025/11/11 10:04:16 PM GMT+3","الرياض-قرطبة","٨٥٠","طوال اليوم","طوال اليوم","مساءً (من 6 الى 12)","بعد ظهر (من 12 الى 6)","طوال اليوم","طوال اليوم","طوال اليوم","طوال اليوم","طوال اليوم","صباحا (من 6 الى 12);بعد ظهر (من 12 الى 6)","طوال اليوم","صباحا (من 6 الى 12);بعد ظهر (من 12 الى 6)","مساءً (من 6 الى 12);فجرا (من 12 الى 6)","مساءً (من 6 الى 12);فجرا (من 12 الى 6)","","","طوال اليوم","","","","2","2","أكثر من 5","2","5","1","3","2","1","1","1","1","1","أكثر من 5","","1","1","1","1","1","أكثر من 5","أكثر من 5","أكثر من 5","5","أكثر من 5","أكثر من 5","4","4","أكثر من 5","3","أكثر من 5","3","3","3","","2","3","2","2","2"
"2025/11/11 10:12:20 PM GMT+3","حي الهدا. (٦)","١١٠٠ ريال شهريا في الصيف","طوال اليوم","مساءً (من 6 الى 12)","صباحا (من 6 الى 12);مساءً (من 6 الى 12)","مساءً (من 6 الى 12)","مساءً (من 6 الى 12)","مساءً (من 6 الى 12)","","بعد ظهر (من 12 الى 6)","","","طوال اليوم","","صباحا (من 6 الى 12)","","","","صباحا (من 6 الى 12);فجرا (من 12 الى 6)","","","","1","1","5","2","أكثر من 5","1","","1","","","1","","1","","","","","","","","أكثر من 5","أكثر من 5","5","3","5","1","","1","","","أكثر من 5","","","","","","1","","",""
"2025/11/11 10:24:11 PM GMT+3","حي البوادي","1000","صباحا (من 6 الى 12);بعد ظهر (من 12 الى 6);مساءً (من 6 الى 12);فجرا (من 12 الى 6)","صباحا (من 6 الى 12);بعد ظهر (من 12 الى 6);مساءً (من 6 الى 12);فجرا (من 12 الى 6)","","","مساءً (من 6 الى 12);فجرا (من 12 الى 6)","بعد ظهر (من 12 الى 6)","","بعد ظهر (من 12 الى 6)","","بعد ظهر (من 12 الى 6)","","","","صباحا (من 6 الى 12);بعد ظهر (من 12 الى 6);مساءً (من 6 الى 12);فجرا (من 12 الى 6)","","","","","","صباحا (من 6 الى 12);بعد ظهر (من 12 الى 6);مساءً (من 6 الى 12);فجرا (من 12 الى 6)","1","1","3","","","1","","1","","1","","","","2","","1","","","","1","4","4","1","","2","1","","1","","","","","","1","","","","","","4"
"2025/11/11 11:02:40 PM GMT+3","العزيزية","850","طوال اليوم","طوال اليوم","طوال اليوم","بعد ظهر (من 12 الى 6);مساءً (من 6 الى 12)","مساءً (من 6 الى 12)","صباحا (من 6 الى 12)","بعد ظهر (من 12 الى 6)","بعد ظهر (من 12 الى 6)","","","طوال اليوم","فجرا (من 12 الى 6)","","صباحا (من 6 الى 12)","طوال اليوم","","طوال اليوم","","طوال اليوم","طوال اليوم","1","","3","1","أكثر من 5","1","1","1","","","1","","1","1","4","","1","","2","2","أكثر من 5","","أكثر من 5","5","أكثر من 5","3","1","1","","","أكثر من 5","1","3","3","5","","أكثر من 5","","3","4"
"2025/11/11 11:26:56 PM GMT+3","الخالدية ","١٥٠٠ ريال ","طوال اليوم","طوال اليوم","فجرا (من 12 الى 6)","طوال اليوم","طوال اليوم","بعد ظهر (من 12 الى 6)","صباحا (من 6 الى 12)","صباحا (من 6 الى 12)","صباحا (من 6 الى 12)","بعد ظهر (من 12 الى 6)","طوال اليوم","مساءً (من 6 الى 12)","مساءً (من 6 الى 12)","مساءً (من 6 الى 12);طوال اليوم","","فجرا (من 12 الى 6)","مساءً (من 6 الى 12)","مساءً (من 6 الى 12)","طوال اليوم","بعد ظهر (من 12 الى 6)","1","1","أكثر من 5","3","أكثر من 5","1","1","1","1","1","1","1","1","4","","1","1","1","1","1","أكثر من 5","أكثر من 5","أكثر من 5","3","3","3","1","1","1","3","3","3","3","3","3","3","3","3","3","3"
"2025/11/12 12:57:27 AM GMT+3","الشفا ","٥٧٠","صباحا (من 6 الى 12);طوال اليوم","صباحا (من 6 الى 12);طوال اليوم","صباحا (من 6 الى 12);طوال اليوم","صباحا (من 6 الى 12);طوال اليوم","طوال اليوم","طوال اليوم","مساءً (من 6 الى 12)","مساءً (من 6 الى 12)","مساءً (من 6 الى 12)","مساءً (من 6 الى 12)","طوال اليوم","فجرا (من 12 الى 6)","فجرا (من 12 الى 6)","مساءً (من 6 الى 12)","مساءً (من 6 الى 12)","","مساءً (من 6 الى 12)","مساءً (من 6 الى 12)","مساءً (من 6 الى 12)","طوال اليوم","3","1","أكثر من 5","2","أكثر من 5","2","2","2","2","2","2","2","2","2","2","2","2","2","2","2","أكثر من 5","أكثر من 5","أكثر من 5","4","أكثر من 5","أكثر من 5","3","3","3","3","3","3","3","3","3","3","3","3","3","أكثر من 5"
"2025/11/12 1:11:29 AM GMT+3","حي الجامعة","1500","طوال اليوم","طوال اليوم","طوال اليوم","مساءً (من 6 الى 12)","طوال اليوم","بعد ظهر (من 12 الى 6)","بعد ظهر (من 12 الى 6)","مساءً (من 6 الى 12)","مساءً (من 6 الى 12)","بعد ظهر (من 12 الى 6)","طوال اليوم","مساءً (من 6 الى 12)","صباحا (من 6 الى 12)","صباحا (من 6 الى 12);مساءً (من 6 الى 12)","مساءً (من 6 الى 12)","صباحا (من 6 الى 12)","صباحا (من 6 الى 12)","صباحا (من 6 الى 12)","بعد ظهر (من 12 الى 6);مساءً (من 6 الى 12)","مساءً (من 6 الى 12);فجرا (من 12 الى 6)","1","1","5","2","أكثر من 5","1","1","1","1","1","1","1","1","3","4","1","1","1","1","2","1","1","3","2","4","3","2","1","1","1","2","2","2","4","2","2","2","2","1","4"
"2025/11/12 1:16:18 AM GMT+3","العزيزية","1050","طوال اليوم","طوال اليوم","طوال اليوم","طوال اليوم","طوال اليوم","فجرا (من 12 الى 6)","بعد ظهر (من 12 الى 6);مساءً (من 6 الى 12)","مساءً (من 6 الى 12)","","فجرا (من 12 الى 6)","طوال اليوم","مساءً (من 6 الى 12);فجرا (من 12 الى 6)","مساءً (من 6 الى 12);فجرا (من 12 الى 6)","طوال اليوم","طوال اليوم","مساءً (من 6 الى 12)","بعد ظهر (من 12 الى 6)","بعد ظهر (من 12 الى 6)","","طوال اليوم","5","3","أكثر من 5","3","أكثر من 5","2","2","2","","2","2","2","2","4","4","1","2","2","1","أكثر من 5","أكثر من 5","أكثر من 5","أكثر من 5","5","أكثر من 5","1","2","4","","1","أكثر من 5","5","2","أكثر من 5","أكثر من 5","","1","1","1","أكثر من 5"
"2025/11/12 1:16:49 AM GMT+3","السلام","٦٠٠","طوال اليوم","طوال اليوم","طوال اليوم","بعد ظهر (من 12 الى 6);مساءً (من 6 الى 12)","طوال اليوم","بعد ظهر (من 12 الى 6)","بعد ظهر (من 12 الى 6)","مساءً (من 6 الى 12)","بعد ظهر (من 12 الى 6)","بعد ظهر (من 12 الى 6)","طوال اليوم","بعد ظهر (من 12 الى 6)","بعد ظهر (من 12 الى 6)","طوال اليوم","بعد ظهر (من 12 الى 6)","بعد ظهر (من 12 الى 6)","بعد ظهر (من 12 الى 6)","بعد ظهر (من 12 الى 6)","بعد ظهر (من 12 الى 6)","بعد ظهر (من 12 الى 6);مساءً (من 6 الى 12)","1","1","","4","أكثر من 5","1","1","1","1","1","1","1","1","1","4","1","1","1","1","1","3","3","3","3","3","3","3","3","3","3","3","3","2","4","2","1","1","1","1","4"
"2025/11/12 1:17:17 AM GMT+3","شقه","400/380","صباحا (من 6 الى 12);بعد ظهر (من 12 الى 6);مساءً (من 6 الى 12);فجرا (من 12 الى 6)","صباحا (من 6 الى 12);بعد ظهر (من 12 الى 6);مساءً (من 6 الى 12);فجرا (من 12 الى 6)","صباحا (من 6 الى 12);مساءً (من 6 الى 12);فجرا (من 12 الى 6)","صباحا (من 6 الى 12);مساءً (من 6 الى 12)","صباحا (من 6 الى 12);بعد ظهر (من 12 الى 6);مساءً (من 6 الى 12);فجرا (من 12 الى 6)","مساءً (من 6 الى 12)","مساءً (من 6 الى 12)","مساءً (من 6 الى 12)","مساءً (من 6 الى 12)","","صباحا (من 6 الى 12);بعد ظهر (من 12 الى 6);مساءً (من 6 الى 12);فجرا (من 12 الى 6)","صباحا (من 6 الى 12);فجرا (من 12 الى 6)","صباحا (من 6 الى 12)","صباحا (من 6 الى 12);بعد ظهر (من 12 الى 6);مساءً (من 6 الى 12);فجرا (من 12 الى 6)","","","مساءً (من 6 الى 12)","مساءً (من 6 الى 12)","مساءً (من 6 الى 12)","صباحا (من 6 الى 12);بعد ظهر (من 12 الى 6);مساءً (من 6 الى 12);فجرا (من 12 الى 6)","1","2","4","2","4","1","1","1","1","1","1","1","1","1","","","1","1","1","1","4","4","4","4","4","1","1","1","1","1","4","1","1","1","1","1","1","1","1","4"
"2025/11/12 1:22:11 AM GMT+3","الخزامى ","1500","صباحا (من 6 الى 12)","صباحا (من 6 الى 12)","صباحا (من 6 الى 12)","صباحا (من 6 الى 12)","صباحا (من 6 الى 12)","صباحا (من 6 الى 12)","صباحا (من 6 الى 12)","صباحا (من 6 الى 12)","صباحا (من 6 الى 12)","صباحا (من 6 الى 12)","","صباحا (من 6 الى 12)","صباحا (من 6 الى 12)","صباحا (من 6 الى 12)","صباحا (من 6 الى 12)","صباحا (من 6 الى 12)","صباحا (من 6 الى 12)","صباحا (من 6 الى 12)","صباحا (من 6 الى 12)","صباحا (من 6 الى 12)","1","2","4","4","4","1","1","2","1","2","1","4","","4","1","2","4","","3","3","2","1","1","1","2","2","2","2","1","2","1","2","2","2","2","1","","2","2","2"
"2025/11/12 1:24:35 AM GMT+3","حي الخالدية","٤٠٠","طوال اليوم","طوال اليوم","صباحا (من 6 الى 12);فجرا (من 12 الى 6)","بعد ظهر (من 12 الى 6);مساءً (من 6 الى 12)","مساءً (من 6 الى 12);فجرا (من 12 الى 6)","بعد ظهر (من 12 الى 6)","بعد ظهر (من 12 الى 6)","فجرا (من 12 الى 6)","","مساءً (من 6 الى 12)","طوال اليوم","","","مساءً (من 6 الى 12)","","","بعد ظهر (من 12 الى 6);مساءً (من 6 الى 12)","","","","2","1","أكثر من 5","3","","1","1","1","","1","1","2","","4","أكثر من 5","","1","1","1","","","","","","","","","","","","","","","","","","","","",""
"2025/11/12 1:27:52 AM GMT+3","الأندلس ","٣٠٠","طوال اليوم","طوال اليوم","طوال اليوم","مساءً (من 6 الى 12)","مساءً (من 6 الى 12)","صباحا (من 6 الى 12);مساءً (من 6 الى 12)","بعد ظهر (من 12 الى 6)","صباحا (من 6 الى 12)","صباحا (من 6 الى 12)","صباحا (من 6 الى 12)","طوال اليوم","فجرا (من 12 الى 6)","صباحا (من 6 الى 12)","فجرا (من 12 الى 6)","بعد ظهر (من 12 الى 6)","بعد ظهر (من 12 الى 6)","صباحا (من 6 الى 12)","صباحا (من 6 الى 12)","مساءً (من 6 الى 12)","صباحا (من 6 الى 12);بعد ظهر (من 12 الى 6)","1","1","5","2","أكثر من 5","1","1","1","1","2","1","1","2","2","1","1","1","1","2","1","أكثر من 5","أكثر من 5","أكثر من 5","2","أكثر من 5","1","3","3","3","1","أكثر من 5","أكثر من 5","1","1","1","1","1","1","1","3"
"2025/11/12 1:31:37 AM GMT+3","الجوهرة","1700","طوال اليوم","طوال اليوم","طوال اليوم","طوال اليوم","مساءً (من 6 الى 12)","مساءً (من 6 الى 12)","مساءً (من 6 الى 12)","فجرا (من 12 الى 6)","صباحا (من 6 الى 12)","صباحا (من 6 الى 12)","طوال اليوم","فجرا (من 12 الى 6)","بعد ظهر (من 12 الى 6)","طوال اليوم","طوال اليوم","بعد ظهر (من 12 الى 6)","بعد ظهر (من 12 الى 6)","بعد ظهر (من 12 الى 6)","بعد ظهر (من 12 الى 6)","بعد ظهر (من 12 الى 6)","5","5","أكثر من 5","أكثر من 5","أكثر من 5","3","4","5","1","1","1","4","1","أكثر من 5","أكثر من 5","1","","1","1","","أكثر من 5","أكثر من 5","أكثر من 5","أكثر من 5","أكثر من 5","1","1","1","1","1","أكثر من 5","3","1","أكثر من 5","1","1","1","1","1","5"
"2025/11/12 1:35:59 AM GMT+3","البرج","٨٠٠","طوال اليوم","طوال اليوم","بعد ظهر (من 12 الى 6);فجرا (من 12 الى 6)","صباحا (من 6 الى 12);فجرا (من 12 الى 6)","طوال اليوم","بعد ظهر (من 12 الى 6)","طوال اليوم","بعد ظهر (من 12 الى 6)","فجرا (من 12 الى 6)","بعد ظهر (من 12 الى 6)","طوال اليوم","فجرا (من 12 الى 6)","بعد ظهر (من 12 الى 6)","مساءً (من 6 الى 12)","بعد ظهر (من 12 الى 6)","مساءً (من 6 الى 12)","مساءً (من 6 الى 12)","بعد ظهر (من 12 الى 6)","مساءً (من 6 الى 12)","بعد ظهر (من 12 الى 6);مساءً (من 6 الى 12)","2","1","أكثر من 5","3","أكثر من 5","2","2","1","1","1","2","3","2","أكثر من 5","1","2","2","2","2","3","3","3","3","3","3","3","3","3","3","3","3","3","3","3","3","3","3","3","3","3"
"2025/11/12 1:40:36 AM GMT+3","حي وعيرة بالمدينة المنورة ","200 ريال تقريبا","صباحا (من 6 الى 12);بعد ظهر (من 12 الى 6);مساءً (من 6 الى 12);فجرا (من 12 الى 6)","صباحا (من 6 الى 12);بعد ظهر (من 12 الى 6);مساءً (من 6 الى 12);فجرا (من 12 الى 6)","بعد ظهر (من 12 الى 6);مساءً (من 6 الى 12);فجرا (من 12 الى 6)","بعد ظهر (من 12 الى 6);مساءً (من 6 الى 12)","صباحا (من 6 الى 12);بعد ظهر (من 12 الى 6);مساءً (من 6 الى 12);فجرا (من 12 الى 6)","صباحا (من 6 الى 12);بعد ظهر (من 12 الى 6)","مساءً (من 6 الى 12)","صباحا (من 6 الى 12);بعد ظهر (من 12 الى 6);مساءً (من 6 الى 12);فجرا (من 12 الى 6)","صباحا (من 6 الى 12);بعد ظهر (من 12 الى 6);مساءً (من 6 الى 12);فجرا (من 12 الى 6)","بعد ظهر (من 12 الى 6);مساءً (من 6 الى 12)","بعد ظهر (من 12 الى 6)","بعد ظهر (من 12 الى 6)","صباحا (من 6 الى 12);بعد ظهر (من 12 الى 6)","صباحا (من 6 الى 12);بعد ظهر (من 12 الى 6);مساءً (من 6 الى 12);فجرا (من 12 الى 6)","بعد ظهر (من 12 الى 6)","بعد ظهر (من 12 الى 6)","بعد ظهر (من 12 الى 6)","بعد ظهر (من 12 الى 6)","بعد ظهر (من 12 الى 6)","بعد ظهر (من 12 الى 6)","2","1","3","1","4","1","1","1","1","1","1","1","1","2","2","1","1","1","1","1","4","4","4","3","4","2","1","2","1","1","1","1","1","4","2","1","1","1","1","1"
"2025/11/12 1:42:14 AM GMT+3","العزيزية","٦٠٠","طوال اليوم","طوال اليوم","طوال اليوم","بعد ظهر (من 12 الى 6);مساءً (من 6 الى 12)","مساءً (من 6 الى 12);فجرا (من 12 الى 6)","مساءً (من 6 الى 12)","مساءً (من 6 الى 12)","مساءً (من 6 الى 12)","مساءً (من 6 الى 12)","مساءً (من 6 الى 12)","بعد ظهر (من 12 الى 6);مساءً (من 6 الى 12)","مساءً (من 6 الى 12)","مساءً (من 6 الى 12)","فجرا (من 12 الى 6)","فجرا (من 12 الى 6)","صباحا (من 6 الى 12)","صباحا (من 6 الى 12)","صباحا (من 6 الى 12)","صباحا (من 6 الى 12)","صباحا (من 6 الى 12);بعد ظهر (من 12 الى 6)","3","3","أكثر من 5","4","أكثر من 5","3","2","3","2","3","3","4","3","5","2","3","3","4","3","2","أكثر من 5","أكثر من 5","أكثر من 5","5","أكثر من 5","1","1","1","1","1","أكثر من 5","1","1","4","1","1","1","1","1","3"
"2025/11/12 1:42:20 AM GMT+3","الخليج ","600","طوال اليوم","طوال اليوم","بعد ظهر (من 12 الى 6);فجرا (من 12 الى 6)","مساءً (من 6 الى 12)","طوال اليوم","صباحا (من 6 الى 12);فجرا (من 12 الى 6)","بعد ظهر (من 12 الى 6);مساءً (من 6 الى 12);فجرا (من 12 الى 6)","بعد ظهر (من 12 الى 6);مساءً (من 6 الى 12)","بعد ظهر (من 12 الى 6);مساءً (من 6 الى 12)","بعد ظهر (من 12 الى 6);مساءً (من 6 الى 12)","طوال اليوم","فجرا (من 12 الى 6)","صباحا (من 6 الى 12);مساءً (من 6 الى 12)","صباحا (من 6 الى 12);فجرا (من 12 الى 6)","مساءً (من 6 الى 12)","صباحا (من 6 الى 12);فجرا (من 12 الى 6)","صباحا (من 6 الى 12);مساءً (من 6 الى 12)","صباحا (من 6 الى 12);مساءً (من 6 الى 12)","مساءً (من 6 الى 12)","طوال اليوم","1","1","5","4","5","1","1","1","1","1","1","2","1","5","3","1","2","1","2","4","5","5","2","3","5","2","3","2","2","2","5","2","2","3","3","2","3","3","3","5"
"2025/11/12 1:46:15 AM GMT+3","الهدا","٥٠٠","طوال اليوم","طوال اليوم","فجرا (من 12 الى 6)","صباحا (من 6 الى 12)","مساءً (من 6 الى 12)","صباحا (من 6 الى 12)","","","","","طوال اليوم","","","طوال اليوم","","","صباحا (من 6 الى 12)","صباحا (من 6 الى 12)","","","1","1","أكثر من 5","أكثر من 5","أكثر من 5","1","1","1","1","1","1","1","5","أكثر من 5","","1","1","1","1","3","أكثر من 5","أكثر من 5","5","2","5","1","1","1","1","1","أكثر من 5","1","1","أكثر من 5","","","1","1","1","5"
"2025/11/12 1:47:23 AM GMT+3","النويعمه ","1300","طوال اليوم","طوال اليوم","فجرا (من 12 الى 6)","بعد ظهر (من 12 الى 6);مساءً (من 6 الى 12)","طوال اليوم","مساءً (من 6 الى 12)","بعد ظهر (من 12 الى 6)","بعد ظهر (من 12 الى 6)","","بعد ظهر (من 12 الى 6)","بعد ظهر (من 12 الى 6)","مساءً (من 6 الى 12)","بعد ظهر (من 12 الى 6)","طوال اليوم","بعد ظهر (من 12 الى 6)","صباحا (من 6 الى 12)","صباحا (من 6 الى 12)","صباحا (من 6 الى 12)","صباحا (من 6 الى 12)","صباحا (من 6 الى 12)","4","1","أكثر من 5","3","أكثر من 5","1","2","2","1","2","1","1","2","2","2","1","2","1","2","1","1","2","2","2","3","3","3","3","3","2","2","2","2","2","2","3","3","3","3","1"
"2025/11/12 1:56:27 AM GMT+3","وادي الدواسر ","1500","طوال اليوم","طوال اليوم","صباحا (من 6 الى 12);بعد ظهر (من 12 الى 6);فجرا (من 12 الى 6)","طوال اليوم","طوال اليوم","بعد ظهر (من 12 الى 6);مساءً (من 6 الى 12)","بعد ظهر (من 12 الى 6);مساءً (من 6 الى 12)","مساءً (من 6 الى 12)","","صباحا (من 6 الى 12)","طوال اليوم","مساءً (من 6 الى 12)","صباحا (من 6 الى 12)","طوال اليوم","","","طوال اليوم","","مساءً (من 6 الى 12)","طوال اليوم","1","3","أكثر من 5","2","أكثر من 5","1","1","1","","1","1","","1","4","","","2","","","1","أكثر من 5","أكثر من 5","أكثر من 5","أكثر من 5","أكثر من 5","3","3","3","","2","أكثر من 5","","2","أكثر من 5","","","3","","2",""
"2025/11/12 2:15:41 AM GMT+3","الشفا","2000-3000","طوال اليوم","طوال اليوم","صباحا (من 6 الى 12);بعد ظهر (من 12 الى 6)","مساءً (من 6 الى 12);فجرا (من 12 الى 6)","طوال اليوم","طوال اليوم","طوال اليوم","مساءً (من 6 الى 12);فجرا (من 12 الى 6)","طوال اليوم","مساءً (من 6 الى 12)","طوال اليوم","طوال اليوم","بعد ظهر (من 12 الى 6)","طوال اليوم","طوال اليوم","صباحا (من 6 الى 12);بعد ظهر (من 12 الى 6);مساءً (من 6 الى 12)","طوال اليوم","صباحا (من 6 الى 12)","بعد ظهر (من 12 الى 6);مساءً (من 6 الى 12)","طوال اليوم","1","1","أكثر من 5","أكثر من 5","أكثر من 5","1","1","1","1","2","1","أكثر من 5","أكثر من 5","أكثر من 5","أكثر من 5","1","1","1","1","أكثر من 5","أكثر من 5","أكثر من 5","أكثر من 5","أكثر من 5","أكثر من 5","أكثر من 5","أكثر من 5","3","3","2","أكثر من 5","أكثر من 5","3","أكثر من 5","أكثر من 5","1","أكثر من 5","1","1","أكثر من 5"
"2025/11/12 2:26:29 AM GMT+3","السلام","140","طوال اليوم","طوال اليوم","صباحا (من 6 الى 12)","صباحا (من 6 الى 12)","مساءً (من 6 الى 12)","صباحا (من 6 الى 12)","صباحا (من 6 الى 12)","فجرا (من 12 الى 6)","","","","","","","","","","","","","2","","2","","5","","","1","","","","","","2","3","","","","1","1","أكثر من 5","","أكثر من 5","","أكثر من 5","","","3","","","","","","","أكثر من 5","","","","",""
"2025/11/12 2:38:09 AM GMT+3","الشفا ","2700","صباحا (من 6 الى 12)","صباحا (من 6 الى 12)","صباحا (من 6 الى 12)","صباحا (من 6 الى 12)","صباحا (من 6 الى 12)","مساءً (من 6 الى 12)","مساءً (من 6 الى 12)","مساءً (من 6 الى 12)","مساءً (من 6 الى 12)","مساءً (من 6 الى 12)","بعد ظهر (من 12 الى 6);مساءً (من 6 الى 12)","مساءً (من 6 الى 12)","بعد ظهر (من 12 الى 6)","مساءً (من 6 الى 12)","","بعد ظهر (من 12 الى 6);مساءً (من 6 الى 12);فجرا (من 12 الى 6)","فجرا (من 12 الى 6)","مساءً (من 6 الى 12)","بعد ظهر (من 12 الى 6)","بعد ظهر (من 12 الى 6)","2","2","2","3","3","3","","","","","","","","","","","","","","2","2","2","2","2","2","2","2","2","2","2","2","2","2","2","2","","","2","2",""
"2025/11/12 3:00:51 AM GMT+3","السلام","350","طوال اليوم","طوال اليوم","صباحا (من 6 الى 12)","صباحا (من 6 الى 12)","صباحا (من 6 الى 12)","بعد ظهر (من 12 الى 6)","بعد ظهر (من 12 الى 6)","بعد ظهر (من 12 الى 6)","بعد ظهر (من 12 الى 6)","بعد ظهر (من 12 الى 6)","بعد ظهر (من 12 الى 6)","مساءً (من 6 الى 12)","مساءً (من 6 الى 12)","مساءً (من 6 الى 12)","مساءً (من 6 الى 12)","مساءً (من 6 الى 12)","مساءً (من 6 الى 12)","مساءً (من 6 الى 12)","مساءً (من 6 الى 12)","مساءً (من 6 الى 12)","1","1","1","1","1","1","1","1","1","1","1","1","1","1","1","1","1","1","1","1","2","2","2","2","2","2","2","2","2","2","2","2","2","2","2","2","2","2","2","2"
"2025/11/12 4:59:46 AM GMT+3","العزيزية ","100","طوال اليوم","طوال اليوم","فجرا (من 12 الى 6)","مساءً (من 6 الى 12)","طوال اليوم","مساءً (من 6 الى 12)","بعد ظهر (من 12 الى 6)","بعد ظهر (من 12 الى 6)","بعد ظهر (من 12 الى 6)","بعد ظهر (من 12 الى 6)","طوال اليوم","مساءً (من 6 الى 12)","صباحا (من 6 الى 12)","فجرا (من 12 الى 6)","طوال اليوم","","صباحا (من 6 الى 12)","صباحا (من 6 الى 12)","بعد ظهر (من 12 الى 6)","طوال اليوم","1","1","5","2","أكثر من 5","1","1","1","1","1","1","2","1","3","5","1","1","1","1","1","أكثر من 5","أكثر من 5","أكثر من 5","أكثر من 5","أكثر من 5","1","3","2","1","2","أكثر من 5","2","1","أكثر من 5","أكثر من 5","1","4","1","1","3"
"2025/11/12 5:12:43 AM GMT+3","الولامين","600+","طوال اليوم","طوال اليوم","صباحا (من 6 الى 12);مساءً (من 6 الى 12);فجرا (من 12 الى 6)","بعد ظهر (من 12 الى 6);مساءً (من 6 الى 12)","بعد ظهر (من 12 الى 6);مساءً (من 6 الى 12);فجرا (من 12 الى 6)","بعد ظهر (من 12 الى 6);فجرا (من 12 الى 6)","بعد ظهر (من 12 الى 6);مساءً (من 6 الى 12)","مساءً (من 6 الى 12);فجرا (من 12 الى 6)","مساءً (من 6 الى 12)","بعد ظهر (من 12 الى 6)","طوال اليوم","صباحا (من 6 الى 12);فجرا (من 12 الى 6)","مساءً (من 6 الى 12)","صباحا (من 6 الى 12);فجرا (من 12 الى 6)","بعد ظهر (من 12 الى 6);مساءً (من 6 الى 12)","مساءً (من 6 الى 12);فجرا (من 12 الى 6)","صباحا (من 6 الى 12);مساءً (من 6 الى 12)","صباحا (من 6 الى 12);مساءً (من 6 الى 12)","مساءً (من 6 الى 12)","طوال اليوم","1","1","5","2","أكثر من 5","1","1","1","1","1","1","3","1","2","5","1","1","1","1","3","أكثر من 5","أكثر من 5","أكثر من 5","3","أكثر من 5","2","3","4","2","3","أكثر من 5","3","3","3","3","3","1","1","1","أكثر من 5"
"2025/11/12 5:32:25 AM GMT+3","العارض","800","طوال اليوم","طوال اليوم","مساءً (من 6 الى 12)","بعد ظهر (من 12 الى 6)","مساءً (من 6 الى 12)","","","صباحا (من 6 الى 12)","","","","","","","","","","طوال اليوم","","طوال اليوم","1","1","5","3","5","1","1","1","","","","2","","","","","","","","","3","","4","2","","3","1","","3","","","","3","2","","4","","3","",""
"2025/11/12 5:33:59 AM GMT+3","السلام ","٧٥٠","طوال اليوم","طوال اليوم","فجرا (من 12 الى 6)","بعد ظهر (من 12 الى 6)","مساءً (من 6 الى 12)","","","مساءً (من 6 الى 12)","","","","","","طوال اليوم","طوال اليوم","","فجرا (من 12 الى 6)","","مساءً (من 6 الى 12)","","1","1","5","1","1","1","1","1","1","1","1","1","1","1","1","1","1","1","1","1","5","1","1","1","1","1","1","1","1","1","1","1","1","1","1","1","1","1","1","1"
"2025/11/12 6:01:34 AM GMT+3","الخزامى","٥٠٠","بعد ظهر (من 12 الى 6)","بعد ظهر (من 12 الى 6)","بعد ظهر (من 12 الى 6)","مساءً (من 6 الى 12)","مساءً (من 6 الى 12)","بعد ظهر (من 12 الى 6)","بعد ظهر (من 12 الى 6)","مساءً (من 6 الى 12)","مساءً (من 6 الى 12)","مساءً (من 6 الى 12)","مساءً (من 6 الى 12)","مساءً (من 6 الى 12)","صباحا (من 6 الى 12)","صباحا (من 6 الى 12)","مساءً (من 6 الى 12)","بعد ظهر (من 12 الى 6)","صباحا (من 6 الى 12)","صباحا (من 6 الى 12)","بعد ظهر (من 12 الى 6)","مساءً (من 6 الى 12)","2","1","4","1","4","1","1","1","1","1","1","1","1","1","4","1","1","1","1","1","أكثر من 5","أكثر من 5","أكثر من 5","3","أكثر من 5","1","1","1","1","1","1","1","1","1","أكثر من 5","1","1","1","1","1"
"2025/11/12 6:03:36 AM GMT+3","المقابل ","1000","طوال اليوم","طوال اليوم","بعد ظهر (من 12 الى 6);مساءً (من 6 الى 12)","بعد ظهر (من 12 الى 6);مساءً (من 6 الى 12)","مساءً (من 6 الى 12);فجرا (من 12 الى 6)","صباحا (من 6 الى 12)","بعد ظهر (من 12 الى 6)","صباحا (من 6 الى 12);بعد ظهر (من 12 الى 6)","صباحا (من 6 الى 12)","بعد ظهر (من 12 الى 6);مساءً (من 6 الى 12);فجرا (من 12 الى 6)","طوال اليوم","طوال اليوم","صباحا (من 6 الى 12)","طوال اليوم","بعد ظهر (من 12 الى 6)","بعد ظهر (من 12 الى 6)","طوال اليوم","صباحا (من 6 الى 12);بعد ظهر (من 12 الى 6)","صباحا (من 6 الى 12);بعد ظهر (من 12 الى 6)","بعد ظهر (من 12 الى 6);مساءً (من 6 الى 12);فجرا (من 12 الى 6)","3","2","أكثر من 5","أكثر من 5","أكثر من 5","1","1","1","1","1","1","3","1","أكثر من 5","3","1","1","1","1","3","أكثر من 5","أكثر من 5","3","أكثر من 5","أكثر من 5","1","1","1","1","5","أكثر من 5","5","2","أكثر من 5","3","1","1","1","1","3"
"2025/11/12 6:04:42 AM GMT+3","السلام","700","طوال اليوم","طوال اليوم","صباحا (من 6 الى 12);بعد ظهر (من 12 الى 6)","طوال اليوم","طوال اليوم","صباحا (من 6 الى 12);بعد ظهر (من 12 الى 6);مساءً (من 6 الى 12)","بعد ظهر (من 12 الى 6);مساءً (من 6 الى 12)","طوال اليوم","طوال اليوم","صباحا (من 6 الى 12);بعد ظهر (من 12 الى 6)","صباحا (من 6 الى 12);بعد ظهر (من 12 الى 6)","طوال اليوم","طوال اليوم","طوال اليوم","طوال اليوم","صباحا (من 6 الى 12);بعد ظهر (من 12 الى 6)","صباحا (من 6 الى 12);بعد ظهر (من 12 الى 6)","صباحا (من 6 الى 12);بعد ظهر (من 12 الى 6)","مساءً (من 6 الى 12);فجرا (من 12 الى 6)","طوال اليوم","1","1","3","2","4","1","1","1","1","1","1","1","1","3","1","1","1","1","1","2","4","4","4","4","4","1","1","4","4","1","4","4","4","4","4","1","4","4","1","4"
"2025/11/12 6:13:12 AM GMT+3","السليمانيه","400","طوال اليوم","طوال اليوم","طوال اليوم","طوال اليوم","فجرا (من 12 الى 6)","","","صباحا (من 6 الى 12);بعد ظهر (من 12 الى 6)","","صباحا (من 6 الى 12);بعد ظهر (من 12 الى 6)","طوال اليوم","مساءً (من 6 الى 12);فجرا (من 12 الى 6)","صباحا (من 6 الى 12);بعد ظهر (من 12 الى 6)","طوال اليوم","","","صباحا (من 6 الى 12);بعد ظهر (من 12 الى 6)","","صباحا (من 6 الى 12);بعد ظهر (من 12 الى 6)","مساءً (من 6 الى 12);فجرا (من 12 الى 6)","1","1","3","2","أكثر من 5","","","","","1","1","1","1","2","","","1","","2","2","أكثر من 5","أكثر من 5","أكثر من 5","أكثر من 5","أكثر من 5","","","أكثر من 5","","4","أكثر من 5","","2","أكثر من 5","","","1","","1","أكثر من 5"
"2025/11/12 6:51:47 AM GMT+3","الجامعة","500","طوال اليوم","طوال اليوم","مساءً (من 6 الى 12);فجرا (من 12 الى 6)","مساءً (من 6 الى 12)","طوال اليوم","مساءً (من 6 الى 12)","صباحا (من 6 الى 12);بعد ظهر (من 12 الى 6)","مساءً (من 6 الى 12)","","مساءً (من 6 الى 12)","طوال اليوم","مساءً (من 6 الى 12);فجرا (من 12 الى 6)","صباحا (من 6 الى 12)","طوال اليوم","","صباحا (من 6 الى 12);مساءً (من 6 الى 12)","صباحا (من 6 الى 12)","صباحا (من 6 الى 12)","صباحا (من 6 الى 12)","","1","1","4","2","أكثر من 5","1","1","1","","1","1","1","1","2","","1","1","1","1","","أكثر من 5","أكثر من 5","أكثر من 5","5","أكثر من 5","1","3","3","","1","أكثر من 5","أكثر من 5","1","5","","1","1","1","1",""
"2025/11/12 6:54:44 AM GMT+3","السلام ","٩٥٠","صباحا (من 6 الى 12);طوال اليوم","صباحا (من 6 الى 12);طوال اليوم","بعد ظهر (من 12 الى 6);مساءً (من 6 الى 12)","مساءً (من 6 الى 12)","مساءً (من 6 الى 12)","بعد ظهر (من 12 الى 6)","بعد ظهر (من 12 الى 6)","بعد ظهر (من 12 الى 6);مساءً (من 6 الى 12)","مساءً (من 6 الى 12)","بعد ظهر (من 12 الى 6)","مساءً (من 6 الى 12)","صباحا (من 6 الى 12);مساءً (من 6 الى 12);فجرا (من 12 الى 6)","مساءً (من 6 الى 12)","صباحا (من 6 الى 12);مساءً (من 6 الى 12);فجرا (من 12 الى 6)","مساءً (من 6 الى 12)","بعد ظهر (من 12 الى 6)","مساءً (من 6 الى 12)","بعد ظهر (من 12 الى 6);فجرا (من 12 الى 6)","بعد ظهر (من 12 الى 6)","مساءً (من 6 الى 12);فجرا (من 12 الى 6)","1","2","4","2","أكثر من 5","1","1","1","1","1","1","1","1","1","3","1","1","1","1","1","أكثر من 5","أكثر من 5","2","1","أكثر من 5","1","3","2","1","1","1","1","1","2","3","1","1","1","1","2"
"2025/11/12 7:48:36 AM GMT+3","الرياض - الريان ","400","طوال اليوم","طوال اليوم","فجرا (من 12 الى 6)","بعد ظهر (من 12 الى 6)","طوال اليوم","صباحا (من 6 الى 12)","صباحا (من 6 الى 12)","صباحا (من 6 الى 12)","صباحا (من 6 الى 12)","صباحا (من 6 الى 12)","فجرا (من 12 الى 6)","صباحا (من 6 الى 12)","صباحا (من 6 الى 12)","فجرا (من 12 الى 6)","صباحا (من 6 الى 12)","صباحا (من 6 الى 12)","بعد ظهر (من 12 الى 6)","بعد ظهر (من 12 الى 6)","بعد ظهر (من 12 الى 6)","فجرا (من 12 الى 6)","1","","أكثر من 5","2","أكثر من 5","1","1","1","1","1","1","1","1","1","1","2","2","3","2","1","أكثر من 5","أكثر من 5","أكثر من 5","2","أكثر من 5","1","2","2","2","1","أكثر من 5","1","1","أكثر من 5","1","1","1","1","1","3"
"2025/11/12 8:24:00 AM GMT+3","حي السعاده ","٧٥٠","طوال اليوم","طوال اليوم","بعد ظهر (من 12 الى 6)","بعد ظهر (من 12 الى 6)","طوال اليوم","مساءً (من 6 الى 12)","","صباحا (من 6 الى 12)","","بعد ظهر (من 12 الى 6)","طوال اليوم","","صباحا (من 6 الى 12)","طوال اليوم","","","","","بعد ظهر (من 12 الى 6)","","1","1","","4","أكثر من 5","1","1","2","","1","1","2","1","2","","1","1","","1","2","أكثر من 5","أكثر من 5","4","أكثر من 5","أكثر من 5","1","","2","","1","أكثر من 5","2","1","أكثر من 5","","1","1","","1",""
"2025/11/12 8:43:43 AM GMT+3","العزيزيه ","٦٠٠٠ الى ٨٠٠٠ ريال","طوال اليوم","طوال اليوم","بعد ظهر (من 12 الى 6)","بعد ظهر (من 12 الى 6);مساءً (من 6 الى 12)","بعد ظهر (من 12 الى 6);مساءً (من 6 الى 12)","مساءً (من 6 الى 12)","بعد ظهر (من 12 الى 6);مساءً (من 6 الى 12)","طوال اليوم","","","طوال اليوم","صباحا (من 6 الى 12);مساءً (من 6 الى 12);فجرا (من 12 الى 6)","صباحا (من 6 الى 12)","طوال اليوم","","","بعد ظهر (من 12 الى 6);مساءً (من 6 الى 12)","بعد ظهر (من 12 الى 6);مساءً (من 6 الى 12)","","مساءً (من 6 الى 12)","1","1","4","2","أكثر من 5","1","1","1","","1","1","2","1","3","","","1","2","","1","أكثر من 5","أكثر من 5","أكثر من 5","4","4","1","1","2","","1","أكثر من 5","3","1","أكثر من 5","","","1","1","","1"
"2025/11/12 8:48:39 AM GMT+3","المنار","700","طوال اليوم","","مساءً (من 6 الى 12);فجرا (من 12 الى 6)","","بعد ظهر (من 12 الى 6);مساءً (من 6 الى 12);فجرا (من 12 الى 6)","","","بعد ظهر (من 12 الى 6);مساءً (من 6 الى 12);فجرا (من 12 الى 6)","","","","مساءً (من 6 الى 12);فجرا (من 12 الى 6)","مساءً (من 6 الى 12);فجرا (من 12 الى 6)","طوال اليوم","","","مساءً (من 6 الى 12);فجرا (من 12 الى 6)","","","طوال اليوم","1","","5","","أكثر من 5","","1","1","","","","1","1","2","","","1","","","3","أكثر من 5","","أكثر من 5","","أكثر من 5","","أكثر من 5","4","","","","2","2","","","","1","","","4"
"2025/11/12 8:52:23 AM GMT+3","بدر ","٣٠٠ الى ٦٠٠ ","طوال اليوم","طوال اليوم","بعد ظهر (من 12 الى 6);مساءً (من 6 الى 12);فجرا (من 12 الى 6)","طوال اليوم","طوال اليوم","مساءً (من 6 الى 12)","بعد ظهر (من 12 الى 6)","صباحا (من 6 الى 12);بعد ظهر (من 12 الى 6)","صباحا (من 6 الى 12);بعد ظهر (من 12 الى 6)","صباحا (من 6 الى 12);فجرا (من 12 الى 6)","طوال اليوم","فجرا (من 12 الى 6)","صباحا (من 6 الى 12);مساءً (من 6 الى 12)","صباحا (من 6 الى 12);فجرا (من 12 الى 6)","طوال اليوم","بعد ظهر (من 12 الى 6);فجرا (من 12 الى 6)","بعد ظهر (من 12 الى 6);فجرا (من 12 الى 6)","صباحا (من 6 الى 12);فجرا (من 12 الى 6)","","صباحا (من 6 الى 12);فجرا (من 12 الى 6)","2","2","5","3","أكثر من 5","2","2","2","1","2","2","2","2","2","أكثر من 5","1","2","3","3","3","أكثر من 5","أكثر من 5","أكثر من 5","أكثر من 5","أكثر من 5","أكثر من 5","أكثر من 5","أكثر من 5","أكثر من 5","أكثر من 5","أكثر من 5","أكثر من 5","أكثر من 5","أكثر من 5","أكثر من 5","أكثر من 5","أكثر من 5","أكثر من 5","أكثر من 5","أكثر من 5"
"2025/11/12 9:06:24 AM GMT+3","السلام ","700","طوال اليوم","طوال اليوم","فجرا (من 12 الى 6)","مساءً (من 6 الى 12)","مساءً (من 6 الى 12)","بعد ظهر (من 12 الى 6)","بعد ظهر (من 12 الى 6)","صباحا (من 6 الى 12)","بعد ظهر (من 12 الى 6)","صباحا (من 6 الى 12)","طوال اليوم","فجرا (من 12 الى 6)","مساءً (من 6 الى 12)","مساءً (من 6 الى 12)","بعد ظهر (من 12 الى 6)","بعد ظهر (من 12 الى 6)","طوال اليوم","صباحا (من 6 الى 12)","بعد ظهر (من 12 الى 6)","فجرا (من 12 الى 6)","1","1","أكثر من 5","1","أكثر من 5","1","1","1","1","1","1","1","1","3","1","1","1","1","1","1","أكثر من 5","أكثر من 5","3","1","أكثر من 5","1","1","2","1","1","1","1","1","1","1","1","1","1","1","1"
"2025/11/12 9:48:47 AM GMT+3","النظيم ","٨٠٠","مساءً (من 6 الى 12)","مساءً (من 6 الى 12)","مساءً (من 6 الى 12)","مساءً (من 6 الى 12)","مساءً (من 6 الى 12)","مساءً (من 6 الى 12)","مساءً (من 6 الى 12)","مساءً (من 6 الى 12)","مساءً (من 6 الى 12)","مساءً (من 6 الى 12)","مساءً (من 6 الى 12)","مساءً (من 6 الى 12)","مساءً (من 6 الى 12)","مساءً (من 6 الى 12)","مساءً (من 6 الى 12)","مساءً (من 6 الى 12)","مساءً (من 6 الى 12)","مساءً (من 6 الى 12)","مساءً (من 6 الى 12)","مساءً (من 6 الى 12)","2","2","4","4","4","2","2","2","2","2","2","2","2","4","4","4","4","4","2","4","أكثر من 5","أكثر من 5","أكثر من 5","أكثر من 5","4","2","2","2","2","2","2","2","2","4","4","4","4","4","4","4"
"2025/11/12 10:15:46 AM GMT+3","الهدى","170","طوال اليوم","","فجرا (من 12 الى 6)","فجرا (من 12 الى 6)","فجرا (من 12 الى 6)","","","بعد ظهر (من 12 الى 6)","","بعد ظهر (من 12 الى 6)","","","بعد ظهر (من 12 الى 6)","صباحا (من 6 الى 12)","","","فجرا (من 12 الى 6)","","بعد ظهر (من 12 الى 6)","طوال اليوم","1","","2","1","4","","","1","","1","","","1","2","","","1","","1","1","أكثر من 5","","أكثر من 5","أكثر من 5","5","","","2","","1","","","1","أكثر من 5","","","2","","1","أكثر من 5"
"2025/11/12 10:23:23 AM GMT+3","حي المطار ","٢٠٠٠ ريال ","صباحا (من 6 الى 12);بعد ظهر (من 12 الى 6);مساءً (من 6 الى 12);فجرا (من 12 الى 6)","صباحا (من 6 الى 12);بعد ظهر (من 12 الى 6);مساءً (من 6 الى 12);فجرا (من 12 الى 6)","بعد ظهر (من 12 الى 6);مساءً (من 6 الى 12);فجرا (من 12 الى 6)","","صباحا (من 6 الى 12);بعد ظهر (من 12 الى 6);مساءً (من 6 الى 12);فجرا (من 12 الى 6)","صباحا (من 6 الى 12);مساءً (من 6 الى 12)","مساءً (من 6 الى 12)","بعد ظهر (من 12 الى 6)","","","","","صباحا (من 6 الى 12);مساءً (من 6 الى 12)","صباحا (من 6 الى 12);بعد ظهر (من 12 الى 6);فجرا (من 12 الى 6)","صباحا (من 6 الى 12);بعد ظهر (من 12 الى 6);مساءً (من 6 الى 12);فجرا (من 12 الى 6)","","بعد ظهر (من 12 الى 6);مساءً (من 6 الى 12)","","","صباحا (من 6 الى 12);بعد ظهر (من 12 الى 6);مساءً (من 6 الى 12);فجرا (من 12 الى 6)","1","1","5","3","أكثر من 5","1","1","1","1","1","1","1","3","2","أكثر من 5","1","4","1","1","3","أكثر من 5","أكثر من 5","أكثر من 5","1","أكثر من 5","1","3","3","1","1","1","1","1","2","أكثر من 5","1","1","1","1","أكثر من 5"
"2025/11/12 10:23:39 AM GMT+3","وادي الدواسر","2000","طوال اليوم","طوال اليوم","","بعد ظهر (من 12 الى 6);مساءً (من 6 الى 12)","","بعد ظهر (من 12 الى 6)","","صباحا (من 6 الى 12);بعد ظهر (من 12 الى 6)","صباحا (من 6 الى 12);بعد ظهر (من 12 الى 6)","صباحا (من 6 الى 12)","","مساءً (من 6 الى 12);فجرا (من 12 الى 6)","صباحا (من 6 الى 12)","طوال اليوم","","صباحا (من 6 الى 12)","صباحا (من 6 الى 12);بعد ظهر (من 12 الى 6)","صباحا (من 6 الى 12);بعد ظهر (من 12 الى 6);مساءً (من 6 الى 12)","صباحا (من 6 الى 12)","صباحا (من 6 الى 12);بعد ظهر (من 12 الى 6);مساءً (من 6 الى 12)","2","4","أكثر من 5","4","أكثر من 5","3","3","2","1","2","1","أكثر من 5","3","2","","2","2","2","1","2","أكثر من 5","أكثر من 5","أكثر من 5","أكثر من 5","أكثر من 5","2","أكثر من 5","4","3","3","أكثر من 5","4","3","2","","2","3","3","2","أكثر من 5"
"2025/11/12 10:32:06 AM GMT+3","بوابة الشرق ","٢٠٠٠","صباحا (من 6 الى 12)","بعد ظهر (من 12 الى 6)","صباحا (من 6 الى 12);طوال اليوم","بعد ظهر (من 12 الى 6);مساءً (من 6 الى 12)","بعد ظهر (من 12 الى 6);طوال اليوم","بعد ظهر (من 12 الى 6)","بعد ظهر (من 12 الى 6);فجرا (من 12 الى 6)","بعد ظهر (من 12 الى 6)","صباحا (من 6 الى 12);فجرا (من 12 الى 6)","بعد ظهر (من 12 الى 6);فجرا (من 12 الى 6)","بعد ظهر (من 12 الى 6)","بعد ظهر (من 12 الى 6)","بعد ظهر (من 12 الى 6)","فجرا (من 12 الى 6)","فجرا (من 12 الى 6)","فجرا (من 12 الى 6)","مساءً (من 6 الى 12);فجرا (من 12 الى 6)","بعد ظهر (من 12 الى 6);مساءً (من 6 الى 12)","بعد ظهر (من 12 الى 6)","صباحا (من 6 الى 12);طوال اليوم","1","1","4","1","1","4","1","1","1","1","1","1","1","1","1","1","1","1","1","1","1","3","","1","1","1","1","1","1","","","","","1","1","1","1","1","1","1"
"2025/11/12 11:00:23 AM GMT+3","السلام ","700","طوال اليوم","طوال اليوم","فجرا (من 12 الى 6)","مساءً (من 6 الى 12)","مساءً (من 6 الى 12)","بعد ظهر (من 12 الى 6)","بعد ظهر (من 12 الى 6)","صباحا (من 6 الى 12)","مساءً (من 6 الى 12)","بعد ظهر (من 12 الى 6)","طوال اليوم","فجرا (من 12 الى 6)","صباحا (من 6 الى 12)","طوال اليوم","فجرا (من 12 الى 6)","صباحا (من 6 الى 12)","صباحا (من 6 الى 12)","صباحا (من 6 الى 12)","بعد ظهر (من 12 الى 6)","صباحا (من 6 الى 12)","1","1","5","2","5","1","1","1","1","1","1","1","1","2","5","1","1","1","1","1","5","5","5","2","4","1","1","1","1","1","5","1","1","5","1","1","1","1","1","2"
"2025/11/12 11:00:49 AM GMT+3","الهياثم ","1200","طوال اليوم","طوال اليوم","طوال اليوم","صباحا (من 6 الى 12)","طوال اليوم","صباحا (من 6 الى 12);مساءً (من 6 الى 12)","بعد ظهر (من 12 الى 6);مساءً (من 6 الى 12)","صباحا (من 6 الى 12);مساءً (من 6 الى 12)","بعد ظهر (من 12 الى 6);مساءً (من 6 الى 12)","صباحا (من 6 الى 12);بعد ظهر (من 12 الى 6);مساءً (من 6 الى 12)","طوال اليوم","صباحا (من 6 الى 12);بعد ظهر (من 12 الى 6);مساءً (من 6 الى 12)","","طوال اليوم","بعد ظهر (من 12 الى 6)","بعد ظهر (من 12 الى 6)","بعد ظهر (من 12 الى 6)","صباحا (من 6 الى 12);بعد ظهر (من 12 الى 6);مساءً (من 6 الى 12);فجرا (من 12 الى 6);طوال اليوم","بعد ظهر (من 12 الى 6);مساءً (من 6 الى 12)","طوال اليوم","2","3","أكثر من 5","4","أكثر من 5","2","2","3","1","2","3","أكثر من 5","2","أكثر من 5","أكثر من 5","2","3","4","2","4","أكثر من 5","أكثر من 5","أكثر من 5","أكثر من 5","أكثر من 5","1","2","3","2","1","أكثر من 5","2","1","أكثر من 5","2","1","2","3","1","أكثر من 5"
"2025/11/12 11:14:07 AM GMT+3","الخالديه ","١٦٠٠","طوال اليوم","","صباحا (من 6 الى 12);مساءً (من 6 الى 12)","صباحا (من 6 الى 12)","طوال اليوم","صباحا (من 6 الى 12)","صباحا (من 6 الى 12)","صباحا (من 6 الى 12)","","","طوال اليوم","صباحا (من 6 الى 12)","","صباحا (من 6 الى 12)","طوال اليوم","","صباحا (من 6 الى 12)","صباحا (من 6 الى 12)","صباحا (من 6 الى 12)","","1","","","4","أكثر من 5","1","1","1","","","1","1","1","2","5","","1","1","1","","3","3","3","3","3","3","3","3","3","3","3","3","3","3","3","3","3","3","3","3"
"2025/11/12 11:23:53 AM GMT+3","ظهرة لبن","250","طوال اليوم","طوال اليوم","طوال اليوم","بعد ظهر (من 12 الى 6);مساءً (من 6 الى 12)","مساءً (من 6 الى 12)","فجرا (من 12 الى 6)","مساءً (من 6 الى 12)","صباحا (من 6 الى 12)","صباحا (من 6 الى 12)","صباحا (من 6 الى 12)","طوال اليوم","صباحا (من 6 الى 12);فجرا (من 12 الى 6)","صباحا (من 6 الى 12);مساءً (من 6 الى 12)","طوال اليوم","","صباحا (من 6 الى 12);فجرا (من 12 الى 6)","صباحا (من 6 الى 12);بعد ظهر (من 12 الى 6);مساءً (من 6 الى 12)","","بعد ظهر (من 12 الى 6)","","3","2","أكثر من 5","3","أكثر من 5","1","2","2","1","2","1","3","1","أكثر من 5","","2","2","2","2","","أكثر من 5","أكثر من 5","أكثر من 5","4","أكثر من 5","1","2","3","2","2","أكثر من 5","3","2","أكثر من 5","","1","1","1","1",""
"2025/11/12 11:45:41 AM GMT+3","الرياض","500","طوال اليوم","طوال اليوم","بعد ظهر (من 12 الى 6)","صباحا (من 6 الى 12);بعد ظهر (من 12 الى 6);مساءً (من 6 الى 12)","صباحا (من 6 الى 12);بعد ظهر (من 12 الى 6);مساءً (من 6 الى 12)","","بعد ظهر (من 12 الى 6)","مساءً (من 6 الى 12)","بعد ظهر (من 12 الى 6)","","طوال اليوم","","صباحا (من 6 الى 12)","فجرا (من 12 الى 6)","","صباحا (من 6 الى 12)","صباحا (من 6 الى 12)","","","بعد ظهر (من 12 الى 6);مساءً (من 6 الى 12)","1","1","1","1","2","1","1","1","1","1","1","","1","1","","1","1","","","1","أكثر من 5","أكثر من 5","أكثر من 5","أكثر من 5","أكثر من 5","1","1","1","1","1","أكثر من 5","","1","1","","","1","","","1"
"2025/11/12 12:11:14 PM GMT+3","الخالدية ","1500","صباحا (من 6 الى 12);بعد ظهر (من 12 الى 6)","طوال اليوم","بعد ظهر (من 12 الى 6)","صباحا (من 6 الى 12)","مساءً (من 6 الى 12);طوال اليوم","مساءً (من 6 الى 12);طوال اليوم","مساءً (من 6 الى 12)","طوال اليوم","طوال اليوم","بعد ظهر (من 12 الى 6)","طوال اليوم","بعد ظهر (من 12 الى 6);طوال اليوم","مساءً (من 6 الى 12)","مساءً (من 6 الى 12);طوال اليوم","مساءً (من 6 الى 12)","مساءً (من 6 الى 12)","فجرا (من 12 الى 6)","فجرا (من 12 الى 6)","مساءً (من 6 الى 12)","فجرا (من 12 الى 6);طوال اليوم","1","1","1","1","أكثر من 5","2","1","2","1","1","1","4","2","أكثر من 5","1","1","1","1","1","3","أكثر من 5","أكثر من 5","أكثر من 5","أكثر من 5","أكثر من 5","3","5","أكثر من 5","أكثر من 5","2","2","5","2","5","2","1","4","2","1","أكثر من 5"
"2025/11/12 12:43:47 PM GMT+3","الروضة","1000","طوال اليوم","طوال اليوم","بعد ظهر (من 12 الى 6);مساءً (من 6 الى 12)","مساءً (من 6 الى 12)","مساءً (من 6 الى 12)","بعد ظهر (من 12 الى 6);مساءً (من 6 الى 12)","بعد ظهر (من 12 الى 6);مساءً (من 6 الى 12)","","","","طوال اليوم","","","طوال اليوم","","","صباحا (من 6 الى 12);مساءً (من 6 الى 12)","مساءً (من 6 الى 12)","","","2","2","أكثر من 5","2","أكثر من 5","1","1","2","","1","1","","","أكثر من 5","","","2","2","2","3","أكثر من 5","أكثر من 5","5","2","أكثر من 5","1","2","1","","","أكثر من 5","","","","","","","","",""
"2025/11/12 12:53:59 PM GMT+3","العزيزية ","400","صباحا (من 6 الى 12);بعد ظهر (من 12 الى 6);مساءً (من 6 الى 12);فجرا (من 12 الى 6);طوال اليوم","مساءً (من 6 الى 12)","بعد ظهر (من 12 الى 6);فجرا (من 12 الى 6)","مساءً (من 6 الى 12)","بعد ظهر (من 12 الى 6);مساءً (من 6 الى 12)","","مساءً (من 6 الى 12)","بعد ظهر (من 12 الى 6);مساءً (من 6 الى 12);فجرا (من 12 الى 6)","","مساءً (من 6 الى 12)","صباحا (من 6 الى 12);بعد ظهر (من 12 الى 6);مساءً (من 6 الى 12);فجرا (من 12 الى 6);طوال اليوم","","","","بعد ظهر (من 12 الى 6);مساءً (من 6 الى 12);فجرا (من 12 الى 6)","","مساءً (من 6 الى 12)","","مساءً (من 6 الى 12)","مساءً (من 6 الى 12)","1","1","4","2","أكثر من 5","","1","1","","1","1","","1","2","","","1","","1","1","3","3","2","1","4","","1","2","","1","2","1","1","1","1","","1","","1","2"
"2025/11/12 1:10:59 PM GMT+3","الناصفة","150 ريال","طوال اليوم","طوال اليوم","فجرا (من 12 الى 6)","مساءً (من 6 الى 12)","طوال اليوم","مساءً (من 6 الى 12)","مساءً (من 6 الى 12)","مساءً (من 6 الى 12)","مساءً (من 6 الى 12)","مساءً (من 6 الى 12)","طوال اليوم","مساءً (من 6 الى 12)","صباحا (من 6 الى 12)","طوال اليوم","مساءً (من 6 الى 12)","مساءً (من 6 الى 12)","صباحا (من 6 الى 12)","صباحا (من 6 الى 12)","صباحا (من 6 الى 12)","مساءً (من 6 الى 12)","1","1","1","2","أكثر من 5","1","1","1","1","1","1","1","1","1","2","1","1","1","1","1","أكثر من 5","أكثر من 5","أكثر من 5","5","أكثر من 5","2","1","2","2","1","أكثر من 5","1","1","أكثر من 5","2","1","1","1","1","أكثر من 5"
"2025/11/12 1:45:01 PM GMT+3","حي الخليج","1000","طوال اليوم","طوال اليوم","بعد ظهر (من 12 الى 6)","مساءً (من 6 الى 12)","مساءً (من 6 الى 12)","مساءً (من 6 الى 12)","صباحا (من 6 الى 12)","مساءً (من 6 الى 12)","","","طوال اليوم","مساءً (من 6 الى 12)","مساءً (من 6 الى 12)","طوال اليوم","مساءً (من 6 الى 12)","","بعد ظهر (من 12 الى 6)","صباحا (من 6 الى 12)","بعد ظهر (من 12 الى 6)","مساءً (من 6 الى 12)","1","1","أكثر من 5","2","أكثر من 5","1","1","1","","1","1","1","1","5","5","","1","1","1","3","أكثر من 5","أكثر من 5","4","3","4","1","2","4","","1","أكثر من 5","3","2","أكثر من 5","1","","1","1","1","3"
"2025/11/12 2:08:37 PM GMT+3","السلام","800﷼","طوال اليوم","طوال اليوم","طوال اليوم","مساءً (من 6 الى 12)","طوال اليوم","مساءً (من 6 الى 12)","بعد ظهر (من 12 الى 6)","مساءً (من 6 الى 12)","مساءً (من 6 الى 12)","بعد ظهر (من 12 الى 6)","طوال اليوم","مساءً (من 6 الى 12)","صباحا (من 6 الى 12)","طوال اليوم","طوال اليوم","صباحا (من 6 الى 12)","صباحا (من 6 الى 12)","صباحا (من 6 الى 12)","مساءً (من 6 الى 12)","طوال اليوم","1","1","5","2","أكثر من 5","1","2","2","1","1","1","2","1","","4","1","","2","1","3","أكثر من 5","أكثر من 5","أكثر من 5","أكثر من 5","أكثر من 5","1","3","2","2","1","أكثر من 5","أكثر من 5","1","أكثر من 5","أكثر من 5","1","1","أكثر من 5","1","1"
"2025/11/12 2:21:05 PM GMT+3","الملز","800","طوال اليوم","طوال اليوم","صباحا (من 6 الى 12);بعد ظهر (من 12 الى 6)","مساءً (من 6 الى 12)","مساءً (من 6 الى 12)","","بعد ظهر (من 12 الى 6)","بعد ظهر (من 12 الى 6)","بعد ظهر (من 12 الى 6)","بعد ظهر (من 12 الى 6)","بعد ظهر (من 12 الى 6)","بعد ظهر (من 12 الى 6)","بعد ظهر (من 12 الى 6)","بعد ظهر (من 12 الى 6)","بعد ظهر (من 12 الى 6)","بعد ظهر (من 12 الى 6)","بعد ظهر (من 12 الى 6)","بعد ظهر (من 12 الى 6)","بعد ظهر (من 12 الى 6)","صباحا (من 6 الى 12);بعد ظهر (من 12 الى 6);مساءً (من 6 الى 12);فجرا (من 12 الى 6);طوال اليوم","1","2","5","2","أكثر من 5","1","1","1","1","1","1","1","1","1","3","1","3","1","1","3","أكثر من 5","أكثر من 5","أكثر من 5","أكثر من 5","أكثر من 5","1","1","1","1","1","أكثر من 5","4","1","1","3","1","1","1","1","أكثر من 5"
"2025/11/12 2:41:13 PM GMT+3","السلام","780","صباحا (من 6 الى 12)","صباحا (من 6 الى 12)","صباحا (من 6 الى 12)","صباحا (من 6 الى 12)","صباحا (من 6 الى 12)","صباحا (من 6 الى 12)","صباحا (من 6 الى 12)","صباحا (من 6 الى 12)","صباحا (من 6 الى 12)","صباحا (من 6 الى 12)","صباحا (من 6 الى 12)","صباحا (من 6 الى 12)","صباحا (من 6 الى 12)","صباحا (من 6 الى 12)","صباحا (من 6 الى 12)","صباحا (من 6 الى 12)","صباحا (من 6 الى 12)","صباحا (من 6 الى 12)","صباحا (من 6 الى 12)","صباحا (من 6 الى 12)","1","1","1","1","1","1","1","1","1","1","1","1","2","","1","1","1","1","1","1","1","1","1","1","1","1","1","1","1","1","1","","1","1","1","1","1","1","1","1"
"2025/11/12 2:53:50 PM GMT+3","الخرج ","3800","","","","","","","","","","","","","","","","","","","","","1","1","1","1","5","2","1","2","1","2","1","2","2","2","","1","2","1","2","2","","","","","","","","","","","","","","","","","","","",""
"2025/11/12 3:03:09 PM GMT+3","الموسئ","١٠٠٠","صباحا (من 6 الى 12)","","","","صباحا (من 6 الى 12)","","","","","","","","","صباحا (من 6 الى 12)","","","","","","صباحا (من 6 الى 12)","1","","","1","","","","","","1","","","","","","","","","","","1","","","","","","","","","","","","","","","","","","","1"
"2025/11/12 3:26:27 PM GMT+3","ا","1300","طوال اليوم","طوال اليوم","بعد ظهر (من 12 الى 6);مساءً (من 6 الى 12);فجرا (من 12 الى 6)","مساءً (من 6 الى 12)","طوال اليوم","مساءً (من 6 الى 12)","مساءً (من 6 الى 12)","بعد ظهر (من 12 الى 6);مساءً (من 6 الى 12)","","مساءً (من 6 الى 12)","بعد ظهر (من 12 الى 6);مساءً (من 6 الى 12)","بعد ظهر (من 12 الى 6);مساءً (من 6 الى 12)","بعد ظهر (من 12 الى 6);مساءً (من 6 الى 12)","بعد ظهر (من 12 الى 6);مساءً (من 6 الى 12)","فجرا (من 12 الى 6)","","بعد ظهر (من 12 الى 6);مساءً (من 6 الى 12)","","","","2","2","أكثر من 5","1","أكثر من 5","1","1","3","","1","1","1","1","3","3","","1","","1","","أكثر من 5","أكثر من 5","4","3","أكثر من 5","1","1","4","","2","أكثر من 5","2","4","5","أكثر من 5","","2","","",""
"2025/11/12 4:55:01 PM GMT+3","وادي الدواسر - الخماسين","1000","طوال اليوم","طوال اليوم","بعد ظهر (من 12 الى 6);فجرا (من 12 الى 6)","مساءً (من 6 الى 12)","بعد ظهر (من 12 الى 6);مساءً (من 6 الى 12)","صباحا (من 6 الى 12);بعد ظهر (من 12 الى 6);مساءً (من 6 الى 12)","صباحا (من 6 الى 12);بعد ظهر (من 12 الى 6);مساءً (من 6 الى 12)","مساءً (من 6 الى 12)","","","طوال اليوم","","مساءً (من 6 الى 12)","صباحا (من 6 الى 12);بعد ظهر (من 12 الى 6)","طوال اليوم","","بعد ظهر (من 12 الى 6);مساءً (من 6 الى 12)","","بعد ظهر (من 12 الى 6);مساءً (من 6 الى 12)","صباحا (من 6 الى 12);بعد ظهر (من 12 الى 6);مساءً (من 6 الى 12)","2","1","أكثر من 5","1","أكثر من 5","1","1","1","","","1","","1","3","5","","1","","1","2","أكثر من 5","أكثر من 5","أكثر من 5","1","أكثر من 5","1","1","2","","","أكثر من 5","","3","3","أكثر من 5","","1","","","أكثر من 5"
"2025/11/12 6:41:47 PM GMT+3","الهدا","350","طوال اليوم","طوال اليوم","فجرا (من 12 الى 6)","بعد ظهر (من 12 الى 6)","مساءً (من 6 الى 12)","صباحا (من 6 الى 12)","فجرا (من 12 الى 6)","فجرا (من 12 الى 6)","صباحا (من 6 الى 12)","صباحا (من 6 الى 12)","صباحا (من 6 الى 12)","صباحا (من 6 الى 12)","مساءً (من 6 الى 12)","طوال اليوم","صباحا (من 6 الى 12)","صباحا (من 6 الى 12)","مساءً (من 6 الى 12)","صباحا (من 6 الى 12)","صباحا (من 6 الى 12)","طوال اليوم","1","1","5","2","4","1","1","1","1","1","1","1","1","3","3","1","1","1","1","1","5","3","3","3","3","4","4","3","3","5","3","3","5","3","2","4","2","4","3","3"
"2025/11/13 5:47:51 PM GMT+3","الخماسين ","٢٥٠","طوال اليوم","طوال اليوم","صباحا (من 6 الى 12)","بعد ظهر (من 12 الى 6)","بعد ظهر (من 12 الى 6)","مساءً (من 6 الى 12)","مساءً (من 6 الى 12)","بعد ظهر (من 12 الى 6)","مساءً (من 6 الى 12)","مساءً (من 6 الى 12)","بعد ظهر (من 12 الى 6)","","مساءً (من 6 الى 12)","بعد ظهر (من 12 الى 6)","مساءً (من 6 الى 12)","بعد ظهر (من 12 الى 6)","بعد ظهر (من 12 الى 6)","صباحا (من 6 الى 12)","بعد ظهر (من 12 الى 6)","مساءً (من 6 الى 12)","","أكثر من 5","3","2","2","2","3","","3","3","3","2","2","","3","2","3","2","2","2","أكثر من 5","أكثر من 5","5","5","5","4","5","4","5","4","4","5","4","4","4","","4","4","5","5"
"2025/11/14 12:20:52 AM GMT+3","الرياض، الجنادرية","٢٠٠ ريال","طوال اليوم","طوال اليوم","طوال اليوم","صباحا (من 6 الى 12)","طوال اليوم","صباحا (من 6 الى 12)","صباحا (من 6 الى 12)","صباحا (من 6 الى 12)","","صباحا (من 6 الى 12)","طوال اليوم","صباحا (من 6 الى 12)","صباحا (من 6 الى 12)","بعد ظهر (من 12 الى 6)","","","صباحا (من 6 الى 12)","","","","1","1","1","1","5","","1","1","","1","1","1","1","2","","","1","","","1","5","5","5","5","5","1","3","5","","2","5","","1","5","","","1","","","5"
"2025/11/14 10:12:43 AM GMT+3","الخزامي","٨٥٠ ريال","صباحا (من 6 الى 12)","صباحا (من 6 الى 12)","بعد ظهر (من 12 الى 6)","بعد ظهر (من 12 الى 6)","مساءً (من 6 الى 12)","بعد ظهر (من 12 الى 6)","بعد ظهر (من 12 الى 6)","بعد ظهر (من 12 الى 6)","مساءً (من 6 الى 12)","صباحا (من 6 الى 12)","صباحا (من 6 الى 12)","مساءً (من 6 الى 12)","بعد ظهر (من 12 الى 6)","بعد ظهر (من 12 الى 6)","فجرا (من 12 الى 6)","صباحا (من 6 الى 12)","بعد ظهر (من 12 الى 6)","","","","2","1","4","2","4","2","2","1","1","1","1","3","1","3","3","1","1","1","1","1","4","4","4","2","4","2","2","4","3","2","4","2","2","2","2","1","2","2","2","3"
"2025/11/14 9:53:48 PM GMT+3","خزامى","٣٠٠٠","طوال اليوم","فجرا (من 12 الى 6)","بعد ظهر (من 12 الى 6)","مساءً (من 6 الى 12)","بعد ظهر (من 12 الى 6);مساءً (من 6 الى 12);فجرا (من 12 الى 6)","","بعد ظهر (من 12 الى 6);مساءً (من 6 الى 12)","بعد ظهر (من 12 الى 6)","","بعد ظهر (من 12 الى 6);مساءً (من 6 الى 12)","","","صباحا (من 6 الى 12)","طوال اليوم","","","صباحا (من 6 الى 12);بعد ظهر (من 12 الى 6)","","بعد ظهر (من 12 الى 6);مساءً (من 6 الى 12)","","1","1","أكثر من 5","1","أكثر من 5","","1","1","","1","","","1","أكثر من 5","","","1","","أكثر من 5","","أكثر من 5","أكثر من 5","أكثر من 5","أكثر من 5","أكثر من 5","","2","1","","1","","","1","أكثر من 5","","","1","","1",""
"2025/11/15 8:06:16 PM GMT+3","طويق","1000","طوال اليوم","طوال اليوم","فجرا (من 12 الى 6)","طوال اليوم","طوال اليوم","طوال اليوم","بعد ظهر (من 12 الى 6)","بعد ظهر (من 12 الى 6);مساءً (من 6 الى 12)","بعد ظهر (من 12 الى 6);مساءً (من 6 الى 12)","بعد ظهر (من 12 الى 6)","طوال اليوم","صباحا (من 6 الى 12)","بعد ظهر (من 12 الى 6)","طوال اليوم","طوال اليوم","صباحا (من 6 الى 12)","طوال اليوم","مساءً (من 6 الى 12)","مساءً (من 6 الى 12)","بعد ظهر (من 12 الى 6);مساءً (من 6 الى 12)","2","1","أكثر من 5","2","أكثر من 5","1","1","1","1","2","1","3","1","5","5","1","1","1","2","4","أكثر من 5","أكثر من 5","أكثر من 5","أكثر من 5","أكثر من 5","أكثر من 5","1","3","2","2","أكثر من 5","3","2","أكثر من 5","أكثر من 5","1","2","1","1","5"
"2025/11/15 9:20:57 PM GMT+3","النزهة","520","طوال اليوم","طوال اليوم","صباحا (من 6 الى 12);فجرا (من 12 الى 6)","مساءً (من 6 الى 12)","مساءً (من 6 الى 12);فجرا (من 12 الى 6)","بعد ظهر (من 12 الى 6);مساءً (من 6 الى 12)","مساءً (من 6 الى 12)","مساءً (من 6 الى 12)","","بعد ظهر (من 12 الى 6)","طوال اليوم","مساءً (من 6 الى 12);فجرا (من 12 الى 6)","مساءً (من 6 الى 12);فجرا (من 12 الى 6)","طوال اليوم","طوال اليوم","","طوال اليوم","","بعد ظهر (من 12 الى 6)","بعد ظهر (من 12 الى 6);مساءً (من 6 الى 12);فجرا (من 12 الى 6)","1","1","5","2","أكثر من 5","1","1","1","","2","1","3","2","4","4","","1","","1","4","أكثر من 5","أكثر من 5","أكثر من 5","5","أكثر من 5","1","2","3","","3","أكثر من 5","5","3","أكثر من 5","أكثر من 5","","3","","1","أكثر من 5"
"2025/11/16 11:08:27 PM GMT+3","الفرسان","في الصيف تقريبا 400 إلى 450 وفي الشتاء 150 إلى 180","طوال اليوم","طوال اليوم","صباحا (من 6 الى 12);بعد ظهر (من 12 الى 6)","صباحا (من 6 الى 12);مساءً (من 6 الى 12);فجرا (من 12 الى 6)","مساءً (من 6 الى 12)","مساءً (من 6 الى 12)","","مساءً (من 6 الى 12)","","مساءً (من 6 الى 12)","","مساءً (من 6 الى 12);فجرا (من 12 الى 6)","مساءً (من 6 الى 12)","مساءً (من 6 الى 12);فجرا (من 12 الى 6)","","","بعد ظهر (من 12 الى 6);مساءً (من 6 الى 12);فجرا (من 12 الى 6)","مساءً (من 6 الى 12)","","مساءً (من 6 الى 12)","1","1","1","1","1","1","1","1","","1","1","1","1","1","","","1","1","1","1","","","","3","3","","3","3","","","","","","","","","3","","3","3"
"2025/11/22 6:24:08 AM GMT+3","حي الريان","1200 ","طوال اليوم","طوال اليوم","صباحا (من 6 الى 12);بعد ظهر (من 12 الى 6);فجرا (من 12 الى 6)","بعد ظهر (من 12 الى 6)","مساءً (من 6 الى 12)","","بعد ظهر (من 12 الى 6)","بعد ظهر (من 12 الى 6);مساءً (من 6 الى 12)","","بعد ظهر (من 12 الى 6)","طوال اليوم","مساءً (من 6 الى 12)","مساءً (من 6 الى 12)","طوال اليوم","مساءً (من 6 الى 12)","","صباحا (من 6 الى 12)","","بعد ظهر (من 12 الى 6)","بعد ظهر (من 12 الى 6)","2","1","أكثر من 5","3","أكثر من 5","1","1","1","","1","1","2","2","2","أكثر من 5","","1","","1","3","أكثر من 5","أكثر من 5","أكثر من 5","3","5","1","2","2","","1","أكثر من 5","3","1","أكثر من 5","5","","1","","1","2"