data_path,sheet_name,data_name,y_true,y_pred,correct
Model_D,HalogenLamp,HalogenLamp_D0,0,0,True
Model_D,HalogenLamp,HalogenLamp_D0,0,0,True
Model_D,HalogenLamp,HalogenLamp_D0,0,0,True
Model_D,HalogenLamp,HalogenLamp_D0,0,0,True
Model_D,HalogenLamp,HalogenLamp_D0,0,0,True
Model_D,HalogenLamp,HalogenLamp_D0,0,0,True
Model_D,HalogenLamp,HalogenLamp_D0,0,0,True
Model_D,HalogenLamp,HalogenLamp_D0,0,0,True
Model_D,HalogenLamp,HalogenLamp_D0,0,0,True
Model_D,HalogenLamp,HalogenLamp_D0,0,0,True
Model_D,HalogenLamp,HalogenLamp_D0,0,0,True
Model_D,HalogenLamp,HalogenLamp_D0,0,0,True
Model_D,HalogenLamp,HalogenLamp_D0,0,0,True
Model_D,HalogenLamp,HalogenLamp_D0,0,0,True
Model_D,HalogenLamp,HalogenLamp_D0,0,0,True
Model_D,HalogenLamp,HalogenLamp_D0,0,0,True
Model_D,HalogenLamp,HalogenLamp_D0,0,0,True
Model_D,HalogenLamp,HalogenLamp_D0,0,0,True
Model_D,HalogenLamp,HalogenLamp_D0,0,0,True
Model_D,HalogenLamp,HalogenLamp_D0,0,0,True
Model_D,HalogenLamp,HalogenLamp_D0,0,0,True
Model_D,HalogenLamp,HalogenLamp_D0,0,0,True
Model_D,HalogenLamp,HalogenLamp_D0,0,0,True
Model_D,HalogenLamp,HalogenLamp_D0,0,0,True
Model_D,HalogenLamp,HalogenLamp_D0,0,0,True
Model_D,HalogenLamp,HalogenLamp_D0,0,0,True
Model_D,HalogenLamp,HalogenLamp_D0,0,0,True
Model_D,HalogenLamp,HalogenLamp_D0,0,0,True
Model_D,HalogenLamp,HalogenLamp_D0,0,0,True
Model_D,HalogenLamp,HalogenLamp_D0,0,0,True
Model_D,HalogenLamp,HalogenLamp_D0,0,0,True
Model_D,HalogenLamp,HalogenLamp_D0,0,0,True
Model_D,HalogenLamp,HalogenLamp_D0,0,0,True
Model_D,HalogenLamp,HalogenLamp_D0,0,0,True
Model_D,HalogenLamp,HalogenLamp_D0,0,0,True
Model_D,HalogenLamp,HalogenLamp_D0,0,0,True
Model_D,HalogenLamp,HalogenLamp_D0,0,0,True
Model_D,HalogenLamp,HalogenLamp_D0,0,0,True
Model_D,HalogenLamp,HalogenLamp_D0,0,0,True
Model_D,HalogenLamp,HalogenLamp_D0,0,0,True
Model_D,HalogenLamp,HalogenLamp_D0,0,0,True
Model_D,HalogenLamp,HalogenLamp_D0,0,0,True
Model_D,HalogenLamp,HalogenLamp_D0,0,0,True
Model_D,HalogenLamp,HalogenLamp_D0,0,0,True
Model_D,HalogenLamp,HalogenLamp_D0,0,0,True
Model_D,HalogenLamp,HalogenLamp_D0,0,0,True
Model_D,HalogenLamp,HalogenLamp_D0,0,0,True
Model_D,HalogenLamp,HalogenLamp_D0,0,0,True
Model_D,HalogenLamp,HalogenLamp_D0,0,0,True
Model_D,HalogenLamp,HalogenLamp_D0,0,0,True
Model_D,HalogenLamp,HalogenLamp_D0,0,0,True
Model_D,HalogenLamp,HalogenLamp_D0,0,0,True
Model_D,HalogenLamp,HalogenLamp_D0,0,0,True
Model_D,HalogenLamp,HalogenLamp_D0,0,0,True
Model_D,HalogenLamp,HalogenLamp_D0,0,0,True
Model_D,HalogenLamp,HalogenLamp_D0,0,0,True
Model_D,HalogenLamp,HalogenLamp_D0,0,0,True
Model_D,HalogenLamp,HalogenLamp_D0,0,0,True
Model_D,HalogenLamp,HalogenLamp_D0,0,0,True
Model_D,HalogenLamp,HalogenLamp_D0,0,0,True
Model_D,HalogenLamp,HalogenLamp_D0,0,0,True
Model_D,HalogenLamp,HalogenLamp_D0,0,0,True
Model_D,HalogenLamp,HalogenLamp_D0,0,0,True
Model_D,HalogenLamp,HalogenLamp_D0,1,1,True
Model_D,HalogenLamp,HalogenLamp_D0,1,1,True
Model_D,HalogenLamp,HalogenLamp_D0,1,1,True
Model_D,HalogenLamp,HalogenLamp_D0,1,1,True
Model_D,HalogenLamp,HalogenLamp_D0,1,1,True
Model_D,HalogenLamp,HalogenLamp_D0,1,1,True
Model_D,HalogenLamp,HalogenLamp_D0,1,1,True
Model_D,HalogenLamp,HalogenLamp_D0,1,1,True
Model_D,HalogenLamp,HalogenLamp_D0,1,1,True
Model_D,HalogenLamp,HalogenLamp_D0,1,1,True
Model_D,HalogenLamp,HalogenLamp_D0,1,1,True
Model_D,HalogenLamp,HalogenLamp_D0,1,1,True
Model_D,HalogenLamp,HalogenLamp_D0,1,1,True
Model_D,HalogenLamp,HalogenLamp_D0,1,1,True
Model_D,HalogenLamp,HalogenLamp_D0,1,1,True
Model_D,HalogenLamp,HalogenLamp_D0,1,1,True
Model_D,HalogenLamp,HalogenLamp_D0,1,1,True
Model_D,HalogenLamp,HalogenLamp_D0,1,1,True
Model_D,HalogenLamp,HalogenLamp_D0,1,1,True
Model_D,HalogenLamp,HalogenLamp_D0,1,1,True
Model_D,HalogenLamp,HalogenLamp_D0,1,1,True
Model_D,HalogenLamp,HalogenLamp_D0,1,1,True
Model_D,HalogenLamp,HalogenLamp_D1,0,1,False
Model_D,HalogenLamp,HalogenLamp_D1,0,1,False
Model_D,HalogenLamp,HalogenLamp_D1,0,1,False
Model_D,HalogenLamp,HalogenLamp_D1,0,1,False
Model_D,HalogenLamp,HalogenLamp_D1,0,1,False
Model_D,HalogenLamp,HalogenLamp_D1,0,1,False
Model_D,HalogenLamp,HalogenLamp_D1,0,0,True
Model_D,HalogenLamp,HalogenLamp_D1,0,0,True
Model_D,HalogenLamp,HalogenLamp_D1,0,0,True
Model_D,HalogenLamp,HalogenLamp_D1,0,0,True
Model_D,HalogenLamp,HalogenLamp_D1,0,0,True
Model_D,HalogenLamp,HalogenLamp_D1,0,0,True
Model_D,HalogenLamp,HalogenLamp_D1,0,0,True
Model_D,HalogenLamp,HalogenLamp_D1,0,0,True
Model_D,HalogenLamp,HalogenLamp_D1,0,0,True
Model_D,HalogenLamp,HalogenLamp_D1,0,0,True
Model_D,HalogenLamp,HalogenLamp_D1,0,0,True
Model_D,HalogenLamp,HalogenLamp_D1,0,0,True
Model_D,HalogenLamp,HalogenLamp_D1,0,0,True
Model_D,HalogenLamp,HalogenLamp_D1,0,0,True
Model_D,HalogenLamp,HalogenLamp_D1,0,0,True
Model_D,HalogenLamp,HalogenLamp_D1,0,0,True
Model_D,HalogenLamp,HalogenLamp_D1,0,0,True
Model_D,HalogenLamp,HalogenLamp_D1,0,0,True
Model_D,HalogenLamp,HalogenLamp_D1,0,0,True
Model_D,HalogenLamp,HalogenLamp_D1,0,0,True
Model_D,HalogenLamp,HalogenLamp_D1,0,0,True
Model_D,HalogenLamp,HalogenLamp_D1,0,0,True
Model_D,HalogenLamp,HalogenLamp_D1,0,0,True
Model_D,HalogenLamp,HalogenLamp_D1,0,0,True
Model_D,HalogenLamp,HalogenLamp_D1,0,0,True
Model_D,HalogenLamp,HalogenLamp_D1,0,0,True
Model_D,HalogenLamp,HalogenLamp_D1,0,0,True
Model_D,HalogenLamp,HalogenLamp_D1,0,0,True
Model_D,HalogenLamp,HalogenLamp_D1,0,0,True
Model_D,HalogenLamp,HalogenLamp_D1,0,0,True
Model_D,HalogenLamp,HalogenLamp_D1,0,0,True
Model_D,HalogenLamp,HalogenLamp_D1,0,0,True
Model_D,HalogenLamp,HalogenLamp_D1,0,0,True
Model_D,HalogenLamp,HalogenLamp_D1,0,0,True
Model_D,HalogenLamp,HalogenLamp_D1,0,0,True
Model_D,HalogenLamp,HalogenLamp_D1,0,0,True
Model_D,HalogenLamp,HalogenLamp_D1,0,0,True
Model_D,HalogenLamp,HalogenLamp_D1,0,0,True
Model_D,HalogenLamp,HalogenLamp_D1,0,0,True
Model_D,HalogenLamp,HalogenLamp_D1,0,0,True
Model_D,HalogenLamp,HalogenLamp_D1,0,0,True
Model_D,HalogenLamp,HalogenLamp_D1,0,0,True
Model_D,HalogenLamp,HalogenLamp_D1,0,0,True
Model_D,HalogenLamp,HalogenLamp_D1,0,0,True
Model_D,HalogenLamp,HalogenLamp_D1,1,0,False
Model_D,HalogenLamp,HalogenLamp_D1,1,0,False
Model_D,HalogenLamp,HalogenLamp_D1,1,1,True
Model_D,HalogenLamp,HalogenLamp_D1,1,1,True
Model_D,HalogenLamp,HalogenLamp_D1,1,1,True
Model_D,HalogenLamp,HalogenLamp_D1,1,1,True
Model_D,HalogenLamp,HalogenLamp_D1,1,1,True
Model_D,HalogenLamp,HalogenLamp_D1,1,1,True
Model_D,HalogenLamp,HalogenLamp_D1,1,1,True
Model_D,HalogenLamp,HalogenLamp_D1,1,1,True
Model_D,HalogenLamp,HalogenLamp_D1,1,1,True
Model_D,HalogenLamp,HalogenLamp_D1,1,1,True
Model_D,HalogenLamp,HalogenLamp_D1,1,1,True
Model_D,HalogenLamp,HalogenLamp_D1,1,1,True
Model_D,HalogenLamp,HalogenLamp_D1,1,1,True
Model_D,HalogenLamp,HalogenLamp_D1,1,1,True
Model_D,HalogenLamp,HalogenLamp_D1,1,1,True
Model_D,HalogenLamp,HalogenLamp_D1,1,1,True
Model_D,HalogenLamp,HalogenLamp_D1,1,1,True
Model_D,HalogenLamp,HalogenLamp_D1,1,1,True
Model_D,HalogenLamp,HalogenLamp_D1,1,1,True
Model_D,HalogenLamp,HalogenLamp_D1,1,1,True
Model_D,HalogenLamp,HalogenLamp_D2,0,0,True
Model_D,HalogenLamp,HalogenLamp_D2,0,0,True
Model_D,HalogenLamp,HalogenLamp_D2,0,0,True
Model_D,HalogenLamp,HalogenLamp_D2,0,0,True
Model_D,HalogenLamp,HalogenLamp_D2,0,0,True
Model_D,HalogenLamp,HalogenLamp_D2,0,0,True
Model_D,HalogenLamp,HalogenLamp_D2,0,0,True
Model_D,HalogenLamp,HalogenLamp_D2,0,0,True
Model_D,HalogenLamp,HalogenLamp_D2,0,0,True
Model_D,HalogenLamp,HalogenLamp_D2,0,0,True
Model_D,HalogenLamp,HalogenLamp_D2,0,0,True
Model_D,HalogenLamp,HalogenLamp_D2,0,0,True
Model_D,HalogenLamp,HalogenLamp_D2,0,0,True
Model_D,HalogenLamp,HalogenLamp_D2,0,0,True
Model_D,HalogenLamp,HalogenLamp_D2,0,0,True
Model_D,HalogenLamp,HalogenLamp_D2,0,0,True
Model_D,HalogenLamp,HalogenLamp_D2,0,0,True
Model_D,HalogenLamp,HalogenLamp_D2,0,0,True
Model_D,HalogenLamp,HalogenLamp_D2,0,0,True
Model_D,HalogenLamp,HalogenLamp_D2,0,0,True
Model_D,HalogenLamp,HalogenLamp_D2,0,0,True
Model_D,HalogenLamp,HalogenLamp_D2,0,0,True
Model_D,HalogenLamp,HalogenLamp_D2,0,0,True
Model_D,HalogenLamp,HalogenLamp_D2,0,0,True
Model_D,HalogenLamp,HalogenLamp_D2,0,0,True
Model_D,HalogenLamp,HalogenLamp_D2,0,0,True
Model_D,HalogenLamp,HalogenLamp_D2,0,0,True
Model_D,HalogenLamp,HalogenLamp_D2,0,0,True
Model_D,HalogenLamp,HalogenLamp_D2,0,0,True
Model_D,HalogenLamp,HalogenLamp_D2,0,0,True
Model_D,HalogenLamp,HalogenLamp_D2,0,0,True
Model_D,HalogenLamp,HalogenLamp_D2,0,0,True
Model_D,HalogenLamp,HalogenLamp_D2,0,0,True
Model_D,HalogenLamp,HalogenLamp_D2,0,0,True
Model_D,HalogenLamp,HalogenLamp_D2,0,0,True
Model_D,HalogenLamp,HalogenLamp_D2,0,0,True
Model_D,HalogenLamp,HalogenLamp_D2,0,0,True
Model_D,HalogenLamp,HalogenLamp_D2,0,0,True
Model_D,HalogenLamp,HalogenLamp_D2,0,0,True
Model_D,HalogenLamp,HalogenLamp_D2,0,0,True
Model_D,HalogenLamp,HalogenLamp_D2,0,0,True
Model_D,HalogenLamp,HalogenLamp_D2,0,0,True
Model_D,HalogenLamp,HalogenLamp_D2,0,0,True
Model_D,HalogenLamp,HalogenLamp_D2,0,0,True
Model_D,HalogenLamp,HalogenLamp_D2,0,0,True
Model_D,HalogenLamp,HalogenLamp_D2,0,0,True
Model_D,HalogenLamp,HalogenLamp_D2,0,0,True
Model_D,HalogenLamp,HalogenLamp_D2,0,0,True
Model_D,HalogenLamp,HalogenLamp_D2,0,0,True
Model_D,HalogenLamp,HalogenLamp_D2,0,0,True
Model_D,HalogenLamp,HalogenLamp_D2,1,0,False
Model_D,HalogenLamp,HalogenLamp_D2,1,1,True
Model_D,HalogenLamp,HalogenLamp_D2,1,1,True
Model_D,HalogenLamp,HalogenLamp_D2,1,1,True
Model_D,HalogenLamp,HalogenLamp_D2,1,1,True
Model_D,HalogenLamp,HalogenLamp_D2,1,1,True
Model_D,HalogenLamp,HalogenLamp_D2,1,1,True
Model_D,HalogenLamp,HalogenLamp_D2,1,1,True
Model_D,HalogenLamp,HalogenLamp_D2,1,1,True
Model_D,HalogenLamp,HalogenLamp_D2,1,1,True
Model_D,HalogenLamp,HalogenLamp_D2,1,1,True
Model_D,HalogenLamp,HalogenLamp_D2,1,1,True
Model_D,HalogenLamp,HalogenLamp_D2,1,1,True
Model_D,HalogenLamp,HalogenLamp_D2,1,1,True
Model_D,HalogenLamp,HalogenLamp_D2,1,1,True
Model_D,HalogenLamp,HalogenLamp_D2,1,1,True
Model_D,HalogenLamp,HalogenLamp_D2,1,1,True
Model_D,HalogenLamp,HalogenLamp_D2,1,1,True
Model_D,HalogenLamp,HalogenLamp_D2,1,1,True
Model_D,HalogenLamp,HalogenLamp_D2,1,1,True
Model_D,HalogenLamp,HalogenLamp_D2,1,1,True
Model_D,HalogenLamp,HalogenLamp_D2,1,1,True
Model_D,HalogenLamp,HalogenLamp_D3,0,0,True
Model_D,HalogenLamp,HalogenLamp_D3,0,0,True
Model_D,HalogenLamp,HalogenLamp_D3,0,0,True
Model_D,HalogenLamp,HalogenLamp_D3,0,0,True
Model_D,HalogenLamp,HalogenLamp_D3,0,0,True
Model_D,HalogenLamp,HalogenLamp_D3,0,0,True
Model_D,HalogenLamp,HalogenLamp_D3,0,0,True
Model_D,HalogenLamp,HalogenLamp_D3,0,0,True
Model_D,HalogenLamp,HalogenLamp_D3,0,0,True
Model_D,HalogenLamp,HalogenLamp_D3,0,0,True
Model_D,HalogenLamp,HalogenLamp_D3,0,0,True
Model_D,HalogenLamp,HalogenLamp_D3,0,0,True
Model_D,HalogenLamp,HalogenLamp_D3,0,0,True
Model_D,HalogenLamp,HalogenLamp_D3,0,0,True
Model_D,HalogenLamp,HalogenLamp_D3,0,0,True
Model_D,HalogenLamp,HalogenLamp_D3,0,0,True
Model_D,HalogenLamp,HalogenLamp_D3,0,0,True
Model_D,HalogenLamp,HalogenLamp_D3,0,0,True
Model_D,HalogenLamp,HalogenLamp_D3,0,0,True
Model_D,HalogenLamp,HalogenLamp_D3,0,0,True
Model_D,HalogenLamp,HalogenLamp_D3,0,0,True
Model_D,HalogenLamp,HalogenLamp_D3,0,0,True
Model_D,HalogenLamp,HalogenLamp_D3,0,0,True
Model_D,HalogenLamp,HalogenLamp_D3,0,0,True
Model_D,HalogenLamp,HalogenLamp_D3,0,0,True
Model_D,HalogenLamp,HalogenLamp_D3,0,0,True
Model_D,HalogenLamp,HalogenLamp_D3,0,0,True
Model_D,HalogenLamp,HalogenLamp_D3,0,0,True
Model_D,HalogenLamp,HalogenLamp_D3,0,0,True
Model_D,HalogenLamp,HalogenLamp_D3,0,0,True
Model_D,HalogenLamp,HalogenLamp_D3,0,0,True
Model_D,HalogenLamp,HalogenLamp_D3,0,0,True
Model_D,HalogenLamp,HalogenLamp_D3,0,0,True
Model_D,HalogenLamp,HalogenLamp_D3,0,0,True
Model_D,HalogenLamp,HalogenLamp_D3,0,0,True
Model_D,HalogenLamp,HalogenLamp_D3,0,0,True
Model_D,HalogenLamp,HalogenLamp_D3,0,0,True
Model_D,HalogenLamp,HalogenLamp_D3,0,0,True
Model_D,HalogenLamp,HalogenLamp_D3,0,0,True
Model_D,HalogenLamp,HalogenLamp_D3,0,0,True
Model_D,HalogenLamp,HalogenLamp_D3,0,0,True
Model_D,HalogenLamp,HalogenLamp_D3,0,0,True
Model_D,HalogenLamp,HalogenLamp_D3,0,0,True
Model_D,HalogenLamp,HalogenLamp_D3,0,0,True
Model_D,HalogenLamp,HalogenLamp_D3,0,0,True
Model_D,HalogenLamp,HalogenLamp_D3,0,0,True
Model_D,HalogenLamp,HalogenLamp_D3,0,0,True
Model_D,HalogenLamp,HalogenLamp_D3,0,0,True
Model_D,HalogenLamp,HalogenLamp_D3,0,0,True
Model_D,HalogenLamp,HalogenLamp_D3,0,0,True
Model_D,HalogenLamp,HalogenLamp_D3,0,0,True
Model_D,HalogenLamp,HalogenLamp_D3,0,0,True
Model_D,HalogenLamp,HalogenLamp_D3,0,0,True
Model_D,HalogenLamp,HalogenLamp_D3,0,0,True
Model_D,HalogenLamp,HalogenLamp_D3,0,0,True
Model_D,HalogenLamp,HalogenLamp_D3,0,0,True
Model_D,HalogenLamp,HalogenLamp_D3,0,0,True
Model_D,HalogenLamp,HalogenLamp_D3,0,0,True
Model_D,HalogenLamp,HalogenLamp_D3,0,0,True
Model_D,HalogenLamp,HalogenLamp_D3,0,0,True
Model_D,HalogenLamp,HalogenLamp_D3,0,0,True
Model_D,HalogenLamp,HalogenLamp_D3,0,0,True
Model_D,HalogenLamp,HalogenLamp_D3,0,0,True
Model_D,HalogenLamp,HalogenLamp_D3,1,0,False
Model_D,HalogenLamp,HalogenLamp_D3,1,0,False
Model_D,HalogenLamp,HalogenLamp_D3,1,1,True
Model_D,HalogenLamp,HalogenLamp_D3,1,1,True
Model_D,HalogenLamp,HalogenLamp_D3,1,1,True
Model_D,HalogenLamp,HalogenLamp_D3,1,1,True
Model_D,HalogenLamp,HalogenLamp_D3,1,1,True
Model_D,HalogenLamp,HalogenLamp_D3,1,1,True
Model_D,HalogenLamp,HalogenLamp_D3,1,1,True
Model_D,HalogenLamp,HalogenLamp_D3,1,1,True
Model_D,HalogenLamp,HalogenLamp_D3,1,1,True
Model_D,HalogenLamp,HalogenLamp_D3,1,1,True
Model_D,HalogenLamp,HalogenLamp_D3,1,1,True
Model_D,HalogenLamp,HalogenLamp_D3,1,1,True
Model_D,HalogenLamp,HalogenLamp_D3,1,1,True
Model_D,HalogenLamp,HalogenLamp_D3,1,1,True
Model_D,HalogenLamp,HalogenLamp_D3,1,1,True
Model_D,HalogenLamp,HalogenLamp_D3,1,1,True
Model_D,HalogenLamp,HalogenLamp_D3,1,1,True
Model_D,HalogenLamp,HalogenLamp_D3,1,1,True
Model_D,HalogenLamp,HalogenLamp_D3,1,1,True
Model_D,HalogenLamp,HalogenLamp_D3,1,1,True
Model_D,HalogenLamp,HalogenLamp_D4,0,0,True
Model_D,HalogenLamp,HalogenLamp_D4,0,0,True
Model_D,HalogenLamp,HalogenLamp_D4,0,0,True
Model_D,HalogenLamp,HalogenLamp_D4,0,0,True
Model_D,HalogenLamp,HalogenLamp_D4,0,0,True
Model_D,HalogenLamp,HalogenLamp_D4,0,0,True
Model_D,HalogenLamp,HalogenLamp_D4,0,0,True
Model_D,HalogenLamp,HalogenLamp_D4,0,0,True
Model_D,HalogenLamp,HalogenLamp_D4,0,0,True
Model_D,HalogenLamp,HalogenLamp_D4,0,0,True
Model_D,HalogenLamp,HalogenLamp_D4,0,0,True
Model_D,HalogenLamp,HalogenLamp_D4,0,0,True
Model_D,HalogenLamp,HalogenLamp_D4,0,0,True
Model_D,HalogenLamp,HalogenLamp_D4,0,0,True
Model_D,HalogenLamp,HalogenLamp_D4,0,0,True
Model_D,HalogenLamp,HalogenLamp_D4,0,0,True
Model_D,HalogenLamp,HalogenLamp_D4,0,0,True
Model_D,HalogenLamp,HalogenLamp_D4,0,0,True
Model_D,HalogenLamp,HalogenLamp_D4,0,0,True
Model_D,HalogenLamp,HalogenLamp_D4,0,0,True
Model_D,HalogenLamp,HalogenLamp_D4,0,0,True
Model_D,HalogenLamp,HalogenLamp_D4,0,0,True
Model_D,HalogenLamp,HalogenLamp_D4,0,0,True
Model_D,HalogenLamp,HalogenLamp_D4,0,0,True
Model_D,HalogenLamp,HalogenLamp_D4,0,0,True
Model_D,HalogenLamp,HalogenLamp_D4,0,0,True
Model_D,HalogenLamp,HalogenLamp_D4,0,0,True
Model_D,HalogenLamp,HalogenLamp_D4,0,0,True
Model_D,HalogenLamp,HalogenLamp_D4,0,0,True
Model_D,HalogenLamp,HalogenLamp_D4,0,0,True
Model_D,HalogenLamp,HalogenLamp_D4,0,0,True
Model_D,HalogenLamp,HalogenLamp_D4,0,0,True
Model_D,HalogenLamp,HalogenLamp_D4,0,0,True
Model_D,HalogenLamp,HalogenLamp_D4,0,0,True
Model_D,HalogenLamp,HalogenLamp_D4,0,0,True
Model_D,HalogenLamp,HalogenLamp_D4,0,0,True
Model_D,HalogenLamp,HalogenLamp_D4,0,0,True
Model_D,HalogenLamp,HalogenLamp_D4,0,0,True
Model_D,HalogenLamp,HalogenLamp_D4,0,0,True
Model_D,HalogenLamp,HalogenLamp_D4,0,0,True
Model_D,HalogenLamp,HalogenLamp_D4,0,0,True
Model_D,HalogenLamp,HalogenLamp_D4,0,0,True
Model_D,HalogenLamp,HalogenLamp_D4,0,0,True
Model_D,HalogenLamp,HalogenLamp_D4,0,0,True
Model_D,HalogenLamp,HalogenLamp_D4,0,0,True
Model_D,HalogenLamp,HalogenLamp_D4,0,0,True
Model_D,HalogenLamp,HalogenLamp_D4,0,0,True
Model_D,HalogenLamp,HalogenLamp_D4,0,0,True
Model_D,HalogenLamp,HalogenLamp_D4,0,0,True
Model_D,HalogenLamp,HalogenLamp_D4,0,0,True
Model_D,HalogenLamp,HalogenLamp_D4,0,0,True
Model_D,HalogenLamp,HalogenLamp_D4,0,0,True
Model_D,HalogenLamp,HalogenLamp_D4,0,0,True
Model_D,HalogenLamp,HalogenLamp_D4,0,0,True
Model_D,HalogenLamp,HalogenLamp_D4,0,0,True
Model_D,HalogenLamp,HalogenLamp_D4,0,0,True
Model_D,HalogenLamp,HalogenLamp_D4,0,0,True
Model_D,HalogenLamp,HalogenLamp_D4,0,0,True
Model_D,HalogenLamp,HalogenLamp_D4,0,0,True
Model_D,HalogenLamp,HalogenLamp_D4,0,0,True
Model_D,HalogenLamp,HalogenLamp_D4,0,0,True
Model_D,HalogenLamp,HalogenLamp_D4,0,0,True
Model_D,HalogenLamp,HalogenLamp_D4,0,0,True
Model_D,HalogenLamp,HalogenLamp_D4,1,0,False
Model_D,HalogenLamp,HalogenLamp_D4,1,1,True
Model_D,HalogenLamp,HalogenLamp_D4,1,1,True
Model_D,HalogenLamp,HalogenLamp_D4,1,1,True
Model_D,HalogenLamp,HalogenLamp_D4,1,1,True
Model_D,HalogenLamp,HalogenLamp_D4,1,1,True
Model_D,HalogenLamp,HalogenLamp_D4,1,1,True
Model_D,HalogenLamp,HalogenLamp_D4,1,1,True
Model_D,HalogenLamp,HalogenLamp_D4,1,1,True
Model_D,HalogenLamp,HalogenLamp_D4,1,1,True
Model_D,HalogenLamp,HalogenLamp_D4,1,1,True
Model_D,HalogenLamp,HalogenLamp_D4,1,1,True
Model_D,HalogenLamp,HalogenLamp_D4,1,1,True
Model_D,HalogenLamp,HalogenLamp_D4,1,1,True
Model_D,HalogenLamp,HalogenLamp_D4,1,1,True
Model_D,HalogenLamp,HalogenLamp_D4,1,1,True
Model_D,HalogenLamp,HalogenLamp_D4,1,1,True
Model_D,HalogenLamp,HalogenLamp_D4,1,1,True
Model_D,HalogenLamp,HalogenLamp_D4,1,1,True
Model_D,HalogenLamp,HalogenLamp_D4,1,1,True
Model_D,HalogenLamp,HalogenLamp_D4,1,1,True
Model_D,HalogenLamp,HalogenLamp_D4,1,1,True
Model_D,FluorescentLamp,FluorescentLamp_D0,0,0,True
Model_D,FluorescentLamp,FluorescentLamp_D0,0,0,True
Model_D,FluorescentLamp,FluorescentLamp_D0,0,0,True
Model_D,FluorescentLamp,FluorescentLamp_D0,0,0,True
Model_D,FluorescentLamp,FluorescentLamp_D0,0,0,True
Model_D,FluorescentLamp,FluorescentLamp_D0,0,0,True
Model_D,FluorescentLamp,FluorescentLamp_D0,0,0,True
Model_D,FluorescentLamp,FluorescentLamp_D0,0,0,True
Model_D,FluorescentLamp,FluorescentLamp_D0,0,0,True
Model_D,FluorescentLamp,FluorescentLamp_D0,0,0,True
Model_D,FluorescentLamp,FluorescentLamp_D0,0,0,True
Model_D,FluorescentLamp,FluorescentLamp_D0,0,0,True
Model_D,FluorescentLamp,FluorescentLamp_D0,0,0,True
Model_D,FluorescentLamp,FluorescentLamp_D0,0,0,True
Model_D,FluorescentLamp,FluorescentLamp_D0,0,0,True
Model_D,FluorescentLamp,FluorescentLamp_D0,0,0,True
Model_D,FluorescentLamp,FluorescentLamp_D0,0,0,True
Model_D,FluorescentLamp,FluorescentLamp_D0,0,0,True
Model_D,FluorescentLamp,FluorescentLamp_D0,0,0,True
Model_D,FluorescentLamp,FluorescentLamp_D0,0,0,True
Model_D,FluorescentLamp,FluorescentLamp_D0,0,0,True
Model_D,FluorescentLamp,FluorescentLamp_D0,0,0,True
Model_D,FluorescentLamp,FluorescentLamp_D0,0,0,True
Model_D,FluorescentLamp,FluorescentLamp_D0,0,0,True
Model_D,FluorescentLamp,FluorescentLamp_D0,0,0,True
Model_D,FluorescentLamp,FluorescentLamp_D0,0,0,True
Model_D,FluorescentLamp,FluorescentLamp_D0,0,0,True
Model_D,FluorescentLamp,FluorescentLamp_D0,0,0,True
Model_D,FluorescentLamp,FluorescentLamp_D0,0,0,True
Model_D,FluorescentLamp,FluorescentLamp_D0,0,0,True
Model_D,FluorescentLamp,FluorescentLamp_D0,0,0,True
Model_D,FluorescentLamp,FluorescentLamp_D0,0,0,True
Model_D,FluorescentLamp,FluorescentLamp_D0,0,0,True
Model_D,FluorescentLamp,FluorescentLamp_D0,0,0,True
Model_D,FluorescentLamp,FluorescentLamp_D0,0,0,True
Model_D,FluorescentLamp,FluorescentLamp_D0,0,0,True
Model_D,FluorescentLamp,FluorescentLamp_D0,0,0,True
Model_D,FluorescentLamp,FluorescentLamp_D0,0,0,True
Model_D,FluorescentLamp,FluorescentLamp_D0,0,0,True
Model_D,FluorescentLamp,FluorescentLamp_D0,0,0,True
Model_D,FluorescentLamp,FluorescentLamp_D0,0,0,True
Model_D,FluorescentLamp,FluorescentLamp_D0,0,0,True
Model_D,FluorescentLamp,FluorescentLamp_D0,0,0,True
Model_D,FluorescentLamp,FluorescentLamp_D0,0,0,True
Model_D,FluorescentLamp,FluorescentLamp_D0,0,0,True
Model_D,FluorescentLamp,FluorescentLamp_D0,0,0,True
Model_D,FluorescentLamp,FluorescentLamp_D0,0,0,True
Model_D,FluorescentLamp,FluorescentLamp_D0,0,0,True
Model_D,FluorescentLamp,FluorescentLamp_D0,0,0,True
Model_D,FluorescentLamp,FluorescentLamp_D0,0,0,True
Model_D,FluorescentLamp,FluorescentLamp_D0,0,0,True
Model_D,FluorescentLamp,FluorescentLamp_D0,0,0,True
Model_D,FluorescentLamp,FluorescentLamp_D0,0,0,True
Model_D,FluorescentLamp,FluorescentLamp_D0,0,0,True
Model_D,FluorescentLamp,FluorescentLamp_D0,0,0,True
Model_D,FluorescentLamp,FluorescentLamp_D0,0,0,True
Model_D,FluorescentLamp,FluorescentLamp_D0,0,0,True
Model_D,FluorescentLamp,FluorescentLamp_D0,0,0,True
Model_D,FluorescentLamp,FluorescentLamp_D0,0,0,True
Model_D,FluorescentLamp,FluorescentLamp_D0,0,0,True
Model_D,FluorescentLamp,FluorescentLamp_D0,0,0,True
Model_D,FluorescentLamp,FluorescentLamp_D0,0,0,True
Model_D,FluorescentLamp,FluorescentLamp_D0,0,0,True
Model_D,FluorescentLamp,FluorescentLamp_D0,0,0,True
Model_D,FluorescentLamp,FluorescentLamp_D0,0,0,True
Model_D,FluorescentLamp,FluorescentLamp_D0,0,0,True
Model_D,FluorescentLamp,FluorescentLamp_D0,1,0,False
Model_D,FluorescentLamp,FluorescentLamp_D0,1,0,False
Model_D,FluorescentLamp,FluorescentLamp_D0,1,1,True
Model_D,FluorescentLamp,FluorescentLamp_D0,1,1,True
Model_D,FluorescentLamp,FluorescentLamp_D0,1,1,True
Model_D,FluorescentLamp,FluorescentLamp_D0,1,1,True
Model_D,FluorescentLamp,FluorescentLamp_D0,1,1,True
Model_D,FluorescentLamp,FluorescentLamp_D0,1,1,True
Model_D,FluorescentLamp,FluorescentLamp_D0,1,1,True
Model_D,FluorescentLamp,FluorescentLamp_D0,1,1,True
Model_D,FluorescentLamp,FluorescentLamp_D0,1,1,True
Model_D,FluorescentLamp,FluorescentLamp_D0,1,1,True
Model_D,FluorescentLamp,FluorescentLamp_D0,1,1,True
Model_D,FluorescentLamp,FluorescentLamp_D0,1,1,True
Model_D,FluorescentLamp,FluorescentLamp_D0,1,1,True
Model_D,FluorescentLamp,FluorescentLamp_D0,1,1,True
Model_D,FluorescentLamp,FluorescentLamp_D0,1,1,True
Model_D,FluorescentLamp,FluorescentLamp_D0,1,1,True
Model_D,FluorescentLamp,FluorescentLamp_D0,1,1,True
Model_D,FluorescentLamp,FluorescentLamp_D0,1,1,True
Model_D,FluorescentLamp,FluorescentLamp_D0,1,1,True
Model_D,FluorescentLamp,FluorescentLamp_D0,1,1,True
Model_D,FluorescentLamp,FluorescentLamp_D1,0,0,True
Model_D,FluorescentLamp,FluorescentLamp_D1,0,0,True
Model_D,FluorescentLamp,FluorescentLamp_D1,0,0,True
Model_D,FluorescentLamp,FluorescentLamp_D1,0,0,True
Model_D,FluorescentLamp,FluorescentLamp_D1,0,0,True
Model_D,FluorescentLamp,FluorescentLamp_D1,0,0,True
Model_D,FluorescentLamp,FluorescentLamp_D1,0,0,True
Model_D,FluorescentLamp,FluorescentLamp_D1,0,0,True
Model_D,FluorescentLamp,FluorescentLamp_D1,0,0,True
Model_D,FluorescentLamp,FluorescentLamp_D1,0,0,True
Model_D,FluorescentLamp,FluorescentLamp_D1,0,0,True
Model_D,FluorescentLamp,FluorescentLamp_D1,0,0,True
Model_D,FluorescentLamp,FluorescentLamp_D1,0,0,True
Model_D,FluorescentLamp,FluorescentLamp_D1,0,0,True
Model_D,FluorescentLamp,FluorescentLamp_D1,0,0,True
Model_D,FluorescentLamp,FluorescentLamp_D1,0,0,True
Model_D,FluorescentLamp,FluorescentLamp_D1,0,0,True
Model_D,FluorescentLamp,FluorescentLamp_D1,0,0,True
Model_D,FluorescentLamp,FluorescentLamp_D1,0,0,True
Model_D,FluorescentLamp,FluorescentLamp_D1,0,0,True
Model_D,FluorescentLamp,FluorescentLamp_D1,0,0,True
Model_D,FluorescentLamp,FluorescentLamp_D1,0,0,True
Model_D,FluorescentLamp,FluorescentLamp_D1,0,0,True
Model_D,FluorescentLamp,FluorescentLamp_D1,0,0,True
Model_D,FluorescentLamp,FluorescentLamp_D1,0,0,True
Model_D,FluorescentLamp,FluorescentLamp_D1,0,0,True
Model_D,FluorescentLamp,FluorescentLamp_D1,0,0,True
Model_D,FluorescentLamp,FluorescentLamp_D1,0,0,True
Model_D,FluorescentLamp,FluorescentLamp_D1,0,0,True
Model_D,FluorescentLamp,FluorescentLamp_D1,0,0,True
Model_D,FluorescentLamp,FluorescentLamp_D1,0,0,True
Model_D,FluorescentLamp,FluorescentLamp_D1,0,0,True
Model_D,FluorescentLamp,FluorescentLamp_D1,0,0,True
Model_D,FluorescentLamp,FluorescentLamp_D1,0,0,True
Model_D,FluorescentLamp,FluorescentLamp_D1,0,0,True
Model_D,FluorescentLamp,FluorescentLamp_D1,0,0,True
Model_D,FluorescentLamp,FluorescentLamp_D1,0,0,True
Model_D,FluorescentLamp,FluorescentLamp_D1,0,0,True
Model_D,FluorescentLamp,FluorescentLamp_D1,0,0,True
Model_D,FluorescentLamp,FluorescentLamp_D1,0,0,True
Model_D,FluorescentLamp,FluorescentLamp_D1,0,0,True
Model_D,FluorescentLamp,FluorescentLamp_D1,0,0,True
Model_D,FluorescentLamp,FluorescentLamp_D1,0,0,True
Model_D,FluorescentLamp,FluorescentLamp_D1,0,0,True
Model_D,FluorescentLamp,FluorescentLamp_D1,0,0,True
Model_D,FluorescentLamp,FluorescentLamp_D1,0,0,True
Model_D,FluorescentLamp,FluorescentLamp_D1,0,0,True
Model_D,FluorescentLamp,FluorescentLamp_D1,0,0,True
Model_D,FluorescentLamp,FluorescentLamp_D1,0,0,True
Model_D,FluorescentLamp,FluorescentLamp_D1,0,0,True
Model_D,FluorescentLamp,FluorescentLamp_D1,0,0,True
Model_D,FluorescentLamp,FluorescentLamp_D1,0,0,True
Model_D,FluorescentLamp,FluorescentLamp_D1,0,0,True
Model_D,FluorescentLamp,FluorescentLamp_D1,0,0,True
Model_D,FluorescentLamp,FluorescentLamp_D1,0,0,True
Model_D,FluorescentLamp,FluorescentLamp_D1,0,0,True
Model_D,FluorescentLamp,FluorescentLamp_D1,0,0,True
Model_D,FluorescentLamp,FluorescentLamp_D1,0,0,True
Model_D,FluorescentLamp,FluorescentLamp_D1,0,0,True
Model_D,FluorescentLamp,FluorescentLamp_D1,0,0,True
Model_D,FluorescentLamp,FluorescentLamp_D1,0,0,True
Model_D,FluorescentLamp,FluorescentLamp_D1,0,0,True
Model_D,FluorescentLamp,FluorescentLamp_D1,0,0,True
Model_D,FluorescentLamp,FluorescentLamp_D1,0,0,True
Model_D,FluorescentLamp,FluorescentLamp_D1,0,0,True
Model_D,FluorescentLamp,FluorescentLamp_D1,0,0,True
Model_D,FluorescentLamp,FluorescentLamp_D1,0,0,True
Model_D,FluorescentLamp,FluorescentLamp_D1,0,0,True
Model_D,FluorescentLamp,FluorescentLamp_D1,0,0,True
Model_D,FluorescentLamp,FluorescentLamp_D1,1,0,False
Model_D,FluorescentLamp,FluorescentLamp_D1,1,1,True
Model_D,FluorescentLamp,FluorescentLamp_D1,1,1,True
Model_D,FluorescentLamp,FluorescentLamp_D1,1,1,True
Model_D,FluorescentLamp,FluorescentLamp_D1,1,1,True
Model_D,FluorescentLamp,FluorescentLamp_D1,1,1,True
Model_D,FluorescentLamp,FluorescentLamp_D1,1,1,True
Model_D,FluorescentLamp,FluorescentLamp_D1,1,1,True
Model_D,FluorescentLamp,FluorescentLamp_D1,1,1,True
Model_D,FluorescentLamp,FluorescentLamp_D1,1,1,True
Model_D,FluorescentLamp,FluorescentLamp_D1,1,1,True
Model_D,FluorescentLamp,FluorescentLamp_D1,1,1,True
Model_D,FluorescentLamp,FluorescentLamp_D1,1,1,True
Model_D,FluorescentLamp,FluorescentLamp_D1,1,1,True
Model_D,FluorescentLamp,FluorescentLamp_D1,1,1,True
Model_D,FluorescentLamp,FluorescentLamp_D1,1,1,True
Model_D,FluorescentLamp,FluorescentLamp_D1,1,1,True
Model_D,FluorescentLamp,FluorescentLamp_D1,1,1,True
Model_D,FluorescentLamp,FluorescentLamp_D1,1,1,True
Model_D,FluorescentLamp,FluorescentLamp_D1,1,1,True
Model_D,FluorescentLamp,FluorescentLamp_D1,1,1,True
Model_D,FluorescentLamp,FluorescentLamp_D1,1,1,True
Model_D,FluorescentLamp,FluorescentLamp_D2,0,0,True
Model_D,FluorescentLamp,FluorescentLamp_D2,0,0,True
Model_D,FluorescentLamp,FluorescentLamp_D2,0,0,True
Model_D,FluorescentLamp,FluorescentLamp_D2,0,0,True
Model_D,FluorescentLamp,FluorescentLamp_D2,0,0,True
Model_D,FluorescentLamp,FluorescentLamp_D2,0,0,True
Model_D,FluorescentLamp,FluorescentLamp_D2,0,0,True
Model_D,FluorescentLamp,FluorescentLamp_D2,0,0,True
Model_D,FluorescentLamp,FluorescentLamp_D2,0,0,True
Model_D,FluorescentLamp,FluorescentLamp_D2,0,0,True
Model_D,FluorescentLamp,FluorescentLamp_D2,0,0,True
Model_D,FluorescentLamp,FluorescentLamp_D2,0,0,True
Model_D,FluorescentLamp,FluorescentLamp_D2,0,0,True
Model_D,FluorescentLamp,FluorescentLamp_D2,0,0,True
Model_D,FluorescentLamp,FluorescentLamp_D2,0,0,True
Model_D,FluorescentLamp,FluorescentLamp_D2,0,0,True
Model_D,FluorescentLamp,FluorescentLamp_D2,0,0,True
Model_D,FluorescentLamp,FluorescentLamp_D2,0,0,True
Model_D,FluorescentLamp,FluorescentLamp_D2,0,0,True
Model_D,FluorescentLamp,FluorescentLamp_D2,0,0,True
Model_D,FluorescentLamp,FluorescentLamp_D2,0,0,True
Model_D,FluorescentLamp,FluorescentLamp_D2,0,0,True
Model_D,FluorescentLamp,FluorescentLamp_D2,0,0,True
Model_D,FluorescentLamp,FluorescentLamp_D2,0,0,True
Model_D,FluorescentLamp,FluorescentLamp_D2,0,0,True
Model_D,FluorescentLamp,FluorescentLamp_D2,0,0,True
Model_D,FluorescentLamp,FluorescentLamp_D2,0,0,True
Model_D,FluorescentLamp,FluorescentLamp_D2,0,0,True
Model_D,FluorescentLamp,FluorescentLamp_D2,0,0,True
Model_D,FluorescentLamp,FluorescentLamp_D2,0,0,True
Model_D,FluorescentLamp,FluorescentLamp_D2,0,0,True
Model_D,FluorescentLamp,FluorescentLamp_D2,0,0,True
Model_D,FluorescentLamp,FluorescentLamp_D2,0,0,True
Model_D,FluorescentLamp,FluorescentLamp_D2,0,0,True
Model_D,FluorescentLamp,FluorescentLamp_D2,0,0,True
Model_D,FluorescentLamp,FluorescentLamp_D2,0,0,True
Model_D,FluorescentLamp,FluorescentLamp_D2,0,0,True
Model_D,FluorescentLamp,FluorescentLamp_D2,0,0,True
Model_D,FluorescentLamp,FluorescentLamp_D2,0,0,True
Model_D,FluorescentLamp,FluorescentLamp_D2,0,0,True
Model_D,FluorescentLamp,FluorescentLamp_D2,0,0,True
Model_D,FluorescentLamp,FluorescentLamp_D2,0,0,True
Model_D,FluorescentLamp,FluorescentLamp_D2,0,0,True
Model_D,FluorescentLamp,FluorescentLamp_D2,0,0,True
Model_D,FluorescentLamp,FluorescentLamp_D2,0,0,True
Model_D,FluorescentLamp,FluorescentLamp_D2,0,0,True
Model_D,FluorescentLamp,FluorescentLamp_D2,0,0,True
Model_D,FluorescentLamp,FluorescentLamp_D2,0,0,True
Model_D,FluorescentLamp,FluorescentLamp_D2,0,0,True
Model_D,FluorescentLamp,FluorescentLamp_D2,0,0,True
Model_D,FluorescentLamp,FluorescentLamp_D2,0,0,True
Model_D,FluorescentLamp,FluorescentLamp_D2,0,0,True
Model_D,FluorescentLamp,FluorescentLamp_D2,0,0,True
Model_D,FluorescentLamp,FluorescentLamp_D2,0,0,True
Model_D,FluorescentLamp,FluorescentLamp_D2,1,0,False
Model_D,FluorescentLamp,FluorescentLamp_D2,1,1,True
Model_D,FluorescentLamp,FluorescentLamp_D2,1,1,True
Model_D,FluorescentLamp,FluorescentLamp_D2,1,1,True
Model_D,FluorescentLamp,FluorescentLamp_D2,1,1,True
Model_D,FluorescentLamp,FluorescentLamp_D2,1,1,True
Model_D,FluorescentLamp,FluorescentLamp_D2,1,1,True
Model_D,FluorescentLamp,FluorescentLamp_D2,1,1,True
Model_D,FluorescentLamp,FluorescentLamp_D2,1,1,True
Model_D,FluorescentLamp,FluorescentLamp_D2,1,1,True
Model_D,FluorescentLamp,FluorescentLamp_D2,1,1,True
Model_D,FluorescentLamp,FluorescentLamp_D2,1,1,True
Model_D,FluorescentLamp,FluorescentLamp_D2,1,1,True
Model_D,FluorescentLamp,FluorescentLamp_D2,1,1,True
Model_D,FluorescentLamp,FluorescentLamp_D2,1,1,True
Model_D,FluorescentLamp,FluorescentLamp_D2,1,1,True
Model_D,FluorescentLamp,FluorescentLamp_D2,1,1,True
Model_D,FluorescentLamp,FluorescentLamp_D2,1,1,True
Model_D,FluorescentLamp,FluorescentLamp_D2,1,1,True
Model_D,FluorescentLamp,FluorescentLamp_D2,1,1,True
Model_D,FluorescentLamp,FluorescentLamp_D2,1,1,True
Model_D,FluorescentLamp,FluorescentLamp_D2,1,1,True
Model_D,FluorescentLamp,FluorescentLamp_D3,0,0,True
Model_D,FluorescentLamp,FluorescentLamp_D3,0,0,True
Model_D,FluorescentLamp,FluorescentLamp_D3,0,0,True
Model_D,FluorescentLamp,FluorescentLamp_D3,0,0,True
Model_D,FluorescentLamp,FluorescentLamp_D3,0,0,True
Model_D,FluorescentLamp,FluorescentLamp_D3,0,0,True
Model_D,FluorescentLamp,FluorescentLamp_D3,0,0,True
Model_D,FluorescentLamp,FluorescentLamp_D3,0,0,True
Model_D,FluorescentLamp,FluorescentLamp_D3,0,0,True
Model_D,FluorescentLamp,FluorescentLamp_D3,0,0,True
Model_D,FluorescentLamp,FluorescentLamp_D3,0,0,True
Model_D,FluorescentLamp,FluorescentLamp_D3,0,0,True
Model_D,FluorescentLamp,FluorescentLamp_D3,0,0,True
Model_D,FluorescentLamp,FluorescentLamp_D3,0,0,True
Model_D,FluorescentLamp,FluorescentLamp_D3,0,0,True
Model_D,FluorescentLamp,FluorescentLamp_D3,0,0,True
Model_D,FluorescentLamp,FluorescentLamp_D3,0,0,True
Model_D,FluorescentLamp,FluorescentLamp_D3,0,0,True
Model_D,FluorescentLamp,FluorescentLamp_D3,0,0,True
Model_D,FluorescentLamp,FluorescentLamp_D3,0,0,True
Model_D,FluorescentLamp,FluorescentLamp_D3,0,0,True
Model_D,FluorescentLamp,FluorescentLamp_D3,0,0,True
Model_D,FluorescentLamp,FluorescentLamp_D3,0,0,True
Model_D,FluorescentLamp,FluorescentLamp_D3,0,0,True
Model_D,FluorescentLamp,FluorescentLamp_D3,0,0,True
Model_D,FluorescentLamp,FluorescentLamp_D3,0,0,True
Model_D,FluorescentLamp,FluorescentLamp_D3,0,0,True
Model_D,FluorescentLamp,FluorescentLamp_D3,0,0,True
Model_D,FluorescentLamp,FluorescentLamp_D3,0,0,True
Model_D,FluorescentLamp,FluorescentLamp_D3,0,0,True
Model_D,FluorescentLamp,FluorescentLamp_D3,0,0,True
Model_D,FluorescentLamp,FluorescentLamp_D3,0,0,True
Model_D,FluorescentLamp,FluorescentLamp_D3,0,0,True
Model_D,FluorescentLamp,FluorescentLamp_D3,0,0,True
Model_D,FluorescentLamp,FluorescentLamp_D3,0,1,False
Model_D,FluorescentLamp,FluorescentLamp_D3,0,1,False
Model_D,FluorescentLamp,FluorescentLamp_D3,0,1,False
Model_D,FluorescentLamp,FluorescentLamp_D3,0,1,False
Model_D,FluorescentLamp,FluorescentLamp_D3,0,1,False
Model_D,FluorescentLamp,FluorescentLamp_D3,0,1,False
Model_D,FluorescentLamp,FluorescentLamp_D3,0,1,False
Model_D,FluorescentLamp,FluorescentLamp_D3,0,1,False
Model_D,FluorescentLamp,FluorescentLamp_D3,0,1,False
Model_D,FluorescentLamp,FluorescentLamp_D3,0,0,True
Model_D,FluorescentLamp,FluorescentLamp_D3,0,0,True
Model_D,FluorescentLamp,FluorescentLamp_D3,0,0,True
Model_D,FluorescentLamp,FluorescentLamp_D3,0,0,True
Model_D,FluorescentLamp,FluorescentLamp_D3,0,0,True
Model_D,FluorescentLamp,FluorescentLamp_D3,0,0,True
Model_D,FluorescentLamp,FluorescentLamp_D3,0,0,True
Model_D,FluorescentLamp,FluorescentLamp_D3,0,0,True
Model_D,FluorescentLamp,FluorescentLamp_D3,0,0,True
Model_D,FluorescentLamp,FluorescentLamp_D3,0,0,True
Model_D,FluorescentLamp,FluorescentLamp_D3,0,0,True
Model_D,FluorescentLamp,FluorescentLamp_D3,0,0,True
Model_D,FluorescentLamp,FluorescentLamp_D3,0,0,True
Model_D,FluorescentLamp,FluorescentLamp_D3,0,0,True
Model_D,FluorescentLamp,FluorescentLamp_D3,0,0,True
Model_D,FluorescentLamp,FluorescentLamp_D3,0,0,True
Model_D,FluorescentLamp,FluorescentLamp_D3,0,0,True
Model_D,FluorescentLamp,FluorescentLamp_D3,0,0,True
Model_D,FluorescentLamp,FluorescentLamp_D3,0,0,True
Model_D,FluorescentLamp,FluorescentLamp_D3,0,0,True
Model_D,FluorescentLamp,FluorescentLamp_D3,1,0,False
Model_D,FluorescentLamp,FluorescentLamp_D3,1,0,False
Model_D,FluorescentLamp,FluorescentLamp_D3,1,0,False
Model_D,FluorescentLamp,FluorescentLamp_D3,1,1,True
Model_D,FluorescentLamp,FluorescentLamp_D3,1,1,True
Model_D,FluorescentLamp,FluorescentLamp_D3,1,1,True
Model_D,FluorescentLamp,FluorescentLamp_D3,1,1,True
Model_D,FluorescentLamp,FluorescentLamp_D3,1,1,True
Model_D,FluorescentLamp,FluorescentLamp_D3,1,1,True
Model_D,FluorescentLamp,FluorescentLamp_D3,1,1,True
Model_D,FluorescentLamp,FluorescentLamp_D3,1,1,True
Model_D,FluorescentLamp,FluorescentLamp_D3,1,1,True
Model_D,FluorescentLamp,FluorescentLamp_D3,1,1,True
Model_D,FluorescentLamp,FluorescentLamp_D3,1,1,True
Model_D,FluorescentLamp,FluorescentLamp_D3,1,1,True
Model_D,FluorescentLamp,FluorescentLamp_D3,1,1,True
Model_D,FluorescentLamp,FluorescentLamp_D3,1,1,True
Model_D,FluorescentLamp,FluorescentLamp_D3,1,1,True
Model_D,FluorescentLamp,FluorescentLamp_D3,1,1,True
Model_D,FluorescentLamp,FluorescentLamp_D3,1,1,True
Model_D,FluorescentLamp,FluorescentLamp_D3,1,1,True
Model_D,FluorescentLamp,FluorescentLamp_D3,1,1,True
Model_D,FluorescentLamp,FluorescentLamp_D4,0,0,True
Model_D,FluorescentLamp,FluorescentLamp_D4,0,0,True
Model_D,FluorescentLamp,FluorescentLamp_D4,0,0,True
Model_D,FluorescentLamp,FluorescentLamp_D4,0,0,True
Model_D,FluorescentLamp,FluorescentLamp_D4,0,0,True
Model_D,FluorescentLamp,FluorescentLamp_D4,0,0,True
Model_D,FluorescentLamp,FluorescentLamp_D4,0,0,True
Model_D,FluorescentLamp,FluorescentLamp_D4,0,0,True
Model_D,FluorescentLamp,FluorescentLamp_D4,0,0,True
Model_D,FluorescentLamp,FluorescentLamp_D4,0,0,True
Model_D,FluorescentLamp,FluorescentLamp_D4,0,0,True
Model_D,FluorescentLamp,FluorescentLamp_D4,0,0,True
Model_D,FluorescentLamp,FluorescentLamp_D4,0,0,True
Model_D,FluorescentLamp,FluorescentLamp_D4,0,0,True
Model_D,FluorescentLamp,FluorescentLamp_D4,0,0,True
Model_D,FluorescentLamp,FluorescentLamp_D4,0,0,True
Model_D,FluorescentLamp,FluorescentLamp_D4,0,0,True
Model_D,FluorescentLamp,FluorescentLamp_D4,0,0,True
Model_D,FluorescentLamp,FluorescentLamp_D4,0,0,True
Model_D,FluorescentLamp,FluorescentLamp_D4,0,0,True
Model_D,FluorescentLamp,FluorescentLamp_D4,0,0,True
Model_D,FluorescentLamp,FluorescentLamp_D4,0,0,True
Model_D,FluorescentLamp,FluorescentLamp_D4,0,0,True
Model_D,FluorescentLamp,FluorescentLamp_D4,0,0,True
Model_D,FluorescentLamp,FluorescentLamp_D4,0,0,True
Model_D,FluorescentLamp,FluorescentLamp_D4,0,0,True
Model_D,FluorescentLamp,FluorescentLamp_D4,0,0,True
Model_D,FluorescentLamp,FluorescentLamp_D4,0,0,True
Model_D,FluorescentLamp,FluorescentLamp_D4,0,0,True
Model_D,FluorescentLamp,FluorescentLamp_D4,0,0,True
Model_D,FluorescentLamp,FluorescentLamp_D4,0,0,True
Model_D,FluorescentLamp,FluorescentLamp_D4,0,0,True
Model_D,FluorescentLamp,FluorescentLamp_D4,0,0,True
Model_D,FluorescentLamp,FluorescentLamp_D4,0,0,True
Model_D,FluorescentLamp,FluorescentLamp_D4,0,0,True
Model_D,FluorescentLamp,FluorescentLamp_D4,0,0,True
Model_D,FluorescentLamp,FluorescentLamp_D4,0,0,True
Model_D,FluorescentLamp,FluorescentLamp_D4,0,0,True
Model_D,FluorescentLamp,FluorescentLamp_D4,0,0,True
Model_D,FluorescentLamp,FluorescentLamp_D4,0,0,True
Model_D,FluorescentLamp,FluorescentLamp_D4,0,0,True
Model_D,FluorescentLamp,FluorescentLamp_D4,0,0,True
Model_D,FluorescentLamp,FluorescentLamp_D4,0,0,True
Model_D,FluorescentLamp,FluorescentLamp_D4,0,0,True
Model_D,FluorescentLamp,FluorescentLamp_D4,0,0,True
Model_D,FluorescentLamp,FluorescentLamp_D4,0,0,True
Model_D,FluorescentLamp,FluorescentLamp_D4,0,0,True
Model_D,FluorescentLamp,FluorescentLamp_D4,0,0,True
Model_D,FluorescentLamp,FluorescentLamp_D4,0,0,True
Model_D,FluorescentLamp,FluorescentLamp_D4,0,0,True
Model_D,FluorescentLamp,FluorescentLamp_D4,0,0,True
Model_D,FluorescentLamp,FluorescentLamp_D4,0,0,True
Model_D,FluorescentLamp,FluorescentLamp_D4,0,0,True
Model_D,FluorescentLamp,FluorescentLamp_D4,0,0,True
Model_D,FluorescentLamp,FluorescentLamp_D4,1,0,False
Model_D,FluorescentLamp,FluorescentLamp_D4,1,0,False
Model_D,FluorescentLamp,FluorescentLamp_D4,1,0,False
Model_D,FluorescentLamp,FluorescentLamp_D4,1,0,False
Model_D,FluorescentLamp,FluorescentLamp_D4,1,1,True
Model_D,FluorescentLamp,FluorescentLamp_D4,1,1,True
Model_D,FluorescentLamp,FluorescentLamp_D4,1,1,True
Model_D,FluorescentLamp,FluorescentLamp_D4,1,1,True
Model_D,FluorescentLamp,FluorescentLamp_D4,1,1,True
Model_D,FluorescentLamp,FluorescentLamp_D4,1,1,True
Model_D,FluorescentLamp,FluorescentLamp_D4,1,1,True
Model_D,FluorescentLamp,FluorescentLamp_D4,1,1,True
Model_D,FluorescentLamp,FluorescentLamp_D4,1,1,True
Model_D,FluorescentLamp,FluorescentLamp_D4,1,1,True
Model_D,FluorescentLamp,FluorescentLamp_D4,1,1,True
Model_D,FluorescentLamp,FluorescentLamp_D4,1,1,True
Model_D,FluorescentLamp,FluorescentLamp_D4,1,1,True
Model_D,FluorescentLamp,FluorescentLamp_D4,1,1,True
Model_D,FluorescentLamp,FluorescentLamp_D4,1,1,True
Model_D,FluorescentLamp,FluorescentLamp_D4,1,1,True
Model_D,FluorescentLamp,FluorescentLamp_D4,1,1,True
Model_D,FluorescentLamp,FluorescentLamp_D4,1,1,True
Model_D,FluorescentLamp,FluorescentLamp_D4,1,1,True
Model_D,PowerTools,PowerTools_D0,0,0,True
Model_D,PowerTools,PowerTools_D0,0,0,True
Model_D,PowerTools,PowerTools_D0,0,0,True
Model_D,PowerTools,PowerTools_D0,0,0,True
Model_D,PowerTools,PowerTools_D0,0,0,True
Model_D,PowerTools,PowerTools_D0,0,0,True
Model_D,PowerTools,PowerTools_D0,0,0,True
Model_D,PowerTools,PowerTools_D0,0,0,True
Model_D,PowerTools,PowerTools_D0,0,0,True
Model_D,PowerTools,PowerTools_D0,0,0,True
Model_D,PowerTools,PowerTools_D0,0,0,True
Model_D,PowerTools,PowerTools_D0,0,0,True
Model_D,PowerTools,PowerTools_D0,0,0,True
Model_D,PowerTools,PowerTools_D0,0,0,True
Model_D,PowerTools,PowerTools_D0,0,0,True
Model_D,PowerTools,PowerTools_D0,0,0,True
Model_D,PowerTools,PowerTools_D0,0,0,True
Model_D,PowerTools,PowerTools_D0,0,0,True
Model_D,PowerTools,PowerTools_D0,0,0,True
Model_D,PowerTools,PowerTools_D0,0,0,True
Model_D,PowerTools,PowerTools_D0,0,0,True
Model_D,PowerTools,PowerTools_D0,0,0,True
Model_D,PowerTools,PowerTools_D0,0,0,True
Model_D,PowerTools,PowerTools_D0,0,0,True
Model_D,PowerTools,PowerTools_D0,0,0,True
Model_D,PowerTools,PowerTools_D0,0,0,True
Model_D,PowerTools,PowerTools_D0,0,0,True
Model_D,PowerTools,PowerTools_D0,0,0,True
Model_D,PowerTools,PowerTools_D0,0,0,True
Model_D,PowerTools,PowerTools_D0,0,0,True
Model_D,PowerTools,PowerTools_D0,0,0,True
Model_D,PowerTools,PowerTools_D0,0,0,True
Model_D,PowerTools,PowerTools_D0,0,0,True
Model_D,PowerTools,PowerTools_D0,0,0,True
Model_D,PowerTools,PowerTools_D0,0,0,True
Model_D,PowerTools,PowerTools_D0,0,0,True
Model_D,PowerTools,PowerTools_D0,0,0,True
Model_D,PowerTools,PowerTools_D0,0,0,True
Model_D,PowerTools,PowerTools_D0,0,0,True
Model_D,PowerTools,PowerTools_D0,0,0,True
Model_D,PowerTools,PowerTools_D0,0,0,True
Model_D,PowerTools,PowerTools_D0,0,0,True
Model_D,PowerTools,PowerTools_D0,0,0,True
Model_D,PowerTools,PowerTools_D0,0,0,True
Model_D,PowerTools,PowerTools_D0,0,0,True
Model_D,PowerTools,PowerTools_D0,0,0,True
Model_D,PowerTools,PowerTools_D0,0,0,True
Model_D,PowerTools,PowerTools_D0,0,0,True
Model_D,PowerTools,PowerTools_D0,0,0,True
Model_D,PowerTools,PowerTools_D0,0,0,True
Model_D,PowerTools,PowerTools_D0,0,0,True
Model_D,PowerTools,PowerTools_D0,0,0,True
Model_D,PowerTools,PowerTools_D0,0,0,True
Model_D,PowerTools,PowerTools_D0,0,0,True
Model_D,PowerTools,PowerTools_D0,0,0,True
Model_D,PowerTools,PowerTools_D0,0,0,True
Model_D,PowerTools,PowerTools_D0,0,0,True
Model_D,PowerTools,PowerTools_D0,0,0,True
Model_D,PowerTools,PowerTools_D0,0,0,True
Model_D,PowerTools,PowerTools_D0,0,0,True
Model_D,PowerTools,PowerTools_D0,0,0,True
Model_D,PowerTools,PowerTools_D0,0,0,True
Model_D,PowerTools,PowerTools_D0,0,0,True
Model_D,PowerTools,PowerTools_D0,0,0,True
Model_D,PowerTools,PowerTools_D0,0,0,True
Model_D,PowerTools,PowerTools_D0,0,0,True
Model_D,PowerTools,PowerTools_D0,0,0,True
Model_D,PowerTools,PowerTools_D0,0,0,True
Model_D,PowerTools,PowerTools_D0,0,0,True
Model_D,PowerTools,PowerTools_D0,0,0,True
Model_D,PowerTools,PowerTools_D0,0,0,True
Model_D,PowerTools,PowerTools_D0,1,1,True
Model_D,PowerTools,PowerTools_D0,1,1,True
Model_D,PowerTools,PowerTools_D0,1,1,True
Model_D,PowerTools,PowerTools_D0,1,1,True
Model_D,PowerTools,PowerTools_D0,1,1,True
Model_D,PowerTools,PowerTools_D0,1,1,True
Model_D,PowerTools,PowerTools_D0,1,1,True
Model_D,PowerTools,PowerTools_D0,1,1,True
Model_D,PowerTools,PowerTools_D0,1,1,True
Model_D,PowerTools,PowerTools_D0,1,1,True
Model_D,PowerTools,PowerTools_D0,1,1,True
Model_D,PowerTools,PowerTools_D0,1,1,True
Model_D,PowerTools,PowerTools_D0,1,1,True
Model_D,PowerTools,PowerTools_D0,1,1,True
Model_D,PowerTools,PowerTools_D0,1,1,True
Model_D,PowerTools,PowerTools_D0,1,1,True
Model_D,PowerTools,PowerTools_D0,1,1,True
Model_D,PowerTools,PowerTools_D0,1,1,True
Model_D,PowerTools,PowerTools_D0,1,1,True
Model_D,PowerTools,PowerTools_D0,1,1,True
Model_D,PowerTools,PowerTools_D0,1,1,True
Model_D,PowerTools,PowerTools_D0,1,1,True
Model_D,PowerTools,PowerTools_D0,1,1,True
Model_D,PowerTools,PowerTools_D1,0,0,True
Model_D,PowerTools,PowerTools_D1,0,0,True
Model_D,PowerTools,PowerTools_D1,0,0,True
Model_D,PowerTools,PowerTools_D1,0,0,True
Model_D,PowerTools,PowerTools_D1,0,0,True
Model_D,PowerTools,PowerTools_D1,0,0,True
Model_D,PowerTools,PowerTools_D1,0,0,True
Model_D,PowerTools,PowerTools_D1,0,0,True
Model_D,PowerTools,PowerTools_D1,0,0,True
Model_D,PowerTools,PowerTools_D1,0,0,True
Model_D,PowerTools,PowerTools_D1,0,0,True
Model_D,PowerTools,PowerTools_D1,0,0,True
Model_D,PowerTools,PowerTools_D1,0,0,True
Model_D,PowerTools,PowerTools_D1,0,0,True
Model_D,PowerTools,PowerTools_D1,0,0,True
Model_D,PowerTools,PowerTools_D1,0,0,True
Model_D,PowerTools,PowerTools_D1,0,0,True
Model_D,PowerTools,PowerTools_D1,0,0,True
Model_D,PowerTools,PowerTools_D1,0,0,True
Model_D,PowerTools,PowerTools_D1,0,0,True
Model_D,PowerTools,PowerTools_D1,0,0,True
Model_D,PowerTools,PowerTools_D1,0,0,True
Model_D,PowerTools,PowerTools_D1,0,0,True
Model_D,PowerTools,PowerTools_D1,0,0,True
Model_D,PowerTools,PowerTools_D1,0,0,True
Model_D,PowerTools,PowerTools_D1,0,0,True
Model_D,PowerTools,PowerTools_D1,0,0,True
Model_D,PowerTools,PowerTools_D1,0,0,True
Model_D,PowerTools,PowerTools_D1,0,0,True
Model_D,PowerTools,PowerTools_D1,0,0,True
Model_D,PowerTools,PowerTools_D1,0,0,True
Model_D,PowerTools,PowerTools_D1,0,0,True
Model_D,PowerTools,PowerTools_D1,0,0,True
Model_D,PowerTools,PowerTools_D1,0,0,True
Model_D,PowerTools,PowerTools_D1,0,0,True
Model_D,PowerTools,PowerTools_D1,0,0,True
Model_D,PowerTools,PowerTools_D1,0,0,True
Model_D,PowerTools,PowerTools_D1,0,0,True
Model_D,PowerTools,PowerTools_D1,0,0,True
Model_D,PowerTools,PowerTools_D1,0,0,True
Model_D,PowerTools,PowerTools_D1,0,0,True
Model_D,PowerTools,PowerTools_D1,0,0,True
Model_D,PowerTools,PowerTools_D1,0,0,True
Model_D,PowerTools,PowerTools_D1,0,0,True
Model_D,PowerTools,PowerTools_D1,0,0,True
Model_D,PowerTools,PowerTools_D1,0,0,True
Model_D,PowerTools,PowerTools_D1,0,0,True
Model_D,PowerTools,PowerTools_D1,0,0,True
Model_D,PowerTools,PowerTools_D1,0,0,True
Model_D,PowerTools,PowerTools_D1,0,0,True
Model_D,PowerTools,PowerTools_D1,0,0,True
Model_D,PowerTools,PowerTools_D1,0,0,True
Model_D,PowerTools,PowerTools_D1,0,0,True
Model_D,PowerTools,PowerTools_D1,0,0,True
Model_D,PowerTools,PowerTools_D1,0,0,True
Model_D,PowerTools,PowerTools_D1,0,0,True
Model_D,PowerTools,PowerTools_D1,0,0,True
Model_D,PowerTools,PowerTools_D1,0,0,True
Model_D,PowerTools,PowerTools_D1,0,0,True
Model_D,PowerTools,PowerTools_D1,0,0,True
Model_D,PowerTools,PowerTools_D1,0,0,True
Model_D,PowerTools,PowerTools_D1,0,0,True
Model_D,PowerTools,PowerTools_D1,0,0,True
Model_D,PowerTools,PowerTools_D1,0,0,True
Model_D,PowerTools,PowerTools_D1,0,0,True
Model_D,PowerTools,PowerTools_D1,0,0,True
Model_D,PowerTools,PowerTools_D1,1,1,True
Model_D,PowerTools,PowerTools_D1,1,1,True
Model_D,PowerTools,PowerTools_D1,1,1,True
Model_D,PowerTools,PowerTools_D1,1,1,True
Model_D,PowerTools,PowerTools_D1,1,1,True
Model_D,PowerTools,PowerTools_D1,1,1,True
Model_D,PowerTools,PowerTools_D1,1,0,False
Model_D,PowerTools,PowerTools_D1,1,0,False
Model_D,PowerTools,PowerTools_D1,1,0,False
Model_D,PowerTools,PowerTools_D1,1,1,True
Model_D,PowerTools,PowerTools_D1,1,1,True
Model_D,PowerTools,PowerTools_D1,1,1,True
Model_D,PowerTools,PowerTools_D1,1,1,True
Model_D,PowerTools,PowerTools_D1,1,1,True
Model_D,PowerTools,PowerTools_D1,1,1,True
Model_D,PowerTools,PowerTools_D1,1,1,True
Model_D,PowerTools,PowerTools_D1,1,1,True
Model_D,PowerTools,PowerTools_D1,1,1,True
Model_D,PowerTools,PowerTools_D1,1,1,True
Model_D,PowerTools,PowerTools_D1,1,1,True
Model_D,PowerTools,PowerTools_D1,1,1,True
Model_D,PowerTools,PowerTools_D1,1,1,True
Model_D,PowerTools,PowerTools_D2,0,0,True
Model_D,PowerTools,PowerTools_D2,0,0,True
Model_D,PowerTools,PowerTools_D2,0,0,True
Model_D,PowerTools,PowerTools_D2,0,0,True
Model_D,PowerTools,PowerTools_D2,0,0,True
Model_D,PowerTools,PowerTools_D2,0,0,True
Model_D,PowerTools,PowerTools_D2,0,0,True
Model_D,PowerTools,PowerTools_D2,0,0,True
Model_D,PowerTools,PowerTools_D2,0,0,True
Model_D,PowerTools,PowerTools_D2,0,0,True
Model_D,PowerTools,PowerTools_D2,0,0,True
Model_D,PowerTools,PowerTools_D2,0,0,True
Model_D,PowerTools,PowerTools_D2,0,0,True
Model_D,PowerTools,PowerTools_D2,0,0,True
Model_D,PowerTools,PowerTools_D2,0,0,True
Model_D,PowerTools,PowerTools_D2,0,0,True
Model_D,PowerTools,PowerTools_D2,0,0,True
Model_D,PowerTools,PowerTools_D2,0,0,True
Model_D,PowerTools,PowerTools_D2,0,0,True
Model_D,PowerTools,PowerTools_D2,0,0,True
Model_D,PowerTools,PowerTools_D2,0,0,True
Model_D,PowerTools,PowerTools_D2,0,0,True
Model_D,PowerTools,PowerTools_D2,0,0,True
Model_D,PowerTools,PowerTools_D2,0,0,True
Model_D,PowerTools,PowerTools_D2,0,0,True
Model_D,PowerTools,PowerTools_D2,0,0,True
Model_D,PowerTools,PowerTools_D2,0,0,True
Model_D,PowerTools,PowerTools_D2,0,0,True
Model_D,PowerTools,PowerTools_D2,0,0,True
Model_D,PowerTools,PowerTools_D2,0,0,True
Model_D,PowerTools,PowerTools_D2,0,0,True
Model_D,PowerTools,PowerTools_D2,0,0,True
Model_D,PowerTools,PowerTools_D2,0,0,True
Model_D,PowerTools,PowerTools_D2,0,0,True
Model_D,PowerTools,PowerTools_D2,0,0,True
Model_D,PowerTools,PowerTools_D2,0,0,True
Model_D,PowerTools,PowerTools_D2,0,0,True
Model_D,PowerTools,PowerTools_D2,0,0,True
Model_D,PowerTools,PowerTools_D2,0,0,True
Model_D,PowerTools,PowerTools_D2,0,0,True
Model_D,PowerTools,PowerTools_D2,0,0,True
Model_D,PowerTools,PowerTools_D2,0,0,True
Model_D,PowerTools,PowerTools_D2,0,0,True
Model_D,PowerTools,PowerTools_D2,0,0,True
Model_D,PowerTools,PowerTools_D2,0,0,True
Model_D,PowerTools,PowerTools_D2,0,0,True
Model_D,PowerTools,PowerTools_D2,0,0,True
Model_D,PowerTools,PowerTools_D2,0,0,True
Model_D,PowerTools,PowerTools_D2,0,0,True
Model_D,PowerTools,PowerTools_D2,0,0,True
Model_D,PowerTools,PowerTools_D2,0,0,True
Model_D,PowerTools,PowerTools_D2,0,0,True
Model_D,PowerTools,PowerTools_D2,0,0,True
Model_D,PowerTools,PowerTools_D2,0,0,True
Model_D,PowerTools,PowerTools_D2,0,0,True
Model_D,PowerTools,PowerTools_D2,0,0,True
Model_D,PowerTools,PowerTools_D2,0,0,True
Model_D,PowerTools,PowerTools_D2,0,0,True
Model_D,PowerTools,PowerTools_D2,0,0,True
Model_D,PowerTools,PowerTools_D2,0,0,True
Model_D,PowerTools,PowerTools_D2,0,0,True
Model_D,PowerTools,PowerTools_D2,1,1,True
Model_D,PowerTools,PowerTools_D2,1,1,True
Model_D,PowerTools,PowerTools_D2,1,1,True
Model_D,PowerTools,PowerTools_D2,1,1,True
Model_D,PowerTools,PowerTools_D2,1,1,True
Model_D,PowerTools,PowerTools_D2,1,1,True
Model_D,PowerTools,PowerTools_D2,1,1,True
Model_D,PowerTools,PowerTools_D2,1,1,True
Model_D,PowerTools,PowerTools_D2,1,1,True
Model_D,PowerTools,PowerTools_D2,1,1,True
Model_D,PowerTools,PowerTools_D2,1,1,True
Model_D,PowerTools,PowerTools_D2,1,1,True
Model_D,PowerTools,PowerTools_D2,1,1,True
Model_D,PowerTools,PowerTools_D2,1,1,True
Model_D,PowerTools,PowerTools_D2,1,1,True
Model_D,PowerTools,PowerTools_D2,1,1,True
Model_D,PowerTools,PowerTools_D2,1,1,True
Model_D,PowerTools,PowerTools_D2,1,1,True
Model_D,PowerTools,PowerTools_D2,1,1,True
Model_D,PowerTools,PowerTools_D2,1,1,True
Model_D,PowerTools,PowerTools_D2,1,1,True
Model_D,PowerTools,PowerTools_D2,1,1,True
Model_D,PowerTools,PowerTools_D3,0,0,True
Model_D,PowerTools,PowerTools_D3,0,0,True
Model_D,PowerTools,PowerTools_D3,0,0,True
Model_D,PowerTools,PowerTools_D3,0,0,True
Model_D,PowerTools,PowerTools_D3,0,0,True
Model_D,PowerTools,PowerTools_D3,0,0,True
Model_D,PowerTools,PowerTools_D3,0,0,True
Model_D,PowerTools,PowerTools_D3,0,0,True
Model_D,PowerTools,PowerTools_D3,0,0,True
Model_D,PowerTools,PowerTools_D3,0,0,True
Model_D,PowerTools,PowerTools_D3,0,0,True
Model_D,PowerTools,PowerTools_D3,0,0,True
Model_D,PowerTools,PowerTools_D3,0,0,True
Model_D,PowerTools,PowerTools_D3,0,0,True
Model_D,PowerTools,PowerTools_D3,0,0,True
Model_D,PowerTools,PowerTools_D3,0,0,True
Model_D,PowerTools,PowerTools_D3,0,0,True
Model_D,PowerTools,PowerTools_D3,0,0,True
Model_D,PowerTools,PowerTools_D3,0,0,True
Model_D,PowerTools,PowerTools_D3,0,0,True
Model_D,PowerTools,PowerTools_D3,0,0,True
Model_D,PowerTools,PowerTools_D3,0,0,True
Model_D,PowerTools,PowerTools_D3,0,0,True
Model_D,PowerTools,PowerTools_D3,0,0,True
Model_D,PowerTools,PowerTools_D3,0,0,True
Model_D,PowerTools,PowerTools_D3,0,0,True
Model_D,PowerTools,PowerTools_D3,0,0,True
Model_D,PowerTools,PowerTools_D3,0,0,True
Model_D,PowerTools,PowerTools_D3,0,0,True
Model_D,PowerTools,PowerTools_D3,0,0,True
Model_D,PowerTools,PowerTools_D3,0,0,True
Model_D,PowerTools,PowerTools_D3,0,0,True
Model_D,PowerTools,PowerTools_D3,0,0,True
Model_D,PowerTools,PowerTools_D3,0,0,True
Model_D,PowerTools,PowerTools_D3,0,0,True
Model_D,PowerTools,PowerTools_D3,0,0,True
Model_D,PowerTools,PowerTools_D3,0,0,True
Model_D,PowerTools,PowerTools_D3,0,0,True
Model_D,PowerTools,PowerTools_D3,0,0,True
Model_D,PowerTools,PowerTools_D3,0,0,True
Model_D,PowerTools,PowerTools_D3,0,0,True
Model_D,PowerTools,PowerTools_D3,0,0,True
Model_D,PowerTools,PowerTools_D3,0,0,True
Model_D,PowerTools,PowerTools_D3,0,0,True
Model_D,PowerTools,PowerTools_D3,0,0,True
Model_D,PowerTools,PowerTools_D3,0,0,True
Model_D,PowerTools,PowerTools_D3,0,0,True
Model_D,PowerTools,PowerTools_D3,0,0,True
Model_D,PowerTools,PowerTools_D3,0,0,True
Model_D,PowerTools,PowerTools_D3,0,0,True
Model_D,PowerTools,PowerTools_D3,1,1,True
Model_D,PowerTools,PowerTools_D3,1,1,True
Model_D,PowerTools,PowerTools_D3,1,1,True
Model_D,PowerTools,PowerTools_D3,1,1,True
Model_D,PowerTools,PowerTools_D3,1,1,True
Model_D,PowerTools,PowerTools_D3,1,1,True
Model_D,PowerTools,PowerTools_D3,1,1,True
Model_D,PowerTools,PowerTools_D3,1,1,True
Model_D,PowerTools,PowerTools_D3,1,1,True
Model_D,PowerTools,PowerTools_D3,1,1,True
Model_D,PowerTools,PowerTools_D3,1,1,True
Model_D,PowerTools,PowerTools_D3,1,1,True
Model_D,PowerTools,PowerTools_D3,1,1,True
Model_D,PowerTools,PowerTools_D3,1,1,True
Model_D,PowerTools,PowerTools_D3,1,1,True
Model_D,PowerTools,PowerTools_D3,1,1,True
Model_D,PowerTools,PowerTools_D3,1,1,True
Model_D,PowerTools,PowerTools_D3,1,1,True
Model_D,PowerTools,PowerTools_D3,1,1,True
Model_D,PowerTools,PowerTools_D3,1,1,True
Model_D,PowerTools,PowerTools_D3,1,1,True
Model_D,PowerTools,PowerTools_D3,1,1,True
Model_D,PowerTools,PowerTools_D4,0,0,True
Model_D,PowerTools,PowerTools_D4,0,0,True
Model_D,PowerTools,PowerTools_D4,0,0,True
Model_D,PowerTools,PowerTools_D4,0,0,True
Model_D,PowerTools,PowerTools_D4,0,0,True
Model_D,PowerTools,PowerTools_D4,0,0,True
Model_D,PowerTools,PowerTools_D4,0,0,True
Model_D,PowerTools,PowerTools_D4,0,0,True
Model_D,PowerTools,PowerTools_D4,0,0,True
Model_D,PowerTools,PowerTools_D4,0,0,True
Model_D,PowerTools,PowerTools_D4,0,0,True
Model_D,PowerTools,PowerTools_D4,0,0,True
Model_D,PowerTools,PowerTools_D4,0,0,True
Model_D,PowerTools,PowerTools_D4,0,0,True
Model_D,PowerTools,PowerTools_D4,0,0,True
Model_D,PowerTools,PowerTools_D4,0,0,True
Model_D,PowerTools,PowerTools_D4,0,0,True
Model_D,PowerTools,PowerTools_D4,0,0,True
Model_D,PowerTools,PowerTools_D4,0,0,True
Model_D,PowerTools,PowerTools_D4,0,0,True
Model_D,PowerTools,PowerTools_D4,0,0,True
Model_D,PowerTools,PowerTools_D4,0,0,True
Model_D,PowerTools,PowerTools_D4,0,0,True
Model_D,PowerTools,PowerTools_D4,0,0,True
Model_D,PowerTools,PowerTools_D4,0,0,True
Model_D,PowerTools,PowerTools_D4,0,0,True
Model_D,PowerTools,PowerTools_D4,0,0,True
Model_D,PowerTools,PowerTools_D4,0,0,True
Model_D,PowerTools,PowerTools_D4,0,0,True
Model_D,PowerTools,PowerTools_D4,0,0,True
Model_D,PowerTools,PowerTools_D4,0,0,True
Model_D,PowerTools,PowerTools_D4,0,0,True
Model_D,PowerTools,PowerTools_D4,0,0,True
Model_D,PowerTools,PowerTools_D4,0,0,True
Model_D,PowerTools,PowerTools_D4,0,0,True
Model_D,PowerTools,PowerTools_D4,0,0,True
Model_D,PowerTools,PowerTools_D4,0,0,True
Model_D,PowerTools,PowerTools_D4,0,0,True
Model_D,PowerTools,PowerTools_D4,0,0,True
Model_D,PowerTools,PowerTools_D4,0,0,True
Model_D,PowerTools,PowerTools_D4,0,0,True
Model_D,PowerTools,PowerTools_D4,0,0,True
Model_D,PowerTools,PowerTools_D4,0,0,True
Model_D,PowerTools,PowerTools_D4,0,0,True
Model_D,PowerTools,PowerTools_D4,0,0,True
Model_D,PowerTools,PowerTools_D4,0,0,True
Model_D,PowerTools,PowerTools_D4,0,0,True
Model_D,PowerTools,PowerTools_D4,0,0,True
Model_D,PowerTools,PowerTools_D4,0,0,True
Model_D,PowerTools,PowerTools_D4,0,0,True
Model_D,PowerTools,PowerTools_D4,0,0,True
Model_D,PowerTools,PowerTools_D4,0,0,True
Model_D,PowerTools,PowerTools_D4,0,0,True
Model_D,PowerTools,PowerTools_D4,0,0,True
Model_D,PowerTools,PowerTools_D4,0,0,True
Model_D,PowerTools,PowerTools_D4,0,0,True
Model_D,PowerTools,PowerTools_D4,0,0,True
Model_D,PowerTools,PowerTools_D4,0,0,True
Model_D,PowerTools,PowerTools_D4,0,0,True
Model_D,PowerTools,PowerTools_D4,0,0,True
Model_D,PowerTools,PowerTools_D4,0,0,True
Model_D,PowerTools,PowerTools_D4,0,0,True
Model_D,PowerTools,PowerTools_D4,0,0,True
Model_D,PowerTools,PowerTools_D4,1,1,True
Model_D,PowerTools,PowerTools_D4,1,1,True
Model_D,PowerTools,PowerTools_D4,1,1,True
Model_D,PowerTools,PowerTools_D4,1,1,True
Model_D,PowerTools,PowerTools_D4,1,1,True
Model_D,PowerTools,PowerTools_D4,1,1,True
Model_D,PowerTools,PowerTools_D4,1,1,True
Model_D,PowerTools,PowerTools_D4,1,1,True
Model_D,PowerTools,PowerTools_D4,1,1,True
Model_D,PowerTools,PowerTools_D4,1,1,True
Model_D,PowerTools,PowerTools_D4,1,1,True
Model_D,PowerTools,PowerTools_D4,1,1,True
Model_D,PowerTools,PowerTools_D4,1,1,True
Model_D,PowerTools,PowerTools_D4,1,1,True
Model_D,PowerTools,PowerTools_D4,1,1,True
Model_D,PowerTools,PowerTools_D4,1,1,True
Model_D,PowerTools,PowerTools_D4,1,1,True
Model_D,PowerTools,PowerTools_D4,1,1,True
Model_D,PowerTools,PowerTools_D4,1,1,True
Model_D,PowerTools,PowerTools_D4,1,1,True
Model_D,PowerTools,PowerTools_D4,1,1,True
Model_D,PowerTools,PowerTools_D4,1,1,True
Model_D,VacuumCleaner,VacuumCleaner_D0,0,0,True
Model_D,VacuumCleaner,VacuumCleaner_D0,0,0,True
Model_D,VacuumCleaner,VacuumCleaner_D0,0,0,True
Model_D,VacuumCleaner,VacuumCleaner_D0,0,0,True
Model_D,VacuumCleaner,VacuumCleaner_D0,0,0,True
Model_D,VacuumCleaner,VacuumCleaner_D0,0,0,True
Model_D,VacuumCleaner,VacuumCleaner_D0,0,0,True
Model_D,VacuumCleaner,VacuumCleaner_D0,0,0,True
Model_D,VacuumCleaner,VacuumCleaner_D0,0,0,True
Model_D,VacuumCleaner,VacuumCleaner_D0,0,0,True
Model_D,VacuumCleaner,VacuumCleaner_D0,0,0,True
Model_D,VacuumCleaner,VacuumCleaner_D0,0,0,True
Model_D,VacuumCleaner,VacuumCleaner_D0,0,0,True
Model_D,VacuumCleaner,VacuumCleaner_D0,0,0,True
Model_D,VacuumCleaner,VacuumCleaner_D0,0,0,True
Model_D,VacuumCleaner,VacuumCleaner_D0,0,0,True
Model_D,VacuumCleaner,VacuumCleaner_D0,0,0,True
Model_D,VacuumCleaner,VacuumCleaner_D0,0,0,True
Model_D,VacuumCleaner,VacuumCleaner_D0,0,0,True
Model_D,VacuumCleaner,VacuumCleaner_D0,0,0,True
Model_D,VacuumCleaner,VacuumCleaner_D0,0,0,True
Model_D,VacuumCleaner,VacuumCleaner_D0,0,0,True
Model_D,VacuumCleaner,VacuumCleaner_D0,0,0,True
Model_D,VacuumCleaner,VacuumCleaner_D0,0,0,True
Model_D,VacuumCleaner,VacuumCleaner_D0,0,0,True
Model_D,VacuumCleaner,VacuumCleaner_D0,0,0,True
Model_D,VacuumCleaner,VacuumCleaner_D0,0,0,True
Model_D,VacuumCleaner,VacuumCleaner_D0,0,0,True
Model_D,VacuumCleaner,VacuumCleaner_D0,0,0,True
Model_D,VacuumCleaner,VacuumCleaner_D0,0,0,True
Model_D,VacuumCleaner,VacuumCleaner_D0,0,0,True
Model_D,VacuumCleaner,VacuumCleaner_D0,0,0,True
Model_D,VacuumCleaner,VacuumCleaner_D0,0,0,True
Model_D,VacuumCleaner,VacuumCleaner_D0,0,0,True
Model_D,VacuumCleaner,VacuumCleaner_D0,0,0,True
Model_D,VacuumCleaner,VacuumCleaner_D0,0,0,True
Model_D,VacuumCleaner,VacuumCleaner_D0,0,0,True
Model_D,VacuumCleaner,VacuumCleaner_D0,0,0,True
Model_D,VacuumCleaner,VacuumCleaner_D0,0,0,True
Model_D,VacuumCleaner,VacuumCleaner_D0,0,0,True
Model_D,VacuumCleaner,VacuumCleaner_D0,0,0,True
Model_D,VacuumCleaner,VacuumCleaner_D0,0,0,True
Model_D,VacuumCleaner,VacuumCleaner_D0,0,0,True
Model_D,VacuumCleaner,VacuumCleaner_D0,0,0,True
Model_D,VacuumCleaner,VacuumCleaner_D0,0,0,True
Model_D,VacuumCleaner,VacuumCleaner_D0,0,0,True
Model_D,VacuumCleaner,VacuumCleaner_D0,0,0,True
Model_D,VacuumCleaner,VacuumCleaner_D0,0,0,True
Model_D,VacuumCleaner,VacuumCleaner_D0,0,0,True
Model_D,VacuumCleaner,VacuumCleaner_D0,0,0,True
Model_D,VacuumCleaner,VacuumCleaner_D0,0,0,True
Model_D,VacuumCleaner,VacuumCleaner_D0,0,0,True
Model_D,VacuumCleaner,VacuumCleaner_D0,0,0,True
Model_D,VacuumCleaner,VacuumCleaner_D0,0,0,True
Model_D,VacuumCleaner,VacuumCleaner_D0,0,0,True
Model_D,VacuumCleaner,VacuumCleaner_D0,0,0,True
Model_D,VacuumCleaner,VacuumCleaner_D0,0,0,True
Model_D,VacuumCleaner,VacuumCleaner_D0,1,1,True
Model_D,VacuumCleaner,VacuumCleaner_D0,1,1,True
Model_D,VacuumCleaner,VacuumCleaner_D0,1,1,True
Model_D,VacuumCleaner,VacuumCleaner_D0,1,1,True
Model_D,VacuumCleaner,VacuumCleaner_D0,1,1,True
Model_D,VacuumCleaner,VacuumCleaner_D0,1,1,True
Model_D,VacuumCleaner,VacuumCleaner_D0,1,1,True
Model_D,VacuumCleaner,VacuumCleaner_D0,1,1,True
Model_D,VacuumCleaner,VacuumCleaner_D0,1,1,True
Model_D,VacuumCleaner,VacuumCleaner_D0,1,1,True
Model_D,VacuumCleaner,VacuumCleaner_D0,1,1,True
Model_D,VacuumCleaner,VacuumCleaner_D0,1,1,True
Model_D,VacuumCleaner,VacuumCleaner_D0,1,1,True
Model_D,VacuumCleaner,VacuumCleaner_D0,1,1,True
Model_D,VacuumCleaner,VacuumCleaner_D0,1,1,True
Model_D,VacuumCleaner,VacuumCleaner_D0,1,1,True
Model_D,VacuumCleaner,VacuumCleaner_D0,1,1,True
Model_D,VacuumCleaner,VacuumCleaner_D0,1,1,True
Model_D,VacuumCleaner,VacuumCleaner_D0,1,1,True
Model_D,VacuumCleaner,VacuumCleaner_D0,1,1,True
Model_D,VacuumCleaner,VacuumCleaner_D0,1,1,True
Model_D,VacuumCleaner,VacuumCleaner_D0,1,1,True
Model_D,VacuumCleaner,VacuumCleaner_D0,1,1,True
Model_D,VacuumCleaner,VacuumCleaner_D1,0,0,True
Model_D,VacuumCleaner,VacuumCleaner_D1,0,0,True
Model_D,VacuumCleaner,VacuumCleaner_D1,0,0,True
Model_D,VacuumCleaner,VacuumCleaner_D1,0,0,True
Model_D,VacuumCleaner,VacuumCleaner_D1,0,0,True
Model_D,VacuumCleaner,VacuumCleaner_D1,0,0,True
Model_D,VacuumCleaner,VacuumCleaner_D1,0,0,True
Model_D,VacuumCleaner,VacuumCleaner_D1,0,0,True
Model_D,VacuumCleaner,VacuumCleaner_D1,0,0,True
Model_D,VacuumCleaner,VacuumCleaner_D1,0,0,True
Model_D,VacuumCleaner,VacuumCleaner_D1,0,0,True
Model_D,VacuumCleaner,VacuumCleaner_D1,0,0,True
Model_D,VacuumCleaner,VacuumCleaner_D1,0,0,True
Model_D,VacuumCleaner,VacuumCleaner_D1,0,0,True
Model_D,VacuumCleaner,VacuumCleaner_D1,0,0,True
Model_D,VacuumCleaner,VacuumCleaner_D1,0,0,True
Model_D,VacuumCleaner,VacuumCleaner_D1,0,0,True
Model_D,VacuumCleaner,VacuumCleaner_D1,0,0,True
Model_D,VacuumCleaner,VacuumCleaner_D1,0,0,True
Model_D,VacuumCleaner,VacuumCleaner_D1,0,0,True
Model_D,VacuumCleaner,VacuumCleaner_D1,0,0,True
Model_D,VacuumCleaner,VacuumCleaner_D1,0,0,True
Model_D,VacuumCleaner,VacuumCleaner_D1,0,0,True
Model_D,VacuumCleaner,VacuumCleaner_D1,0,0,True
Model_D,VacuumCleaner,VacuumCleaner_D1,0,0,True
Model_D,VacuumCleaner,VacuumCleaner_D1,0,0,True
Model_D,VacuumCleaner,VacuumCleaner_D1,0,0,True
Model_D,VacuumCleaner,VacuumCleaner_D1,0,0,True
Model_D,VacuumCleaner,VacuumCleaner_D1,0,0,True
Model_D,VacuumCleaner,VacuumCleaner_D1,0,0,True
Model_D,VacuumCleaner,VacuumCleaner_D1,0,0,True
Model_D,VacuumCleaner,VacuumCleaner_D1,0,0,True
Model_D,VacuumCleaner,VacuumCleaner_D1,0,0,True
Model_D,VacuumCleaner,VacuumCleaner_D1,0,0,True
Model_D,VacuumCleaner,VacuumCleaner_D1,0,0,True
Model_D,VacuumCleaner,VacuumCleaner_D1,0,0,True
Model_D,VacuumCleaner,VacuumCleaner_D1,0,0,True
Model_D,VacuumCleaner,VacuumCleaner_D1,0,0,True
Model_D,VacuumCleaner,VacuumCleaner_D1,0,0,True
Model_D,VacuumCleaner,VacuumCleaner_D1,0,0,True
Model_D,VacuumCleaner,VacuumCleaner_D1,0,0,True
Model_D,VacuumCleaner,VacuumCleaner_D1,0,0,True
Model_D,VacuumCleaner,VacuumCleaner_D1,0,0,True
Model_D,VacuumCleaner,VacuumCleaner_D1,0,0,True
Model_D,VacuumCleaner,VacuumCleaner_D1,0,0,True
Model_D,VacuumCleaner,VacuumCleaner_D1,0,0,True
Model_D,VacuumCleaner,VacuumCleaner_D1,0,0,True
Model_D,VacuumCleaner,VacuumCleaner_D1,0,0,True
Model_D,VacuumCleaner,VacuumCleaner_D1,0,0,True
Model_D,VacuumCleaner,VacuumCleaner_D1,0,0,True
Model_D,VacuumCleaner,VacuumCleaner_D1,0,0,True
Model_D,VacuumCleaner,VacuumCleaner_D1,0,0,True
Model_D,VacuumCleaner,VacuumCleaner_D1,0,0,True
Model_D,VacuumCleaner,VacuumCleaner_D1,0,0,True
Model_D,VacuumCleaner,VacuumCleaner_D1,1,1,True
Model_D,VacuumCleaner,VacuumCleaner_D1,1,1,True
Model_D,VacuumCleaner,VacuumCleaner_D1,1,1,True
Model_D,VacuumCleaner,VacuumCleaner_D1,1,1,True
Model_D,VacuumCleaner,VacuumCleaner_D1,1,1,True
Model_D,VacuumCleaner,VacuumCleaner_D1,1,1,True
Model_D,VacuumCleaner,VacuumCleaner_D1,1,1,True
Model_D,VacuumCleaner,VacuumCleaner_D1,1,1,True
Model_D,VacuumCleaner,VacuumCleaner_D1,1,1,True
Model_D,VacuumCleaner,VacuumCleaner_D1,1,1,True
Model_D,VacuumCleaner,VacuumCleaner_D1,1,1,True
Model_D,VacuumCleaner,VacuumCleaner_D1,1,1,True
Model_D,VacuumCleaner,VacuumCleaner_D1,1,1,True
Model_D,VacuumCleaner,VacuumCleaner_D1,1,1,True
Model_D,VacuumCleaner,VacuumCleaner_D1,1,1,True
Model_D,VacuumCleaner,VacuumCleaner_D1,1,1,True
Model_D,VacuumCleaner,VacuumCleaner_D1,1,1,True
Model_D,VacuumCleaner,VacuumCleaner_D1,1,1,True
Model_D,VacuumCleaner,VacuumCleaner_D1,1,1,True
Model_D,VacuumCleaner,VacuumCleaner_D1,1,1,True
Model_D,VacuumCleaner,VacuumCleaner_D1,1,1,True
Model_D,VacuumCleaner,VacuumCleaner_D1,1,1,True
Model_D,VacuumCleaner,VacuumCleaner_D2,0,0,True
Model_D,VacuumCleaner,VacuumCleaner_D2,0,0,True
Model_D,VacuumCleaner,VacuumCleaner_D2,0,0,True
Model_D,VacuumCleaner,VacuumCleaner_D2,0,0,True
Model_D,VacuumCleaner,VacuumCleaner_D2,0,0,True
Model_D,VacuumCleaner,VacuumCleaner_D2,0,0,True
Model_D,VacuumCleaner,VacuumCleaner_D2,0,0,True
Model_D,VacuumCleaner,VacuumCleaner_D2,0,0,True
Model_D,VacuumCleaner,VacuumCleaner_D2,0,0,True
Model_D,VacuumCleaner,VacuumCleaner_D2,0,0,True
Model_D,VacuumCleaner,VacuumCleaner_D2,0,0,True
Model_D,VacuumCleaner,VacuumCleaner_D2,0,0,True
Model_D,VacuumCleaner,VacuumCleaner_D2,0,0,True
Model_D,VacuumCleaner,VacuumCleaner_D2,0,0,True
Model_D,VacuumCleaner,VacuumCleaner_D2,0,0,True
Model_D,VacuumCleaner,VacuumCleaner_D2,0,0,True
Model_D,VacuumCleaner,VacuumCleaner_D2,0,0,True
Model_D,VacuumCleaner,VacuumCleaner_D2,0,0,True
Model_D,VacuumCleaner,VacuumCleaner_D2,0,0,True
Model_D,VacuumCleaner,VacuumCleaner_D2,0,0,True
Model_D,VacuumCleaner,VacuumCleaner_D2,0,0,True
Model_D,VacuumCleaner,VacuumCleaner_D2,0,0,True
Model_D,VacuumCleaner,VacuumCleaner_D2,0,0,True
Model_D,VacuumCleaner,VacuumCleaner_D2,0,0,True
Model_D,VacuumCleaner,VacuumCleaner_D2,0,0,True
Model_D,VacuumCleaner,VacuumCleaner_D2,0,0,True
Model_D,VacuumCleaner,VacuumCleaner_D2,0,0,True
Model_D,VacuumCleaner,VacuumCleaner_D2,0,0,True
Model_D,VacuumCleaner,VacuumCleaner_D2,0,0,True
Model_D,VacuumCleaner,VacuumCleaner_D2,0,0,True
Model_D,VacuumCleaner,VacuumCleaner_D2,0,0,True
Model_D,VacuumCleaner,VacuumCleaner_D2,0,0,True
Model_D,VacuumCleaner,VacuumCleaner_D2,0,0,True
Model_D,VacuumCleaner,VacuumCleaner_D2,0,0,True
Model_D,VacuumCleaner,VacuumCleaner_D2,0,0,True
Model_D,VacuumCleaner,VacuumCleaner_D2,0,0,True
Model_D,VacuumCleaner,VacuumCleaner_D2,0,0,True
Model_D,VacuumCleaner,VacuumCleaner_D2,0,0,True
Model_D,VacuumCleaner,VacuumCleaner_D2,0,0,True
Model_D,VacuumCleaner,VacuumCleaner_D2,0,0,True
Model_D,VacuumCleaner,VacuumCleaner_D2,0,0,True
Model_D,VacuumCleaner,VacuumCleaner_D2,0,0,True
Model_D,VacuumCleaner,VacuumCleaner_D2,0,0,True
Model_D,VacuumCleaner,VacuumCleaner_D2,0,0,True
Model_D,VacuumCleaner,VacuumCleaner_D2,0,0,True
Model_D,VacuumCleaner,VacuumCleaner_D2,0,0,True
Model_D,VacuumCleaner,VacuumCleaner_D2,0,0,True
Model_D,VacuumCleaner,VacuumCleaner_D2,0,0,True
Model_D,VacuumCleaner,VacuumCleaner_D2,0,0,True
Model_D,VacuumCleaner,VacuumCleaner_D2,0,0,True
Model_D,VacuumCleaner,VacuumCleaner_D2,0,0,True
Model_D,VacuumCleaner,VacuumCleaner_D2,0,0,True
Model_D,VacuumCleaner,VacuumCleaner_D2,0,0,True
Model_D,VacuumCleaner,VacuumCleaner_D2,0,0,True
Model_D,VacuumCleaner,VacuumCleaner_D2,0,0,True
Model_D,VacuumCleaner,VacuumCleaner_D2,0,0,True
Model_D,VacuumCleaner,VacuumCleaner_D2,0,0,True
Model_D,VacuumCleaner,VacuumCleaner_D2,0,0,True
Model_D,VacuumCleaner,VacuumCleaner_D2,0,0,True
Model_D,VacuumCleaner,VacuumCleaner_D2,0,0,True
Model_D,VacuumCleaner,VacuumCleaner_D2,0,0,True
Model_D,VacuumCleaner,VacuumCleaner_D2,0,0,True
Model_D,VacuumCleaner,VacuumCleaner_D2,0,0,True
Model_D,VacuumCleaner,VacuumCleaner_D2,0,0,True
Model_D,VacuumCleaner,VacuumCleaner_D2,0,0,True
Model_D,VacuumCleaner,VacuumCleaner_D2,0,0,True
Model_D,VacuumCleaner,VacuumCleaner_D2,0,0,True
Model_D,VacuumCleaner,VacuumCleaner_D2,0,0,True
Model_D,VacuumCleaner,VacuumCleaner_D2,1,1,True
Model_D,VacuumCleaner,VacuumCleaner_D2,1,1,True
Model_D,VacuumCleaner,VacuumCleaner_D2,1,1,True
Model_D,VacuumCleaner,VacuumCleaner_D2,1,1,True
Model_D,VacuumCleaner,VacuumCleaner_D2,1,1,True
Model_D,VacuumCleaner,VacuumCleaner_D2,1,1,True
Model_D,VacuumCleaner,VacuumCleaner_D2,1,1,True
Model_D,VacuumCleaner,VacuumCleaner_D2,1,1,True
Model_D,VacuumCleaner,VacuumCleaner_D2,1,1,True
Model_D,VacuumCleaner,VacuumCleaner_D2,1,1,True
Model_D,VacuumCleaner,VacuumCleaner_D2,1,1,True
Model_D,VacuumCleaner,VacuumCleaner_D2,1,1,True
Model_D,VacuumCleaner,VacuumCleaner_D2,1,1,True
Model_D,VacuumCleaner,VacuumCleaner_D2,1,1,True
Model_D,VacuumCleaner,VacuumCleaner_D2,1,1,True
Model_D,VacuumCleaner,VacuumCleaner_D2,1,1,True
Model_D,VacuumCleaner,VacuumCleaner_D2,1,1,True
Model_D,VacuumCleaner,VacuumCleaner_D2,1,1,True
Model_D,VacuumCleaner,VacuumCleaner_D2,1,1,True
Model_D,VacuumCleaner,VacuumCleaner_D2,1,1,True
Model_D,VacuumCleaner,VacuumCleaner_D3,0,0,True
Model_D,VacuumCleaner,VacuumCleaner_D3,0,0,True
Model_D,VacuumCleaner,VacuumCleaner_D3,0,0,True
Model_D,VacuumCleaner,VacuumCleaner_D3,0,0,True
Model_D,VacuumCleaner,VacuumCleaner_D3,0,0,True
Model_D,VacuumCleaner,VacuumCleaner_D3,0,0,True
Model_D,VacuumCleaner,VacuumCleaner_D3,0,0,True
Model_D,VacuumCleaner,VacuumCleaner_D3,0,0,True
Model_D,VacuumCleaner,VacuumCleaner_D3,0,0,True
Model_D,VacuumCleaner,VacuumCleaner_D3,0,0,True
Model_D,VacuumCleaner,VacuumCleaner_D3,0,0,True
Model_D,VacuumCleaner,VacuumCleaner_D3,0,0,True
Model_D,VacuumCleaner,VacuumCleaner_D3,0,0,True
Model_D,VacuumCleaner,VacuumCleaner_D3,0,0,True
Model_D,VacuumCleaner,VacuumCleaner_D3,0,0,True
Model_D,VacuumCleaner,VacuumCleaner_D3,0,0,True
Model_D,VacuumCleaner,VacuumCleaner_D3,0,0,True
Model_D,VacuumCleaner,VacuumCleaner_D3,0,0,True
Model_D,VacuumCleaner,VacuumCleaner_D3,0,0,True
Model_D,VacuumCleaner,VacuumCleaner_D3,0,0,True
Model_D,VacuumCleaner,VacuumCleaner_D3,0,0,True
Model_D,VacuumCleaner,VacuumCleaner_D3,0,0,True
Model_D,VacuumCleaner,VacuumCleaner_D3,0,0,True
Model_D,VacuumCleaner,VacuumCleaner_D3,0,0,True
Model_D,VacuumCleaner,VacuumCleaner_D3,0,0,True
Model_D,VacuumCleaner,VacuumCleaner_D3,0,0,True
Model_D,VacuumCleaner,VacuumCleaner_D3,0,0,True
Model_D,VacuumCleaner,VacuumCleaner_D3,0,0,True
Model_D,VacuumCleaner,VacuumCleaner_D3,0,0,True
Model_D,VacuumCleaner,VacuumCleaner_D3,0,0,True
Model_D,VacuumCleaner,VacuumCleaner_D3,0,0,True
Model_D,VacuumCleaner,VacuumCleaner_D3,0,0,True
Model_D,VacuumCleaner,VacuumCleaner_D3,0,0,True
Model_D,VacuumCleaner,VacuumCleaner_D3,0,0,True
Model_D,VacuumCleaner,VacuumCleaner_D3,0,0,True
Model_D,VacuumCleaner,VacuumCleaner_D3,0,0,True
Model_D,VacuumCleaner,VacuumCleaner_D3,0,0,True
Model_D,VacuumCleaner,VacuumCleaner_D3,0,0,True
Model_D,VacuumCleaner,VacuumCleaner_D3,0,0,True
Model_D,VacuumCleaner,VacuumCleaner_D3,0,0,True
Model_D,VacuumCleaner,VacuumCleaner_D3,0,0,True
Model_D,VacuumCleaner,VacuumCleaner_D3,0,0,True
Model_D,VacuumCleaner,VacuumCleaner_D3,0,0,True
Model_D,VacuumCleaner,VacuumCleaner_D3,0,0,True
Model_D,VacuumCleaner,VacuumCleaner_D3,0,0,True
Model_D,VacuumCleaner,VacuumCleaner_D3,0,0,True
Model_D,VacuumCleaner,VacuumCleaner_D3,0,0,True
Model_D,VacuumCleaner,VacuumCleaner_D3,0,0,True
Model_D,VacuumCleaner,VacuumCleaner_D3,0,0,True
Model_D,VacuumCleaner,VacuumCleaner_D3,0,0,True
Model_D,VacuumCleaner,VacuumCleaner_D3,0,0,True
Model_D,VacuumCleaner,VacuumCleaner_D3,0,0,True
Model_D,VacuumCleaner,VacuumCleaner_D3,0,0,True
Model_D,VacuumCleaner,VacuumCleaner_D3,0,0,True
Model_D,VacuumCleaner,VacuumCleaner_D3,0,0,True
Model_D,VacuumCleaner,VacuumCleaner_D3,0,0,True
Model_D,VacuumCleaner,VacuumCleaner_D3,0,0,True
Model_D,VacuumCleaner,VacuumCleaner_D3,0,0,True
Model_D,VacuumCleaner,VacuumCleaner_D3,0,0,True
Model_D,VacuumCleaner,VacuumCleaner_D3,0,0,True
Model_D,VacuumCleaner,VacuumCleaner_D3,0,0,True
Model_D,VacuumCleaner,VacuumCleaner_D3,0,0,True
Model_D,VacuumCleaner,VacuumCleaner_D3,0,0,True
Model_D,VacuumCleaner,VacuumCleaner_D3,0,0,True
Model_D,VacuumCleaner,VacuumCleaner_D3,0,0,True
Model_D,VacuumCleaner,VacuumCleaner_D3,0,0,True
Model_D,VacuumCleaner,VacuumCleaner_D3,1,1,True
Model_D,VacuumCleaner,VacuumCleaner_D3,1,1,True
Model_D,VacuumCleaner,VacuumCleaner_D3,1,1,True
Model_D,VacuumCleaner,VacuumCleaner_D3,1,1,True
Model_D,VacuumCleaner,VacuumCleaner_D3,1,1,True
Model_D,VacuumCleaner,VacuumCleaner_D3,1,1,True
Model_D,VacuumCleaner,VacuumCleaner_D3,1,1,True
Model_D,VacuumCleaner,VacuumCleaner_D3,1,1,True
Model_D,VacuumCleaner,VacuumCleaner_D3,1,1,True
Model_D,VacuumCleaner,VacuumCleaner_D3,1,1,True
Model_D,VacuumCleaner,VacuumCleaner_D3,1,1,True
Model_D,VacuumCleaner,VacuumCleaner_D3,1,1,True
Model_D,VacuumCleaner,VacuumCleaner_D3,1,1,True
Model_D,VacuumCleaner,VacuumCleaner_D3,1,1,True
Model_D,VacuumCleaner,VacuumCleaner_D3,1,1,True
Model_D,VacuumCleaner,VacuumCleaner_D3,1,1,True
Model_D,VacuumCleaner,VacuumCleaner_D3,1,1,True
Model_D,VacuumCleaner,VacuumCleaner_D3,1,1,True
Model_D,VacuumCleaner,VacuumCleaner_D3,1,1,True
Model_D,VacuumCleaner,VacuumCleaner_D3,1,1,True
Model_D,VacuumCleaner,VacuumCleaner_D4,0,0,True
Model_D,VacuumCleaner,VacuumCleaner_D4,0,0,True
Model_D,VacuumCleaner,VacuumCleaner_D4,0,0,True
Model_D,VacuumCleaner,VacuumCleaner_D4,0,0,True
Model_D,VacuumCleaner,VacuumCleaner_D4,0,0,True
Model_D,VacuumCleaner,VacuumCleaner_D4,0,0,True
Model_D,VacuumCleaner,VacuumCleaner_D4,0,0,True
Model_D,VacuumCleaner,VacuumCleaner_D4,0,0,True
Model_D,VacuumCleaner,VacuumCleaner_D4,0,0,True
Model_D,VacuumCleaner,VacuumCleaner_D4,0,0,True
Model_D,VacuumCleaner,VacuumCleaner_D4,0,0,True
Model_D,VacuumCleaner,VacuumCleaner_D4,0,0,True
Model_D,VacuumCleaner,VacuumCleaner_D4,0,0,True
Model_D,VacuumCleaner,VacuumCleaner_D4,0,0,True
Model_D,VacuumCleaner,VacuumCleaner_D4,0,0,True
Model_D,VacuumCleaner,VacuumCleaner_D4,0,0,True
Model_D,VacuumCleaner,VacuumCleaner_D4,0,0,True
Model_D,VacuumCleaner,VacuumCleaner_D4,0,0,True
Model_D,VacuumCleaner,VacuumCleaner_D4,0,0,True
Model_D,VacuumCleaner,VacuumCleaner_D4,0,0,True
Model_D,VacuumCleaner,VacuumCleaner_D4,0,0,True
Model_D,VacuumCleaner,VacuumCleaner_D4,0,0,True
Model_D,VacuumCleaner,VacuumCleaner_D4,0,0,True
Model_D,VacuumCleaner,VacuumCleaner_D4,0,0,True
Model_D,VacuumCleaner,VacuumCleaner_D4,0,0,True
Model_D,VacuumCleaner,VacuumCleaner_D4,0,0,True
Model_D,VacuumCleaner,VacuumCleaner_D4,0,0,True
Model_D,VacuumCleaner,VacuumCleaner_D4,0,0,True
Model_D,VacuumCleaner,VacuumCleaner_D4,0,0,True
Model_D,VacuumCleaner,VacuumCleaner_D4,0,0,True
Model_D,VacuumCleaner,VacuumCleaner_D4,0,0,True
Model_D,VacuumCleaner,VacuumCleaner_D4,0,0,True
Model_D,VacuumCleaner,VacuumCleaner_D4,0,0,True
Model_D,VacuumCleaner,VacuumCleaner_D4,0,0,True
Model_D,VacuumCleaner,VacuumCleaner_D4,0,0,True
Model_D,VacuumCleaner,VacuumCleaner_D4,0,0,True
Model_D,VacuumCleaner,VacuumCleaner_D4,0,0,True
Model_D,VacuumCleaner,VacuumCleaner_D4,0,0,True
Model_D,VacuumCleaner,VacuumCleaner_D4,0,0,True
Model_D,VacuumCleaner,VacuumCleaner_D4,0,0,True
Model_D,VacuumCleaner,VacuumCleaner_D4,0,0,True
Model_D,VacuumCleaner,VacuumCleaner_D4,0,0,True
Model_D,VacuumCleaner,VacuumCleaner_D4,0,0,True
Model_D,VacuumCleaner,VacuumCleaner_D4,0,0,True
Model_D,VacuumCleaner,VacuumCleaner_D4,0,0,True
Model_D,VacuumCleaner,VacuumCleaner_D4,0,0,True
Model_D,VacuumCleaner,VacuumCleaner_D4,0,0,True
Model_D,VacuumCleaner,VacuumCleaner_D4,0,0,True
Model_D,VacuumCleaner,VacuumCleaner_D4,0,0,True
Model_D,VacuumCleaner,VacuumCleaner_D4,0,0,True
Model_D,VacuumCleaner,VacuumCleaner_D4,0,0,True
Model_D,VacuumCleaner,VacuumCleaner_D4,0,0,True
Model_D,VacuumCleaner,VacuumCleaner_D4,0,0,True
Model_D,VacuumCleaner,VacuumCleaner_D4,0,0,True
Model_D,VacuumCleaner,VacuumCleaner_D4,0,0,True
Model_D,VacuumCleaner,VacuumCleaner_D4,0,0,True
Model_D,VacuumCleaner,VacuumCleaner_D4,0,0,True
Model_D,VacuumCleaner,VacuumCleaner_D4,0,0,True
Model_D,VacuumCleaner,VacuumCleaner_D4,0,0,True
Model_D,VacuumCleaner,VacuumCleaner_D4,0,0,True
Model_D,VacuumCleaner,VacuumCleaner_D4,0,0,True
Model_D,VacuumCleaner,VacuumCleaner_D4,0,0,True
Model_D,VacuumCleaner,VacuumCleaner_D4,0,0,True
Model_D,VacuumCleaner,VacuumCleaner_D4,0,0,True
Model_D,VacuumCleaner,VacuumCleaner_D4,0,0,True
Model_D,VacuumCleaner,VacuumCleaner_D4,0,0,True
Model_D,VacuumCleaner,VacuumCleaner_D4,0,0,True
Model_D,VacuumCleaner,VacuumCleaner_D4,0,0,True
Model_D,VacuumCleaner,VacuumCleaner_D4,0,0,True
Model_D,VacuumCleaner,VacuumCleaner_D4,0,0,True
Model_D,VacuumCleaner,VacuumCleaner_D4,0,0,True
Model_D,VacuumCleaner,VacuumCleaner_D4,0,0,True
Model_D,VacuumCleaner,VacuumCleaner_D4,1,1,True
Model_D,VacuumCleaner,VacuumCleaner_D4,1,1,True
Model_D,VacuumCleaner,VacuumCleaner_D4,1,1,True
Model_D,VacuumCleaner,VacuumCleaner_D4,1,1,True
Model_D,VacuumCleaner,VacuumCleaner_D4,1,1,True
Model_D,VacuumCleaner,VacuumCleaner_D4,1,1,True
Model_D,VacuumCleaner,VacuumCleaner_D4,1,1,True
Model_D,VacuumCleaner,VacuumCleaner_D4,1,1,True
Model_D,VacuumCleaner,VacuumCleaner_D4,1,1,True
Model_D,VacuumCleaner,VacuumCleaner_D4,1,1,True
Model_D,VacuumCleaner,VacuumCleaner_D4,1,1,True
Model_D,VacuumCleaner,VacuumCleaner_D4,1,1,True
Model_D,VacuumCleaner,VacuumCleaner_D4,1,1,True
Model_D,VacuumCleaner,VacuumCleaner_D4,1,1,True
Model_D,VacuumCleaner,VacuumCleaner_D4,1,1,True
Model_D,VacuumCleaner,VacuumCleaner_D4,1,1,True
Model_D,VacuumCleaner,VacuumCleaner_D4,1,1,True
Model_D,VacuumCleaner,VacuumCleaner_D4,1,1,True
Model_D,VacuumCleaner,VacuumCleaner_D4,1,1,True
Model_D,VacuumCleaner,VacuumCleaner_D4,1,1,True
Model_D,SwitchingPowerSupply,SwitchingPowerSupply_D0,0,0,True
Model_D,SwitchingPowerSupply,SwitchingPowerSupply_D0,0,0,True
Model_D,SwitchingPowerSupply,SwitchingPowerSupply_D0,0,0,True
Model_D,SwitchingPowerSupply,SwitchingPowerSupply_D0,0,0,True
Model_D,SwitchingPowerSupply,SwitchingPowerSupply_D0,0,0,True
Model_D,SwitchingPowerSupply,SwitchingPowerSupply_D0,0,0,True
Model_D,SwitchingPowerSupply,SwitchingPowerSupply_D0,0,0,True
Model_D,SwitchingPowerSupply,SwitchingPowerSupply_D0,0,0,True
Model_D,SwitchingPowerSupply,SwitchingPowerSupply_D0,0,0,True
Model_D,SwitchingPowerSupply,SwitchingPowerSupply_D0,0,0,True
Model_D,SwitchingPowerSupply,SwitchingPowerSupply_D0,0,0,True
Model_D,SwitchingPowerSupply,SwitchingPowerSupply_D0,0,0,True
Model_D,SwitchingPowerSupply,SwitchingPowerSupply_D0,0,0,True
Model_D,SwitchingPowerSupply,SwitchingPowerSupply_D0,0,0,True
Model_D,SwitchingPowerSupply,SwitchingPowerSupply_D0,0,0,True
Model_D,SwitchingPowerSupply,SwitchingPowerSupply_D0,0,0,True
Model_D,SwitchingPowerSupply,SwitchingPowerSupply_D0,0,0,True
Model_D,SwitchingPowerSupply,SwitchingPowerSupply_D0,0,0,True
Model_D,SwitchingPowerSupply,SwitchingPowerSupply_D0,0,0,True
Model_D,SwitchingPowerSupply,SwitchingPowerSupply_D0,0,0,True
Model_D,SwitchingPowerSupply,SwitchingPowerSupply_D0,0,0,True
Model_D,SwitchingPowerSupply,SwitchingPowerSupply_D0,0,0,True
Model_D,SwitchingPowerSupply,SwitchingPowerSupply_D0,0,0,True
Model_D,SwitchingPowerSupply,SwitchingPowerSupply_D0,0,0,True
Model_D,SwitchingPowerSupply,SwitchingPowerSupply_D0,0,0,True
Model_D,SwitchingPowerSupply,SwitchingPowerSupply_D0,0,0,True
Model_D,SwitchingPowerSupply,SwitchingPowerSupply_D0,0,0,True
Model_D,SwitchingPowerSupply,SwitchingPowerSupply_D0,0,0,True
Model_D,SwitchingPowerSupply,SwitchingPowerSupply_D0,0,0,True
Model_D,SwitchingPowerSupply,SwitchingPowerSupply_D0,0,0,True
Model_D,SwitchingPowerSupply,SwitchingPowerSupply_D0,0,0,True
Model_D,SwitchingPowerSupply,SwitchingPowerSupply_D0,0,0,True
Model_D,SwitchingPowerSupply,SwitchingPowerSupply_D0,0,0,True
Model_D,SwitchingPowerSupply,SwitchingPowerSupply_D0,0,0,True
Model_D,SwitchingPowerSupply,SwitchingPowerSupply_D0,0,0,True
Model_D,SwitchingPowerSupply,SwitchingPowerSupply_D0,0,0,True
Model_D,SwitchingPowerSupply,SwitchingPowerSupply_D0,0,0,True
Model_D,SwitchingPowerSupply,SwitchingPowerSupply_D0,0,0,True
Model_D,SwitchingPowerSupply,SwitchingPowerSupply_D0,0,0,True
Model_D,SwitchingPowerSupply,SwitchingPowerSupply_D0,0,0,True
Model_D,SwitchingPowerSupply,SwitchingPowerSupply_D0,0,0,True
Model_D,SwitchingPowerSupply,SwitchingPowerSupply_D0,0,0,True
Model_D,SwitchingPowerSupply,SwitchingPowerSupply_D0,0,0,True
Model_D,SwitchingPowerSupply,SwitchingPowerSupply_D0,0,0,True
Model_D,SwitchingPowerSupply,SwitchingPowerSupply_D0,0,0,True
Model_D,SwitchingPowerSupply,SwitchingPowerSupply_D0,0,0,True
Model_D,SwitchingPowerSupply,SwitchingPowerSupply_D0,0,0,True
Model_D,SwitchingPowerSupply,SwitchingPowerSupply_D0,0,0,True
Model_D,SwitchingPowerSupply,SwitchingPowerSupply_D0,0,0,True
Model_D,SwitchingPowerSupply,SwitchingPowerSupply_D0,0,0,True
Model_D,SwitchingPowerSupply,SwitchingPowerSupply_D0,0,0,True
Model_D,SwitchingPowerSupply,SwitchingPowerSupply_D0,0,0,True
Model_D,SwitchingPowerSupply,SwitchingPowerSupply_D0,0,0,True
Model_D,SwitchingPowerSupply,SwitchingPowerSupply_D0,0,0,True
Model_D,SwitchingPowerSupply,SwitchingPowerSupply_D0,0,0,True
Model_D,SwitchingPowerSupply,SwitchingPowerSupply_D0,0,0,True
Model_D,SwitchingPowerSupply,SwitchingPowerSupply_D0,0,0,True
Model_D,SwitchingPowerSupply,SwitchingPowerSupply_D0,0,0,True
Model_D,SwitchingPowerSupply,SwitchingPowerSupply_D0,0,0,True
Model_D,SwitchingPowerSupply,SwitchingPowerSupply_D0,0,0,True
Model_D,SwitchingPowerSupply,SwitchingPowerSupply_D0,0,0,True
Model_D,SwitchingPowerSupply,SwitchingPowerSupply_D0,0,0,True
Model_D,SwitchingPowerSupply,SwitchingPowerSupply_D0,0,0,True
Model_D,SwitchingPowerSupply,SwitchingPowerSupply_D0,0,0,True
Model_D,SwitchingPowerSupply,SwitchingPowerSupply_D0,0,0,True
Model_D,SwitchingPowerSupply,SwitchingPowerSupply_D0,0,0,True
Model_D,SwitchingPowerSupply,SwitchingPowerSupply_D0,0,0,True
Model_D,SwitchingPowerSupply,SwitchingPowerSupply_D0,0,0,True
Model_D,SwitchingPowerSupply,SwitchingPowerSupply_D0,0,0,True
Model_D,SwitchingPowerSupply,SwitchingPowerSupply_D0,0,0,True
Model_D,SwitchingPowerSupply,SwitchingPowerSupply_D0,0,0,True
Model_D,SwitchingPowerSupply,SwitchingPowerSupply_D0,0,0,True
Model_D,SwitchingPowerSupply,SwitchingPowerSupply_D0,0,0,True
Model_D,SwitchingPowerSupply,SwitchingPowerSupply_D0,1,1,True
Model_D,SwitchingPowerSupply,SwitchingPowerSupply_D0,1,1,True
Model_D,SwitchingPowerSupply,SwitchingPowerSupply_D0,1,1,True
Model_D,SwitchingPowerSupply,SwitchingPowerSupply_D0,1,1,True
Model_D,SwitchingPowerSupply,SwitchingPowerSupply_D0,1,1,True
Model_D,SwitchingPowerSupply,SwitchingPowerSupply_D0,1,1,True
Model_D,SwitchingPowerSupply,SwitchingPowerSupply_D0,1,1,True
Model_D,SwitchingPowerSupply,SwitchingPowerSupply_D0,1,1,True
Model_D,SwitchingPowerSupply,SwitchingPowerSupply_D0,1,1,True
Model_D,SwitchingPowerSupply,SwitchingPowerSupply_D0,1,1,True
Model_D,SwitchingPowerSupply,SwitchingPowerSupply_D0,1,1,True
Model_D,SwitchingPowerSupply,SwitchingPowerSupply_D0,1,1,True
Model_D,SwitchingPowerSupply,SwitchingPowerSupply_D0,1,1,True
Model_D,SwitchingPowerSupply,SwitchingPowerSupply_D0,1,1,True
Model_D,SwitchingPowerSupply,SwitchingPowerSupply_D0,1,1,True
Model_D,SwitchingPowerSupply,SwitchingPowerSupply_D0,1,1,True
Model_D,SwitchingPowerSupply,SwitchingPowerSupply_D0,1,1,True
Model_D,SwitchingPowerSupply,SwitchingPowerSupply_D0,1,1,True
Model_D,SwitchingPowerSupply,SwitchingPowerSupply_D0,1,1,True
Model_D,SwitchingPowerSupply,SwitchingPowerSupply_D0,1,1,True
Model_D,SwitchingPowerSupply,SwitchingPowerSupply_D0,1,1,True
Model_D,SwitchingPowerSupply,SwitchingPowerSupply_D0,1,1,True
Model_D,SwitchingPowerSupply,SwitchingPowerSupply_D1,0,0,True
Model_D,SwitchingPowerSupply,SwitchingPowerSupply_D1,0,0,True
Model_D,SwitchingPowerSupply,SwitchingPowerSupply_D1,0,0,True
Model_D,SwitchingPowerSupply,SwitchingPowerSupply_D1,0,0,True
Model_D,SwitchingPowerSupply,SwitchingPowerSupply_D1,0,0,True
Model_D,SwitchingPowerSupply,SwitchingPowerSupply_D1,0,0,True
Model_D,SwitchingPowerSupply,SwitchingPowerSupply_D1,0,0,True
Model_D,SwitchingPowerSupply,SwitchingPowerSupply_D1,0,0,True
Model_D,SwitchingPowerSupply,SwitchingPowerSupply_D1,0,0,True
Model_D,SwitchingPowerSupply,SwitchingPowerSupply_D1,0,0,True
Model_D,SwitchingPowerSupply,SwitchingPowerSupply_D1,0,0,True
Model_D,SwitchingPowerSupply,SwitchingPowerSupply_D1,0,0,True
Model_D,SwitchingPowerSupply,SwitchingPowerSupply_D1,0,0,True
Model_D,SwitchingPowerSupply,SwitchingPowerSupply_D1,0,0,True
Model_D,SwitchingPowerSupply,SwitchingPowerSupply_D1,0,0,True
Model_D,SwitchingPowerSupply,SwitchingPowerSupply_D1,0,0,True
Model_D,SwitchingPowerSupply,SwitchingPowerSupply_D1,0,0,True
Model_D,SwitchingPowerSupply,SwitchingPowerSupply_D1,0,0,True
Model_D,SwitchingPowerSupply,SwitchingPowerSupply_D1,0,0,True
Model_D,SwitchingPowerSupply,SwitchingPowerSupply_D1,0,0,True
Model_D,SwitchingPowerSupply,SwitchingPowerSupply_D1,0,0,True
Model_D,SwitchingPowerSupply,SwitchingPowerSupply_D1,0,0,True
Model_D,SwitchingPowerSupply,SwitchingPowerSupply_D1,0,0,True
Model_D,SwitchingPowerSupply,SwitchingPowerSupply_D1,0,0,True
Model_D,SwitchingPowerSupply,SwitchingPowerSupply_D1,0,0,True
Model_D,SwitchingPowerSupply,SwitchingPowerSupply_D1,0,0,True
Model_D,SwitchingPowerSupply,SwitchingPowerSupply_D1,0,0,True
Model_D,SwitchingPowerSupply,SwitchingPowerSupply_D1,0,0,True
Model_D,SwitchingPowerSupply,SwitchingPowerSupply_D1,0,0,True
Model_D,SwitchingPowerSupply,SwitchingPowerSupply_D1,0,0,True
Model_D,SwitchingPowerSupply,SwitchingPowerSupply_D1,0,0,True
Model_D,SwitchingPowerSupply,SwitchingPowerSupply_D1,0,0,True
Model_D,SwitchingPowerSupply,SwitchingPowerSupply_D1,0,0,True
Model_D,SwitchingPowerSupply,SwitchingPowerSupply_D1,0,0,True
Model_D,SwitchingPowerSupply,SwitchingPowerSupply_D1,0,0,True
Model_D,SwitchingPowerSupply,SwitchingPowerSupply_D1,0,0,True
Model_D,SwitchingPowerSupply,SwitchingPowerSupply_D1,0,0,True
Model_D,SwitchingPowerSupply,SwitchingPowerSupply_D1,0,0,True
Model_D,SwitchingPowerSupply,SwitchingPowerSupply_D1,0,0,True
Model_D,SwitchingPowerSupply,SwitchingPowerSupply_D1,0,0,True
Model_D,SwitchingPowerSupply,SwitchingPowerSupply_D1,0,0,True
Model_D,SwitchingPowerSupply,SwitchingPowerSupply_D1,0,0,True
Model_D,SwitchingPowerSupply,SwitchingPowerSupply_D1,0,0,True
Model_D,SwitchingPowerSupply,SwitchingPowerSupply_D1,0,0,True
Model_D,SwitchingPowerSupply,SwitchingPowerSupply_D1,0,0,True
Model_D,SwitchingPowerSupply,SwitchingPowerSupply_D1,0,0,True
Model_D,SwitchingPowerSupply,SwitchingPowerSupply_D1,0,0,True
Model_D,SwitchingPowerSupply,SwitchingPowerSupply_D1,0,0,True
Model_D,SwitchingPowerSupply,SwitchingPowerSupply_D1,0,0,True
Model_D,SwitchingPowerSupply,SwitchingPowerSupply_D1,0,0,True
Model_D,SwitchingPowerSupply,SwitchingPowerSupply_D1,0,0,True
Model_D,SwitchingPowerSupply,SwitchingPowerSupply_D1,0,0,True
Model_D,SwitchingPowerSupply,SwitchingPowerSupply_D1,0,0,True
Model_D,SwitchingPowerSupply,SwitchingPowerSupply_D1,0,0,True
Model_D,SwitchingPowerSupply,SwitchingPowerSupply_D1,0,0,True
Model_D,SwitchingPowerSupply,SwitchingPowerSupply_D1,0,0,True
Model_D,SwitchingPowerSupply,SwitchingPowerSupply_D1,0,0,True
Model_D,SwitchingPowerSupply,SwitchingPowerSupply_D1,0,0,True
Model_D,SwitchingPowerSupply,SwitchingPowerSupply_D1,0,0,True
Model_D,SwitchingPowerSupply,SwitchingPowerSupply_D1,0,0,True
Model_D,SwitchingPowerSupply,SwitchingPowerSupply_D1,0,0,True
Model_D,SwitchingPowerSupply,SwitchingPowerSupply_D1,0,0,True
Model_D,SwitchingPowerSupply,SwitchingPowerSupply_D1,0,0,True
Model_D,SwitchingPowerSupply,SwitchingPowerSupply_D1,0,0,True
Model_D,SwitchingPowerSupply,SwitchingPowerSupply_D1,0,0,True
Model_D,SwitchingPowerSupply,SwitchingPowerSupply_D1,0,0,True
Model_D,SwitchingPowerSupply,SwitchingPowerSupply_D1,0,0,True
Model_D,SwitchingPowerSupply,SwitchingPowerSupply_D1,0,0,True
Model_D,SwitchingPowerSupply,SwitchingPowerSupply_D1,0,0,True
Model_D,SwitchingPowerSupply,SwitchingPowerSupply_D1,0,0,True
Model_D,SwitchingPowerSupply,SwitchingPowerSupply_D1,0,0,True
Model_D,SwitchingPowerSupply,SwitchingPowerSupply_D1,0,0,True
Model_D,SwitchingPowerSupply,SwitchingPowerSupply_D1,0,0,True
Model_D,SwitchingPowerSupply,SwitchingPowerSupply_D1,0,0,True
Model_D,SwitchingPowerSupply,SwitchingPowerSupply_D1,0,0,True
Model_D,SwitchingPowerSupply,SwitchingPowerSupply_D1,0,0,True
Model_D,SwitchingPowerSupply,SwitchingPowerSupply_D1,0,0,True
Model_D,SwitchingPowerSupply,SwitchingPowerSupply_D1,1,1,True
Model_D,SwitchingPowerSupply,SwitchingPowerSupply_D1,1,1,True
Model_D,SwitchingPowerSupply,SwitchingPowerSupply_D1,1,1,True
Model_D,SwitchingPowerSupply,SwitchingPowerSupply_D1,1,1,True
Model_D,SwitchingPowerSupply,SwitchingPowerSupply_D1,1,1,True
Model_D,SwitchingPowerSupply,SwitchingPowerSupply_D1,1,1,True
Model_D,SwitchingPowerSupply,SwitchingPowerSupply_D1,1,1,True
Model_D,SwitchingPowerSupply,SwitchingPowerSupply_D1,1,1,True
Model_D,SwitchingPowerSupply,SwitchingPowerSupply_D1,1,1,True
Model_D,SwitchingPowerSupply,SwitchingPowerSupply_D1,1,1,True
Model_D,SwitchingPowerSupply,SwitchingPowerSupply_D1,1,1,True
Model_D,SwitchingPowerSupply,SwitchingPowerSupply_D1,1,1,True
Model_D,SwitchingPowerSupply,SwitchingPowerSupply_D1,1,1,True
Model_D,SwitchingPowerSupply,SwitchingPowerSupply_D1,1,1,True
Model_D,SwitchingPowerSupply,SwitchingPowerSupply_D1,1,1,True
Model_D,SwitchingPowerSupply,SwitchingPowerSupply_D1,1,1,True
Model_D,SwitchingPowerSupply,SwitchingPowerSupply_D1,1,1,True
Model_D,SwitchingPowerSupply,SwitchingPowerSupply_D1,1,1,True
Model_D,SwitchingPowerSupply,SwitchingPowerSupply_D1,1,1,True
Model_D,SwitchingPowerSupply,SwitchingPowerSupply_D2,0,0,True
Model_D,SwitchingPowerSupply,SwitchingPowerSupply_D2,0,0,True
Model_D,SwitchingPowerSupply,SwitchingPowerSupply_D2,0,0,True
Model_D,SwitchingPowerSupply,SwitchingPowerSupply_D2,0,0,True
Model_D,SwitchingPowerSupply,SwitchingPowerSupply_D2,0,0,True
Model_D,SwitchingPowerSupply,SwitchingPowerSupply_D2,0,0,True
Model_D,SwitchingPowerSupply,SwitchingPowerSupply_D2,0,0,True
Model_D,SwitchingPowerSupply,SwitchingPowerSupply_D2,0,0,True
Model_D,SwitchingPowerSupply,SwitchingPowerSupply_D2,0,0,True
Model_D,SwitchingPowerSupply,SwitchingPowerSupply_D2,0,0,True
Model_D,SwitchingPowerSupply,SwitchingPowerSupply_D2,0,0,True
Model_D,SwitchingPowerSupply,SwitchingPowerSupply_D2,0,0,True
Model_D,SwitchingPowerSupply,SwitchingPowerSupply_D2,0,0,True
Model_D,SwitchingPowerSupply,SwitchingPowerSupply_D2,0,0,True
Model_D,SwitchingPowerSupply,SwitchingPowerSupply_D2,0,0,True
Model_D,SwitchingPowerSupply,SwitchingPowerSupply_D2,0,0,True
Model_D,SwitchingPowerSupply,SwitchingPowerSupply_D2,0,0,True
Model_D,SwitchingPowerSupply,SwitchingPowerSupply_D2,0,0,True
Model_D,SwitchingPowerSupply,SwitchingPowerSupply_D2,0,0,True
Model_D,SwitchingPowerSupply,SwitchingPowerSupply_D2,0,0,True
Model_D,SwitchingPowerSupply,SwitchingPowerSupply_D2,0,0,True
Model_D,SwitchingPowerSupply,SwitchingPowerSupply_D2,0,0,True
Model_D,SwitchingPowerSupply,SwitchingPowerSupply_D2,0,0,True
Model_D,SwitchingPowerSupply,SwitchingPowerSupply_D2,0,0,True
Model_D,SwitchingPowerSupply,SwitchingPowerSupply_D2,0,0,True
Model_D,SwitchingPowerSupply,SwitchingPowerSupply_D2,0,0,True
Model_D,SwitchingPowerSupply,SwitchingPowerSupply_D2,0,0,True
Model_D,SwitchingPowerSupply,SwitchingPowerSupply_D2,0,0,True
Model_D,SwitchingPowerSupply,SwitchingPowerSupply_D2,0,0,True
Model_D,SwitchingPowerSupply,SwitchingPowerSupply_D2,0,0,True
Model_D,SwitchingPowerSupply,SwitchingPowerSupply_D2,0,0,True
Model_D,SwitchingPowerSupply,SwitchingPowerSupply_D2,0,0,True
Model_D,SwitchingPowerSupply,SwitchingPowerSupply_D2,0,0,True
Model_D,SwitchingPowerSupply,SwitchingPowerSupply_D2,0,0,True
Model_D,SwitchingPowerSupply,SwitchingPowerSupply_D2,0,0,True
Model_D,SwitchingPowerSupply,SwitchingPowerSupply_D2,0,0,True
Model_D,SwitchingPowerSupply,SwitchingPowerSupply_D2,0,0,True
Model_D,SwitchingPowerSupply,SwitchingPowerSupply_D2,0,0,True
Model_D,SwitchingPowerSupply,SwitchingPowerSupply_D2,0,0,True
Model_D,SwitchingPowerSupply,SwitchingPowerSupply_D2,0,0,True
Model_D,SwitchingPowerSupply,SwitchingPowerSupply_D2,0,0,True
Model_D,SwitchingPowerSupply,SwitchingPowerSupply_D2,0,0,True
Model_D,SwitchingPowerSupply,SwitchingPowerSupply_D2,0,0,True
Model_D,SwitchingPowerSupply,SwitchingPowerSupply_D2,0,0,True
Model_D,SwitchingPowerSupply,SwitchingPowerSupply_D2,0,0,True
Model_D,SwitchingPowerSupply,SwitchingPowerSupply_D2,0,0,True
Model_D,SwitchingPowerSupply,SwitchingPowerSupply_D2,0,0,True
Model_D,SwitchingPowerSupply,SwitchingPowerSupply_D2,0,0,True
Model_D,SwitchingPowerSupply,SwitchingPowerSupply_D2,0,0,True
Model_D,SwitchingPowerSupply,SwitchingPowerSupply_D2,0,0,True
Model_D,SwitchingPowerSupply,SwitchingPowerSupply_D2,0,0,True
Model_D,SwitchingPowerSupply,SwitchingPowerSupply_D2,0,0,True
Model_D,SwitchingPowerSupply,SwitchingPowerSupply_D2,0,0,True
Model_D,SwitchingPowerSupply,SwitchingPowerSupply_D2,0,0,True
Model_D,SwitchingPowerSupply,SwitchingPowerSupply_D2,0,0,True
Model_D,SwitchingPowerSupply,SwitchingPowerSupply_D2,0,0,True
Model_D,SwitchingPowerSupply,SwitchingPowerSupply_D2,0,0,True
Model_D,SwitchingPowerSupply,SwitchingPowerSupply_D2,0,0,True
Model_D,SwitchingPowerSupply,SwitchingPowerSupply_D2,0,0,True
Model_D,SwitchingPowerSupply,SwitchingPowerSupply_D2,0,0,True
Model_D,SwitchingPowerSupply,SwitchingPowerSupply_D2,0,0,True
Model_D,SwitchingPowerSupply,SwitchingPowerSupply_D2,0,0,True
Model_D,SwitchingPowerSupply,SwitchingPowerSupply_D2,0,0,True
Model_D,SwitchingPowerSupply,SwitchingPowerSupply_D2,0,0,True
Model_D,SwitchingPowerSupply,SwitchingPowerSupply_D2,0,0,True
Model_D,SwitchingPowerSupply,SwitchingPowerSupply_D2,0,0,True
Model_D,SwitchingPowerSupply,SwitchingPowerSupply_D2,0,0,True
Model_D,SwitchingPowerSupply,SwitchingPowerSupply_D2,0,0,True
Model_D,SwitchingPowerSupply,SwitchingPowerSupply_D2,0,0,True
Model_D,SwitchingPowerSupply,SwitchingPowerSupply_D2,0,0,True
Model_D,SwitchingPowerSupply,SwitchingPowerSupply_D2,0,0,True
Model_D,SwitchingPowerSupply,SwitchingPowerSupply_D2,0,0,True
Model_D,SwitchingPowerSupply,SwitchingPowerSupply_D2,0,0,True
Model_D,SwitchingPowerSupply,SwitchingPowerSupply_D2,0,0,True
Model_D,SwitchingPowerSupply,SwitchingPowerSupply_D2,0,0,True
Model_D,SwitchingPowerSupply,SwitchingPowerSupply_D2,0,0,True
Model_D,SwitchingPowerSupply,SwitchingPowerSupply_D2,0,0,True
Model_D,SwitchingPowerSupply,SwitchingPowerSupply_D2,1,1,True
Model_D,SwitchingPowerSupply,SwitchingPowerSupply_D2,1,1,True
Model_D,SwitchingPowerSupply,SwitchingPowerSupply_D2,1,1,True
Model_D,SwitchingPowerSupply,SwitchingPowerSupply_D2,1,1,True
Model_D,SwitchingPowerSupply,SwitchingPowerSupply_D2,1,1,True
Model_D,SwitchingPowerSupply,SwitchingPowerSupply_D2,1,1,True
Model_D,SwitchingPowerSupply,SwitchingPowerSupply_D2,1,1,True
Model_D,SwitchingPowerSupply,SwitchingPowerSupply_D2,1,1,True
Model_D,SwitchingPowerSupply,SwitchingPowerSupply_D2,1,1,True
Model_D,SwitchingPowerSupply,SwitchingPowerSupply_D2,1,1,True
Model_D,SwitchingPowerSupply,SwitchingPowerSupply_D2,1,1,True
Model_D,SwitchingPowerSupply,SwitchingPowerSupply_D2,1,1,True
Model_D,SwitchingPowerSupply,SwitchingPowerSupply_D2,1,1,True
Model_D,SwitchingPowerSupply,SwitchingPowerSupply_D2,1,1,True
Model_D,SwitchingPowerSupply,SwitchingPowerSupply_D2,1,1,True
Model_D,SwitchingPowerSupply,SwitchingPowerSupply_D2,1,1,True
Model_D,SwitchingPowerSupply,SwitchingPowerSupply_D2,1,1,True
Model_D,SwitchingPowerSupply,SwitchingPowerSupply_D2,1,1,True
Model_D,SwitchingPowerSupply,SwitchingPowerSupply_D2,1,1,True
Model_D,SwitchingPowerSupply,SwitchingPowerSupply_D2,1,1,True
Model_D,SwitchingPowerSupply,SwitchingPowerSupply_D3,0,0,True
Model_D,SwitchingPowerSupply,SwitchingPowerSupply_D3,0,0,True
Model_D,SwitchingPowerSupply,SwitchingPowerSupply_D3,0,0,True
Model_D,SwitchingPowerSupply,SwitchingPowerSupply_D3,0,0,True
Model_D,SwitchingPowerSupply,SwitchingPowerSupply_D3,0,0,True
Model_D,SwitchingPowerSupply,SwitchingPowerSupply_D3,0,0,True
Model_D,SwitchingPowerSupply,SwitchingPowerSupply_D3,0,0,True
Model_D,SwitchingPowerSupply,SwitchingPowerSupply_D3,0,0,True
Model_D,SwitchingPowerSupply,SwitchingPowerSupply_D3,0,0,True
Model_D,SwitchingPowerSupply,SwitchingPowerSupply_D3,0,0,True
Model_D,SwitchingPowerSupply,SwitchingPowerSupply_D3,0,0,True
Model_D,SwitchingPowerSupply,SwitchingPowerSupply_D3,0,0,True
Model_D,SwitchingPowerSupply,SwitchingPowerSupply_D3,0,0,True
Model_D,SwitchingPowerSupply,SwitchingPowerSupply_D3,0,0,True
Model_D,SwitchingPowerSupply,SwitchingPowerSupply_D3,0,0,True
Model_D,SwitchingPowerSupply,SwitchingPowerSupply_D3,0,0,True
Model_D,SwitchingPowerSupply,SwitchingPowerSupply_D3,0,0,True
Model_D,SwitchingPowerSupply,SwitchingPowerSupply_D3,0,0,True
Model_D,SwitchingPowerSupply,SwitchingPowerSupply_D3,0,0,True
Model_D,SwitchingPowerSupply,SwitchingPowerSupply_D3,0,0,True
Model_D,SwitchingPowerSupply,SwitchingPowerSupply_D3,0,0,True
Model_D,SwitchingPowerSupply,SwitchingPowerSupply_D3,0,0,True
Model_D,SwitchingPowerSupply,SwitchingPowerSupply_D3,0,0,True
Model_D,SwitchingPowerSupply,SwitchingPowerSupply_D3,0,0,True
Model_D,SwitchingPowerSupply,SwitchingPowerSupply_D3,0,0,True
Model_D,SwitchingPowerSupply,SwitchingPowerSupply_D3,0,0,True
Model_D,SwitchingPowerSupply,SwitchingPowerSupply_D3,0,0,True
Model_D,SwitchingPowerSupply,SwitchingPowerSupply_D3,0,0,True
Model_D,SwitchingPowerSupply,SwitchingPowerSupply_D3,0,0,True
Model_D,SwitchingPowerSupply,SwitchingPowerSupply_D3,0,0,True
Model_D,SwitchingPowerSupply,SwitchingPowerSupply_D3,0,0,True
Model_D,SwitchingPowerSupply,SwitchingPowerSupply_D3,0,0,True
Model_D,SwitchingPowerSupply,SwitchingPowerSupply_D3,0,0,True
Model_D,SwitchingPowerSupply,SwitchingPowerSupply_D3,0,0,True
Model_D,SwitchingPowerSupply,SwitchingPowerSupply_D3,0,0,True
Model_D,SwitchingPowerSupply,SwitchingPowerSupply_D3,0,0,True
Model_D,SwitchingPowerSupply,SwitchingPowerSupply_D3,0,0,True
Model_D,SwitchingPowerSupply,SwitchingPowerSupply_D3,0,0,True
Model_D,SwitchingPowerSupply,SwitchingPowerSupply_D3,0,0,True
Model_D,SwitchingPowerSupply,SwitchingPowerSupply_D3,0,0,True
Model_D,SwitchingPowerSupply,SwitchingPowerSupply_D3,0,0,True
Model_D,SwitchingPowerSupply,SwitchingPowerSupply_D3,0,0,True
Model_D,SwitchingPowerSupply,SwitchingPowerSupply_D3,0,0,True
Model_D,SwitchingPowerSupply,SwitchingPowerSupply_D3,0,0,True
Model_D,SwitchingPowerSupply,SwitchingPowerSupply_D3,0,0,True
Model_D,SwitchingPowerSupply,SwitchingPowerSupply_D3,0,0,True
Model_D,SwitchingPowerSupply,SwitchingPowerSupply_D3,0,0,True
Model_D,SwitchingPowerSupply,SwitchingPowerSupply_D3,0,0,True
Model_D,SwitchingPowerSupply,SwitchingPowerSupply_D3,0,0,True
Model_D,SwitchingPowerSupply,SwitchingPowerSupply_D3,1,1,True
Model_D,SwitchingPowerSupply,SwitchingPowerSupply_D3,1,1,True
Model_D,SwitchingPowerSupply,SwitchingPowerSupply_D3,1,1,True
Model_D,SwitchingPowerSupply,SwitchingPowerSupply_D3,1,1,True
Model_D,SwitchingPowerSupply,SwitchingPowerSupply_D3,1,1,True
Model_D,SwitchingPowerSupply,SwitchingPowerSupply_D3,1,1,True
Model_D,SwitchingPowerSupply,SwitchingPowerSupply_D3,1,1,True
Model_D,SwitchingPowerSupply,SwitchingPowerSupply_D3,1,1,True
Model_D,SwitchingPowerSupply,SwitchingPowerSupply_D3,1,1,True
Model_D,SwitchingPowerSupply,SwitchingPowerSupply_D3,1,1,True
Model_D,SwitchingPowerSupply,SwitchingPowerSupply_D3,1,1,True
Model_D,SwitchingPowerSupply,SwitchingPowerSupply_D3,1,1,True
Model_D,SwitchingPowerSupply,SwitchingPowerSupply_D3,1,1,True
Model_D,SwitchingPowerSupply,SwitchingPowerSupply_D3,1,1,True
Model_D,SwitchingPowerSupply,SwitchingPowerSupply_D3,1,1,True
Model_D,SwitchingPowerSupply,SwitchingPowerSupply_D3,1,1,True
Model_D,SwitchingPowerSupply,SwitchingPowerSupply_D3,1,1,True
Model_D,SwitchingPowerSupply,SwitchingPowerSupply_D3,1,1,True
Model_D,SwitchingPowerSupply,SwitchingPowerSupply_D3,1,1,True
Model_D,SwitchingPowerSupply,SwitchingPowerSupply_D3,1,1,True
Model_D,SwitchingPowerSupply,SwitchingPowerSupply_D3,1,1,True
Model_D,SwitchingPowerSupply,SwitchingPowerSupply_D3,1,1,True
Model_D,SwitchingPowerSupply,SwitchingPowerSupply_D4,0,0,True
Model_D,SwitchingPowerSupply,SwitchingPowerSupply_D4,0,0,True
Model_D,SwitchingPowerSupply,SwitchingPowerSupply_D4,0,0,True
Model_D,SwitchingPowerSupply,SwitchingPowerSupply_D4,0,0,True
Model_D,SwitchingPowerSupply,SwitchingPowerSupply_D4,0,0,True
Model_D,SwitchingPowerSupply,SwitchingPowerSupply_D4,0,0,True
Model_D,SwitchingPowerSupply,SwitchingPowerSupply_D4,0,0,True
Model_D,SwitchingPowerSupply,SwitchingPowerSupply_D4,0,0,True
Model_D,SwitchingPowerSupply,SwitchingPowerSupply_D4,0,0,True
Model_D,SwitchingPowerSupply,SwitchingPowerSupply_D4,0,0,True
Model_D,SwitchingPowerSupply,SwitchingPowerSupply_D4,0,0,True
Model_D,SwitchingPowerSupply,SwitchingPowerSupply_D4,0,0,True
Model_D,SwitchingPowerSupply,SwitchingPowerSupply_D4,0,0,True
Model_D,SwitchingPowerSupply,SwitchingPowerSupply_D4,0,0,True
Model_D,SwitchingPowerSupply,SwitchingPowerSupply_D4,0,0,True
Model_D,SwitchingPowerSupply,SwitchingPowerSupply_D4,0,0,True
Model_D,SwitchingPowerSupply,SwitchingPowerSupply_D4,0,0,True
Model_D,SwitchingPowerSupply,SwitchingPowerSupply_D4,0,0,True
Model_D,SwitchingPowerSupply,SwitchingPowerSupply_D4,0,0,True
Model_D,SwitchingPowerSupply,SwitchingPowerSupply_D4,0,0,True
Model_D,SwitchingPowerSupply,SwitchingPowerSupply_D4,0,0,True
Model_D,SwitchingPowerSupply,SwitchingPowerSupply_D4,0,0,True
Model_D,SwitchingPowerSupply,SwitchingPowerSupply_D4,0,0,True
Model_D,SwitchingPowerSupply,SwitchingPowerSupply_D4,0,0,True
Model_D,SwitchingPowerSupply,SwitchingPowerSupply_D4,0,0,True
Model_D,SwitchingPowerSupply,SwitchingPowerSupply_D4,0,0,True
Model_D,SwitchingPowerSupply,SwitchingPowerSupply_D4,0,0,True
Model_D,SwitchingPowerSupply,SwitchingPowerSupply_D4,0,0,True
Model_D,SwitchingPowerSupply,SwitchingPowerSupply_D4,0,0,True
Model_D,SwitchingPowerSupply,SwitchingPowerSupply_D4,0,0,True
Model_D,SwitchingPowerSupply,SwitchingPowerSupply_D4,0,0,True
Model_D,SwitchingPowerSupply,SwitchingPowerSupply_D4,0,0,True
Model_D,SwitchingPowerSupply,SwitchingPowerSupply_D4,0,0,True
Model_D,SwitchingPowerSupply,SwitchingPowerSupply_D4,0,0,True
Model_D,SwitchingPowerSupply,SwitchingPowerSupply_D4,0,0,True
Model_D,SwitchingPowerSupply,SwitchingPowerSupply_D4,0,0,True
Model_D,SwitchingPowerSupply,SwitchingPowerSupply_D4,0,0,True
Model_D,SwitchingPowerSupply,SwitchingPowerSupply_D4,0,0,True
Model_D,SwitchingPowerSupply,SwitchingPowerSupply_D4,0,0,True
Model_D,SwitchingPowerSupply,SwitchingPowerSupply_D4,0,0,True
Model_D,SwitchingPowerSupply,SwitchingPowerSupply_D4,0,0,True
Model_D,SwitchingPowerSupply,SwitchingPowerSupply_D4,0,0,True
Model_D,SwitchingPowerSupply,SwitchingPowerSupply_D4,0,0,True
Model_D,SwitchingPowerSupply,SwitchingPowerSupply_D4,0,0,True
Model_D,SwitchingPowerSupply,SwitchingPowerSupply_D4,0,0,True
Model_D,SwitchingPowerSupply,SwitchingPowerSupply_D4,0,0,True
Model_D,SwitchingPowerSupply,SwitchingPowerSupply_D4,0,0,True
Model_D,SwitchingPowerSupply,SwitchingPowerSupply_D4,0,0,True
Model_D,SwitchingPowerSupply,SwitchingPowerSupply_D4,0,0,True
Model_D,SwitchingPowerSupply,SwitchingPowerSupply_D4,0,0,True
Model_D,SwitchingPowerSupply,SwitchingPowerSupply_D4,0,0,True
Model_D,SwitchingPowerSupply,SwitchingPowerSupply_D4,0,0,True
Model_D,SwitchingPowerSupply,SwitchingPowerSupply_D4,0,0,True
Model_D,SwitchingPowerSupply,SwitchingPowerSupply_D4,0,0,True
Model_D,SwitchingPowerSupply,SwitchingPowerSupply_D4,0,0,True
Model_D,SwitchingPowerSupply,SwitchingPowerSupply_D4,0,0,True
Model_D,SwitchingPowerSupply,SwitchingPowerSupply_D4,0,0,True
Model_D,SwitchingPowerSupply,SwitchingPowerSupply_D4,0,0,True
Model_D,SwitchingPowerSupply,SwitchingPowerSupply_D4,1,1,True
Model_D,SwitchingPowerSupply,SwitchingPowerSupply_D4,1,1,True
Model_D,SwitchingPowerSupply,SwitchingPowerSupply_D4,1,1,True
Model_D,SwitchingPowerSupply,SwitchingPowerSupply_D4,1,1,True
Model_D,SwitchingPowerSupply,SwitchingPowerSupply_D4,1,1,True
Model_D,SwitchingPowerSupply,SwitchingPowerSupply_D4,1,1,True
Model_D,SwitchingPowerSupply,SwitchingPowerSupply_D4,1,1,True
Model_D,SwitchingPowerSupply,SwitchingPowerSupply_D4,1,1,True
Model_D,SwitchingPowerSupply,SwitchingPowerSupply_D4,1,1,True
Model_D,SwitchingPowerSupply,SwitchingPowerSupply_D4,1,1,True
Model_D,SwitchingPowerSupply,SwitchingPowerSupply_D4,1,1,True
Model_D,SwitchingPowerSupply,SwitchingPowerSupply_D4,1,1,True
Model_D,SwitchingPowerSupply,SwitchingPowerSupply_D4,1,1,True
Model_D,SwitchingPowerSupply,SwitchingPowerSupply_D4,1,1,True
Model_D,SwitchingPowerSupply,SwitchingPowerSupply_D4,1,1,True
Model_D,SwitchingPowerSupply,SwitchingPowerSupply_D4,1,1,True
Model_D,SwitchingPowerSupply,SwitchingPowerSupply_D4,1,1,True
Model_D,SwitchingPowerSupply,SwitchingPowerSupply_D4,1,1,True
Model_D,SwitchingPowerSupply,SwitchingPowerSupply_D4,1,1,True
Model_D,SwitchingPowerSupply,SwitchingPowerSupply_D4,1,1,True
Model_D,SwitchingPowerSupply,SwitchingPowerSupply_D4,1,1,True
Model_D,SwitchingPowerSupply,SwitchingPowerSupply_D4,1,1,True
Model_D,SwitchingPowerSupply,SwitchingPowerSupply_D4,1,1,True
Model_D,ElectronicDimmer60,ElectronicDimmer60_D0,0,0,True
Model_D,ElectronicDimmer60,ElectronicDimmer60_D0,0,0,True
Model_D,ElectronicDimmer60,ElectronicDimmer60_D0,0,0,True
Model_D,ElectronicDimmer60,ElectronicDimmer60_D0,0,0,True
Model_D,ElectronicDimmer60,ElectronicDimmer60_D0,0,0,True
Model_D,ElectronicDimmer60,ElectronicDimmer60_D0,0,0,True
Model_D,ElectronicDimmer60,ElectronicDimmer60_D0,0,0,True
Model_D,ElectronicDimmer60,ElectronicDimmer60_D0,0,0,True
Model_D,ElectronicDimmer60,ElectronicDimmer60_D0,0,0,True
Model_D,ElectronicDimmer60,ElectronicDimmer60_D0,0,0,True
Model_D,ElectronicDimmer60,ElectronicDimmer60_D0,0,0,True
Model_D,ElectronicDimmer60,ElectronicDimmer60_D0,0,0,True
Model_D,ElectronicDimmer60,ElectronicDimmer60_D0,0,0,True
Model_D,ElectronicDimmer60,ElectronicDimmer60_D0,0,0,True
Model_D,ElectronicDimmer60,ElectronicDimmer60_D0,0,0,True
Model_D,ElectronicDimmer60,ElectronicDimmer60_D0,0,0,True
Model_D,ElectronicDimmer60,ElectronicDimmer60_D0,0,0,True
Model_D,ElectronicDimmer60,ElectronicDimmer60_D0,0,0,True
Model_D,ElectronicDimmer60,ElectronicDimmer60_D0,0,0,True
Model_D,ElectronicDimmer60,ElectronicDimmer60_D0,0,0,True
Model_D,ElectronicDimmer60,ElectronicDimmer60_D0,0,0,True
Model_D,ElectronicDimmer60,ElectronicDimmer60_D0,0,0,True
Model_D,ElectronicDimmer60,ElectronicDimmer60_D0,0,0,True
Model_D,ElectronicDimmer60,ElectronicDimmer60_D0,0,0,True
Model_D,ElectronicDimmer60,ElectronicDimmer60_D0,0,0,True
Model_D,ElectronicDimmer60,ElectronicDimmer60_D0,0,0,True
Model_D,ElectronicDimmer60,ElectronicDimmer60_D0,0,0,True
Model_D,ElectronicDimmer60,ElectronicDimmer60_D0,0,0,True
Model_D,ElectronicDimmer60,ElectronicDimmer60_D0,0,0,True
Model_D,ElectronicDimmer60,ElectronicDimmer60_D0,0,0,True
Model_D,ElectronicDimmer60,ElectronicDimmer60_D0,0,0,True
Model_D,ElectronicDimmer60,ElectronicDimmer60_D0,0,0,True
Model_D,ElectronicDimmer60,ElectronicDimmer60_D0,0,0,True
Model_D,ElectronicDimmer60,ElectronicDimmer60_D0,0,0,True
Model_D,ElectronicDimmer60,ElectronicDimmer60_D0,0,0,True
Model_D,ElectronicDimmer60,ElectronicDimmer60_D0,0,0,True
Model_D,ElectronicDimmer60,ElectronicDimmer60_D0,0,0,True
Model_D,ElectronicDimmer60,ElectronicDimmer60_D0,0,0,True
Model_D,ElectronicDimmer60,ElectronicDimmer60_D0,0,0,True
Model_D,ElectronicDimmer60,ElectronicDimmer60_D0,0,0,True
Model_D,ElectronicDimmer60,ElectronicDimmer60_D0,0,0,True
Model_D,ElectronicDimmer60,ElectronicDimmer60_D0,0,0,True
Model_D,ElectronicDimmer60,ElectronicDimmer60_D0,0,0,True
Model_D,ElectronicDimmer60,ElectronicDimmer60_D0,0,0,True
Model_D,ElectronicDimmer60,ElectronicDimmer60_D0,0,0,True
Model_D,ElectronicDimmer60,ElectronicDimmer60_D0,0,0,True
Model_D,ElectronicDimmer60,ElectronicDimmer60_D0,0,0,True
Model_D,ElectronicDimmer60,ElectronicDimmer60_D0,0,0,True
Model_D,ElectronicDimmer60,ElectronicDimmer60_D0,0,0,True
Model_D,ElectronicDimmer60,ElectronicDimmer60_D0,0,0,True
Model_D,ElectronicDimmer60,ElectronicDimmer60_D0,0,0,True
Model_D,ElectronicDimmer60,ElectronicDimmer60_D0,0,0,True
Model_D,ElectronicDimmer60,ElectronicDimmer60_D0,0,0,True
Model_D,ElectronicDimmer60,ElectronicDimmer60_D0,0,0,True
Model_D,ElectronicDimmer60,ElectronicDimmer60_D0,0,0,True
Model_D,ElectronicDimmer60,ElectronicDimmer60_D0,0,0,True
Model_D,ElectronicDimmer60,ElectronicDimmer60_D0,0,0,True
Model_D,ElectronicDimmer60,ElectronicDimmer60_D0,0,0,True
Model_D,ElectronicDimmer60,ElectronicDimmer60_D0,0,0,True
Model_D,ElectronicDimmer60,ElectronicDimmer60_D0,0,0,True
Model_D,ElectronicDimmer60,ElectronicDimmer60_D0,0,0,True
Model_D,ElectronicDimmer60,ElectronicDimmer60_D0,0,0,True
Model_D,ElectronicDimmer60,ElectronicDimmer60_D0,0,0,True
Model_D,ElectronicDimmer60,ElectronicDimmer60_D0,0,0,True
Model_D,ElectronicDimmer60,ElectronicDimmer60_D0,0,0,True
Model_D,ElectronicDimmer60,ElectronicDimmer60_D0,0,0,True
Model_D,ElectronicDimmer60,ElectronicDimmer60_D0,0,0,True
Model_D,ElectronicDimmer60,ElectronicDimmer60_D0,0,0,True
Model_D,ElectronicDimmer60,ElectronicDimmer60_D0,0,0,True
Model_D,ElectronicDimmer60,ElectronicDimmer60_D0,1,1,True
Model_D,ElectronicDimmer60,ElectronicDimmer60_D0,1,1,True
Model_D,ElectronicDimmer60,ElectronicDimmer60_D0,1,1,True
Model_D,ElectronicDimmer60,ElectronicDimmer60_D0,1,1,True
Model_D,ElectronicDimmer60,ElectronicDimmer60_D0,1,1,True
Model_D,ElectronicDimmer60,ElectronicDimmer60_D0,1,1,True
Model_D,ElectronicDimmer60,ElectronicDimmer60_D0,1,1,True
Model_D,ElectronicDimmer60,ElectronicDimmer60_D0,1,1,True
Model_D,ElectronicDimmer60,ElectronicDimmer60_D0,1,1,True
Model_D,ElectronicDimmer60,ElectronicDimmer60_D0,1,1,True
Model_D,ElectronicDimmer60,ElectronicDimmer60_D0,1,1,True
Model_D,ElectronicDimmer60,ElectronicDimmer60_D0,1,1,True
Model_D,ElectronicDimmer60,ElectronicDimmer60_D0,1,1,True
Model_D,ElectronicDimmer60,ElectronicDimmer60_D0,1,1,True
Model_D,ElectronicDimmer60,ElectronicDimmer60_D0,1,1,True
Model_D,ElectronicDimmer60,ElectronicDimmer60_D0,1,1,True
Model_D,ElectronicDimmer60,ElectronicDimmer60_D0,1,1,True
Model_D,ElectronicDimmer60,ElectronicDimmer60_D0,1,1,True
Model_D,ElectronicDimmer60,ElectronicDimmer60_D0,1,1,True
Model_D,ElectronicDimmer60,ElectronicDimmer60_D0,1,1,True
Model_D,ElectronicDimmer60,ElectronicDimmer60_D0,1,1,True
Model_D,ElectronicDimmer60,ElectronicDimmer60_D0,1,1,True
Model_D,ElectronicDimmer60,ElectronicDimmer60_D1,0,0,True
Model_D,ElectronicDimmer60,ElectronicDimmer60_D1,0,0,True
Model_D,ElectronicDimmer60,ElectronicDimmer60_D1,0,0,True
Model_D,ElectronicDimmer60,ElectronicDimmer60_D1,0,0,True
Model_D,ElectronicDimmer60,ElectronicDimmer60_D1,0,0,True
Model_D,ElectronicDimmer60,ElectronicDimmer60_D1,0,0,True
Model_D,ElectronicDimmer60,ElectronicDimmer60_D1,0,0,True
Model_D,ElectronicDimmer60,ElectronicDimmer60_D1,0,0,True
Model_D,ElectronicDimmer60,ElectronicDimmer60_D1,0,0,True
Model_D,ElectronicDimmer60,ElectronicDimmer60_D1,0,0,True
Model_D,ElectronicDimmer60,ElectronicDimmer60_D1,0,0,True
Model_D,ElectronicDimmer60,ElectronicDimmer60_D1,0,0,True
Model_D,ElectronicDimmer60,ElectronicDimmer60_D1,0,0,True
Model_D,ElectronicDimmer60,ElectronicDimmer60_D1,0,0,True
Model_D,ElectronicDimmer60,ElectronicDimmer60_D1,0,0,True
Model_D,ElectronicDimmer60,ElectronicDimmer60_D1,0,0,True
Model_D,ElectronicDimmer60,ElectronicDimmer60_D1,0,0,True
Model_D,ElectronicDimmer60,ElectronicDimmer60_D1,0,0,True
Model_D,ElectronicDimmer60,ElectronicDimmer60_D1,0,0,True
Model_D,ElectronicDimmer60,ElectronicDimmer60_D1,0,0,True
Model_D,ElectronicDimmer60,ElectronicDimmer60_D1,0,0,True
Model_D,ElectronicDimmer60,ElectronicDimmer60_D1,0,0,True
Model_D,ElectronicDimmer60,ElectronicDimmer60_D1,0,0,True
Model_D,ElectronicDimmer60,ElectronicDimmer60_D1,0,0,True
Model_D,ElectronicDimmer60,ElectronicDimmer60_D1,0,0,True
Model_D,ElectronicDimmer60,ElectronicDimmer60_D1,0,0,True
Model_D,ElectronicDimmer60,ElectronicDimmer60_D1,0,0,True
Model_D,ElectronicDimmer60,ElectronicDimmer60_D1,0,0,True
Model_D,ElectronicDimmer60,ElectronicDimmer60_D1,0,0,True
Model_D,ElectronicDimmer60,ElectronicDimmer60_D1,0,0,True
Model_D,ElectronicDimmer60,ElectronicDimmer60_D1,0,0,True
Model_D,ElectronicDimmer60,ElectronicDimmer60_D1,0,0,True
Model_D,ElectronicDimmer60,ElectronicDimmer60_D1,0,0,True
Model_D,ElectronicDimmer60,ElectronicDimmer60_D1,0,0,True
Model_D,ElectronicDimmer60,ElectronicDimmer60_D1,0,0,True
Model_D,ElectronicDimmer60,ElectronicDimmer60_D1,0,0,True
Model_D,ElectronicDimmer60,ElectronicDimmer60_D1,0,0,True
Model_D,ElectronicDimmer60,ElectronicDimmer60_D1,0,0,True
Model_D,ElectronicDimmer60,ElectronicDimmer60_D1,0,0,True
Model_D,ElectronicDimmer60,ElectronicDimmer60_D1,0,0,True
Model_D,ElectronicDimmer60,ElectronicDimmer60_D1,0,0,True
Model_D,ElectronicDimmer60,ElectronicDimmer60_D1,0,0,True
Model_D,ElectronicDimmer60,ElectronicDimmer60_D1,0,0,True
Model_D,ElectronicDimmer60,ElectronicDimmer60_D1,0,0,True
Model_D,ElectronicDimmer60,ElectronicDimmer60_D1,0,0,True
Model_D,ElectronicDimmer60,ElectronicDimmer60_D1,0,0,True
Model_D,ElectronicDimmer60,ElectronicDimmer60_D1,0,0,True
Model_D,ElectronicDimmer60,ElectronicDimmer60_D1,0,0,True
Model_D,ElectronicDimmer60,ElectronicDimmer60_D1,0,0,True
Model_D,ElectronicDimmer60,ElectronicDimmer60_D1,0,0,True
Model_D,ElectronicDimmer60,ElectronicDimmer60_D1,0,0,True
Model_D,ElectronicDimmer60,ElectronicDimmer60_D1,0,0,True
Model_D,ElectronicDimmer60,ElectronicDimmer60_D1,0,0,True
Model_D,ElectronicDimmer60,ElectronicDimmer60_D1,0,0,True
Model_D,ElectronicDimmer60,ElectronicDimmer60_D1,0,0,True
Model_D,ElectronicDimmer60,ElectronicDimmer60_D1,0,0,True
Model_D,ElectronicDimmer60,ElectronicDimmer60_D1,0,0,True
Model_D,ElectronicDimmer60,ElectronicDimmer60_D1,0,0,True
Model_D,ElectronicDimmer60,ElectronicDimmer60_D1,0,0,True
Model_D,ElectronicDimmer60,ElectronicDimmer60_D1,0,0,True
Model_D,ElectronicDimmer60,ElectronicDimmer60_D1,0,0,True
Model_D,ElectronicDimmer60,ElectronicDimmer60_D1,0,0,True
Model_D,ElectronicDimmer60,ElectronicDimmer60_D1,0,0,True
Model_D,ElectronicDimmer60,ElectronicDimmer60_D1,0,0,True
Model_D,ElectronicDimmer60,ElectronicDimmer60_D1,0,0,True
Model_D,ElectronicDimmer60,ElectronicDimmer60_D1,1,1,True
Model_D,ElectronicDimmer60,ElectronicDimmer60_D1,1,1,True
Model_D,ElectronicDimmer60,ElectronicDimmer60_D1,1,1,True
Model_D,ElectronicDimmer60,ElectronicDimmer60_D1,1,1,True
Model_D,ElectronicDimmer60,ElectronicDimmer60_D1,1,1,True
Model_D,ElectronicDimmer60,ElectronicDimmer60_D1,1,1,True
Model_D,ElectronicDimmer60,ElectronicDimmer60_D1,1,1,True
Model_D,ElectronicDimmer60,ElectronicDimmer60_D1,1,1,True
Model_D,ElectronicDimmer60,ElectronicDimmer60_D1,1,1,True
Model_D,ElectronicDimmer60,ElectronicDimmer60_D1,1,1,True
Model_D,ElectronicDimmer60,ElectronicDimmer60_D1,1,1,True
Model_D,ElectronicDimmer60,ElectronicDimmer60_D1,1,1,True
Model_D,ElectronicDimmer60,ElectronicDimmer60_D1,1,1,True
Model_D,ElectronicDimmer60,ElectronicDimmer60_D1,1,1,True
Model_D,ElectronicDimmer60,ElectronicDimmer60_D1,1,1,True
Model_D,ElectronicDimmer60,ElectronicDimmer60_D1,1,1,True
Model_D,ElectronicDimmer60,ElectronicDimmer60_D1,1,1,True
Model_D,ElectronicDimmer60,ElectronicDimmer60_D1,1,1,True
Model_D,ElectronicDimmer60,ElectronicDimmer60_D1,1,1,True
Model_D,ElectronicDimmer60,ElectronicDimmer60_D1,1,1,True
Model_D,ElectronicDimmer60,ElectronicDimmer60_D1,1,1,True
Model_D,ElectronicDimmer60,ElectronicDimmer60_D1,1,1,True
Model_D,ElectronicDimmer60,ElectronicDimmer60_D1,1,1,True
Model_D,ElectronicDimmer60,ElectronicDimmer60_D2,0,0,True
Model_D,ElectronicDimmer60,ElectronicDimmer60_D2,0,0,True
Model_D,ElectronicDimmer60,ElectronicDimmer60_D2,0,0,True
Model_D,ElectronicDimmer60,ElectronicDimmer60_D2,0,0,True
Model_D,ElectronicDimmer60,ElectronicDimmer60_D2,0,0,True
Model_D,ElectronicDimmer60,ElectronicDimmer60_D2,0,0,True
Model_D,ElectronicDimmer60,ElectronicDimmer60_D2,0,0,True
Model_D,ElectronicDimmer60,ElectronicDimmer60_D2,0,0,True
Model_D,ElectronicDimmer60,ElectronicDimmer60_D2,0,0,True
Model_D,ElectronicDimmer60,ElectronicDimmer60_D2,0,0,True
Model_D,ElectronicDimmer60,ElectronicDimmer60_D2,0,0,True
Model_D,ElectronicDimmer60,ElectronicDimmer60_D2,0,0,True
Model_D,ElectronicDimmer60,ElectronicDimmer60_D2,0,0,True
Model_D,ElectronicDimmer60,ElectronicDimmer60_D2,0,0,True
Model_D,ElectronicDimmer60,ElectronicDimmer60_D2,0,0,True
Model_D,ElectronicDimmer60,ElectronicDimmer60_D2,0,0,True
Model_D,ElectronicDimmer60,ElectronicDimmer60_D2,0,0,True
Model_D,ElectronicDimmer60,ElectronicDimmer60_D2,0,0,True
Model_D,ElectronicDimmer60,ElectronicDimmer60_D2,0,0,True
Model_D,ElectronicDimmer60,ElectronicDimmer60_D2,0,0,True
Model_D,ElectronicDimmer60,ElectronicDimmer60_D2,0,0,True
Model_D,ElectronicDimmer60,ElectronicDimmer60_D2,0,0,True
Model_D,ElectronicDimmer60,ElectronicDimmer60_D2,0,0,True
Model_D,ElectronicDimmer60,ElectronicDimmer60_D2,0,0,True
Model_D,ElectronicDimmer60,ElectronicDimmer60_D2,0,0,True
Model_D,ElectronicDimmer60,ElectronicDimmer60_D2,0,0,True
Model_D,ElectronicDimmer60,ElectronicDimmer60_D2,0,0,True
Model_D,ElectronicDimmer60,ElectronicDimmer60_D2,0,0,True
Model_D,ElectronicDimmer60,ElectronicDimmer60_D2,0,0,True
Model_D,ElectronicDimmer60,ElectronicDimmer60_D2,0,0,True
Model_D,ElectronicDimmer60,ElectronicDimmer60_D2,0,0,True
Model_D,ElectronicDimmer60,ElectronicDimmer60_D2,0,0,True
Model_D,ElectronicDimmer60,ElectronicDimmer60_D2,0,0,True
Model_D,ElectronicDimmer60,ElectronicDimmer60_D2,0,0,True
Model_D,ElectronicDimmer60,ElectronicDimmer60_D2,0,0,True
Model_D,ElectronicDimmer60,ElectronicDimmer60_D2,0,0,True
Model_D,ElectronicDimmer60,ElectronicDimmer60_D2,0,0,True
Model_D,ElectronicDimmer60,ElectronicDimmer60_D2,0,0,True
Model_D,ElectronicDimmer60,ElectronicDimmer60_D2,0,0,True
Model_D,ElectronicDimmer60,ElectronicDimmer60_D2,0,0,True
Model_D,ElectronicDimmer60,ElectronicDimmer60_D2,0,0,True
Model_D,ElectronicDimmer60,ElectronicDimmer60_D2,0,0,True
Model_D,ElectronicDimmer60,ElectronicDimmer60_D2,0,0,True
Model_D,ElectronicDimmer60,ElectronicDimmer60_D2,0,0,True
Model_D,ElectronicDimmer60,ElectronicDimmer60_D2,0,0,True
Model_D,ElectronicDimmer60,ElectronicDimmer60_D2,0,0,True
Model_D,ElectronicDimmer60,ElectronicDimmer60_D2,0,0,True
Model_D,ElectronicDimmer60,ElectronicDimmer60_D2,0,0,True
Model_D,ElectronicDimmer60,ElectronicDimmer60_D2,0,0,True
Model_D,ElectronicDimmer60,ElectronicDimmer60_D2,0,0,True
Model_D,ElectronicDimmer60,ElectronicDimmer60_D2,0,0,True
Model_D,ElectronicDimmer60,ElectronicDimmer60_D2,0,0,True
Model_D,ElectronicDimmer60,ElectronicDimmer60_D2,0,0,True
Model_D,ElectronicDimmer60,ElectronicDimmer60_D2,0,0,True
Model_D,ElectronicDimmer60,ElectronicDimmer60_D2,0,0,True
Model_D,ElectronicDimmer60,ElectronicDimmer60_D2,0,0,True
Model_D,ElectronicDimmer60,ElectronicDimmer60_D2,0,0,True
Model_D,ElectronicDimmer60,ElectronicDimmer60_D2,0,0,True
Model_D,ElectronicDimmer60,ElectronicDimmer60_D2,0,0,True
Model_D,ElectronicDimmer60,ElectronicDimmer60_D2,0,0,True
Model_D,ElectronicDimmer60,ElectronicDimmer60_D2,0,0,True
Model_D,ElectronicDimmer60,ElectronicDimmer60_D2,1,1,True
Model_D,ElectronicDimmer60,ElectronicDimmer60_D2,1,1,True
Model_D,ElectronicDimmer60,ElectronicDimmer60_D2,1,1,True
Model_D,ElectronicDimmer60,ElectronicDimmer60_D2,1,1,True
Model_D,ElectronicDimmer60,ElectronicDimmer60_D2,1,1,True
Model_D,ElectronicDimmer60,ElectronicDimmer60_D2,1,1,True
Model_D,ElectronicDimmer60,ElectronicDimmer60_D2,1,1,True
Model_D,ElectronicDimmer60,ElectronicDimmer60_D2,1,1,True
Model_D,ElectronicDimmer60,ElectronicDimmer60_D2,1,1,True
Model_D,ElectronicDimmer60,ElectronicDimmer60_D2,1,1,True
Model_D,ElectronicDimmer60,ElectronicDimmer60_D2,1,1,True
Model_D,ElectronicDimmer60,ElectronicDimmer60_D2,1,1,True
Model_D,ElectronicDimmer60,ElectronicDimmer60_D2,1,1,True
Model_D,ElectronicDimmer60,ElectronicDimmer60_D2,1,1,True
Model_D,ElectronicDimmer60,ElectronicDimmer60_D2,1,1,True
Model_D,ElectronicDimmer60,ElectronicDimmer60_D2,1,1,True
Model_D,ElectronicDimmer60,ElectronicDimmer60_D2,1,1,True
Model_D,ElectronicDimmer60,ElectronicDimmer60_D2,1,1,True
Model_D,ElectronicDimmer60,ElectronicDimmer60_D2,1,1,True
Model_D,ElectronicDimmer60,ElectronicDimmer60_D2,1,1,True
Model_D,ElectronicDimmer60,ElectronicDimmer60_D2,1,1,True
Model_D,ElectronicDimmer60,ElectronicDimmer60_D2,1,1,True
Model_D,ElectronicDimmer60,ElectronicDimmer60_D3,0,0,True
Model_D,ElectronicDimmer60,ElectronicDimmer60_D3,0,0,True
Model_D,ElectronicDimmer60,ElectronicDimmer60_D3,0,0,True
Model_D,ElectronicDimmer60,ElectronicDimmer60_D3,0,0,True
Model_D,ElectronicDimmer60,ElectronicDimmer60_D3,0,0,True
Model_D,ElectronicDimmer60,ElectronicDimmer60_D3,0,0,True
Model_D,ElectronicDimmer60,ElectronicDimmer60_D3,0,0,True
Model_D,ElectronicDimmer60,ElectronicDimmer60_D3,0,0,True
Model_D,ElectronicDimmer60,ElectronicDimmer60_D3,0,0,True
Model_D,ElectronicDimmer60,ElectronicDimmer60_D3,0,0,True
Model_D,ElectronicDimmer60,ElectronicDimmer60_D3,0,0,True
Model_D,ElectronicDimmer60,ElectronicDimmer60_D3,0,0,True
Model_D,ElectronicDimmer60,ElectronicDimmer60_D3,0,0,True
Model_D,ElectronicDimmer60,ElectronicDimmer60_D3,0,0,True
Model_D,ElectronicDimmer60,ElectronicDimmer60_D3,0,0,True
Model_D,ElectronicDimmer60,ElectronicDimmer60_D3,0,0,True
Model_D,ElectronicDimmer60,ElectronicDimmer60_D3,0,0,True
Model_D,ElectronicDimmer60,ElectronicDimmer60_D3,0,0,True
Model_D,ElectronicDimmer60,ElectronicDimmer60_D3,0,0,True
Model_D,ElectronicDimmer60,ElectronicDimmer60_D3,0,0,True
Model_D,ElectronicDimmer60,ElectronicDimmer60_D3,0,0,True
Model_D,ElectronicDimmer60,ElectronicDimmer60_D3,0,0,True
Model_D,ElectronicDimmer60,ElectronicDimmer60_D3,0,0,True
Model_D,ElectronicDimmer60,ElectronicDimmer60_D3,0,0,True
Model_D,ElectronicDimmer60,ElectronicDimmer60_D3,0,0,True
Model_D,ElectronicDimmer60,ElectronicDimmer60_D3,0,0,True
Model_D,ElectronicDimmer60,ElectronicDimmer60_D3,0,0,True
Model_D,ElectronicDimmer60,ElectronicDimmer60_D3,0,0,True
Model_D,ElectronicDimmer60,ElectronicDimmer60_D3,0,0,True
Model_D,ElectronicDimmer60,ElectronicDimmer60_D3,0,0,True
Model_D,ElectronicDimmer60,ElectronicDimmer60_D3,0,0,True
Model_D,ElectronicDimmer60,ElectronicDimmer60_D3,0,0,True
Model_D,ElectronicDimmer60,ElectronicDimmer60_D3,0,0,True
Model_D,ElectronicDimmer60,ElectronicDimmer60_D3,0,0,True
Model_D,ElectronicDimmer60,ElectronicDimmer60_D3,0,0,True
Model_D,ElectronicDimmer60,ElectronicDimmer60_D3,0,0,True
Model_D,ElectronicDimmer60,ElectronicDimmer60_D3,0,0,True
Model_D,ElectronicDimmer60,ElectronicDimmer60_D3,0,0,True
Model_D,ElectronicDimmer60,ElectronicDimmer60_D3,0,0,True
Model_D,ElectronicDimmer60,ElectronicDimmer60_D3,0,0,True
Model_D,ElectronicDimmer60,ElectronicDimmer60_D3,0,0,True
Model_D,ElectronicDimmer60,ElectronicDimmer60_D3,0,0,True
Model_D,ElectronicDimmer60,ElectronicDimmer60_D3,0,0,True
Model_D,ElectronicDimmer60,ElectronicDimmer60_D3,1,1,True
Model_D,ElectronicDimmer60,ElectronicDimmer60_D3,1,1,True
Model_D,ElectronicDimmer60,ElectronicDimmer60_D3,1,1,True
Model_D,ElectronicDimmer60,ElectronicDimmer60_D3,1,1,True
Model_D,ElectronicDimmer60,ElectronicDimmer60_D3,1,1,True
Model_D,ElectronicDimmer60,ElectronicDimmer60_D3,1,1,True
Model_D,ElectronicDimmer60,ElectronicDimmer60_D3,1,1,True
Model_D,ElectronicDimmer60,ElectronicDimmer60_D3,1,1,True
Model_D,ElectronicDimmer60,ElectronicDimmer60_D3,1,1,True
Model_D,ElectronicDimmer60,ElectronicDimmer60_D3,1,1,True
Model_D,ElectronicDimmer60,ElectronicDimmer60_D3,1,1,True
Model_D,ElectronicDimmer60,ElectronicDimmer60_D3,1,1,True
Model_D,ElectronicDimmer60,ElectronicDimmer60_D3,1,1,True
Model_D,ElectronicDimmer60,ElectronicDimmer60_D3,1,1,True
Model_D,ElectronicDimmer60,ElectronicDimmer60_D3,1,1,True
Model_D,ElectronicDimmer60,ElectronicDimmer60_D3,1,1,True
Model_D,ElectronicDimmer60,ElectronicDimmer60_D3,1,1,True
Model_D,ElectronicDimmer60,ElectronicDimmer60_D3,1,1,True
Model_D,ElectronicDimmer60,ElectronicDimmer60_D3,1,1,True
Model_D,ElectronicDimmer60,ElectronicDimmer60_D3,1,1,True
Model_D,ElectronicDimmer60,ElectronicDimmer60_D3,1,1,True
Model_D,ElectronicDimmer60,ElectronicDimmer60_D3,1,1,True
Model_D,ElectronicDimmer60,ElectronicDimmer60_D3,1,1,True
Model_D,ElectronicDimmer60,ElectronicDimmer60_D4,0,0,True
Model_D,ElectronicDimmer60,ElectronicDimmer60_D4,0,0,True
Model_D,ElectronicDimmer60,ElectronicDimmer60_D4,0,0,True
Model_D,ElectronicDimmer60,ElectronicDimmer60_D4,0,0,True
Model_D,ElectronicDimmer60,ElectronicDimmer60_D4,0,0,True
Model_D,ElectronicDimmer60,ElectronicDimmer60_D4,0,0,True
Model_D,ElectronicDimmer60,ElectronicDimmer60_D4,0,0,True
Model_D,ElectronicDimmer60,ElectronicDimmer60_D4,0,0,True
Model_D,ElectronicDimmer60,ElectronicDimmer60_D4,0,0,True
Model_D,ElectronicDimmer60,ElectronicDimmer60_D4,0,0,True
Model_D,ElectronicDimmer60,ElectronicDimmer60_D4,0,0,True
Model_D,ElectronicDimmer60,ElectronicDimmer60_D4,0,0,True
Model_D,ElectronicDimmer60,ElectronicDimmer60_D4,0,0,True
Model_D,ElectronicDimmer60,ElectronicDimmer60_D4,0,0,True
Model_D,ElectronicDimmer60,ElectronicDimmer60_D4,0,0,True
Model_D,ElectronicDimmer60,ElectronicDimmer60_D4,0,0,True
Model_D,ElectronicDimmer60,ElectronicDimmer60_D4,0,0,True
Model_D,ElectronicDimmer60,ElectronicDimmer60_D4,0,0,True
Model_D,ElectronicDimmer60,ElectronicDimmer60_D4,0,0,True
Model_D,ElectronicDimmer60,ElectronicDimmer60_D4,0,0,True
Model_D,ElectronicDimmer60,ElectronicDimmer60_D4,0,0,True
Model_D,ElectronicDimmer60,ElectronicDimmer60_D4,0,0,True
Model_D,ElectronicDimmer60,ElectronicDimmer60_D4,0,0,True
Model_D,ElectronicDimmer60,ElectronicDimmer60_D4,0,0,True
Model_D,ElectronicDimmer60,ElectronicDimmer60_D4,0,0,True
Model_D,ElectronicDimmer60,ElectronicDimmer60_D4,0,0,True
Model_D,ElectronicDimmer60,ElectronicDimmer60_D4,0,0,True
Model_D,ElectronicDimmer60,ElectronicDimmer60_D4,0,0,True
Model_D,ElectronicDimmer60,ElectronicDimmer60_D4,0,0,True
Model_D,ElectronicDimmer60,ElectronicDimmer60_D4,0,0,True
Model_D,ElectronicDimmer60,ElectronicDimmer60_D4,0,0,True
Model_D,ElectronicDimmer60,ElectronicDimmer60_D4,0,0,True
Model_D,ElectronicDimmer60,ElectronicDimmer60_D4,0,0,True
Model_D,ElectronicDimmer60,ElectronicDimmer60_D4,0,0,True
Model_D,ElectronicDimmer60,ElectronicDimmer60_D4,0,0,True
Model_D,ElectronicDimmer60,ElectronicDimmer60_D4,0,0,True
Model_D,ElectronicDimmer60,ElectronicDimmer60_D4,0,0,True
Model_D,ElectronicDimmer60,ElectronicDimmer60_D4,0,0,True
Model_D,ElectronicDimmer60,ElectronicDimmer60_D4,0,0,True
Model_D,ElectronicDimmer60,ElectronicDimmer60_D4,0,0,True
Model_D,ElectronicDimmer60,ElectronicDimmer60_D4,0,0,True
Model_D,ElectronicDimmer60,ElectronicDimmer60_D4,0,0,True
Model_D,ElectronicDimmer60,ElectronicDimmer60_D4,0,0,True
Model_D,ElectronicDimmer60,ElectronicDimmer60_D4,0,0,True
Model_D,ElectronicDimmer60,ElectronicDimmer60_D4,0,0,True
Model_D,ElectronicDimmer60,ElectronicDimmer60_D4,0,0,True
Model_D,ElectronicDimmer60,ElectronicDimmer60_D4,0,0,True
Model_D,ElectronicDimmer60,ElectronicDimmer60_D4,0,0,True
Model_D,ElectronicDimmer60,ElectronicDimmer60_D4,0,0,True
Model_D,ElectronicDimmer60,ElectronicDimmer60_D4,0,0,True
Model_D,ElectronicDimmer60,ElectronicDimmer60_D4,0,0,True
Model_D,ElectronicDimmer60,ElectronicDimmer60_D4,0,0,True
Model_D,ElectronicDimmer60,ElectronicDimmer60_D4,0,0,True
Model_D,ElectronicDimmer60,ElectronicDimmer60_D4,1,1,True
Model_D,ElectronicDimmer60,ElectronicDimmer60_D4,1,1,True
Model_D,ElectronicDimmer60,ElectronicDimmer60_D4,1,1,True
Model_D,ElectronicDimmer60,ElectronicDimmer60_D4,1,1,True
Model_D,ElectronicDimmer60,ElectronicDimmer60_D4,1,1,True
Model_D,ElectronicDimmer60,ElectronicDimmer60_D4,1,1,True
Model_D,ElectronicDimmer60,ElectronicDimmer60_D4,1,1,True
Model_D,ElectronicDimmer60,ElectronicDimmer60_D4,1,1,True
Model_D,ElectronicDimmer60,ElectronicDimmer60_D4,1,1,True
Model_D,ElectronicDimmer60,ElectronicDimmer60_D4,1,1,True
Model_D,ElectronicDimmer60,ElectronicDimmer60_D4,1,1,True
Model_D,ElectronicDimmer60,ElectronicDimmer60_D4,1,1,True
Model_D,ElectronicDimmer60,ElectronicDimmer60_D4,1,1,True
Model_D,ElectronicDimmer60,ElectronicDimmer60_D4,1,1,True
Model_D,ElectronicDimmer60,ElectronicDimmer60_D4,1,1,True
Model_D,ElectronicDimmer60,ElectronicDimmer60_D4,1,1,True
Model_D,ElectronicDimmer60,ElectronicDimmer60_D4,1,1,True
Model_D,ElectronicDimmer60,ElectronicDimmer60_D4,1,1,True
Model_D,ElectronicDimmer60,ElectronicDimmer60_D4,1,1,True
Model_D,ElectronicDimmer60,ElectronicDimmer60_D4,1,1,True
Model_D,ElectronicDimmer60,ElectronicDimmer60_D4,1,1,True
Model_D,ElectronicDimmer60,ElectronicDimmer60_D4,1,1,True
Model_D,ElectronicDimmer90,ElectronicDimmer90_D0,0,0,True
Model_D,ElectronicDimmer90,ElectronicDimmer90_D0,0,0,True
Model_D,ElectronicDimmer90,ElectronicDimmer90_D0,0,0,True
Model_D,ElectronicDimmer90,ElectronicDimmer90_D0,0,0,True
Model_D,ElectronicDimmer90,ElectronicDimmer90_D0,0,0,True
Model_D,ElectronicDimmer90,ElectronicDimmer90_D0,0,0,True
Model_D,ElectronicDimmer90,ElectronicDimmer90_D0,0,0,True
Model_D,ElectronicDimmer90,ElectronicDimmer90_D0,0,0,True
Model_D,ElectronicDimmer90,ElectronicDimmer90_D0,0,0,True
Model_D,ElectronicDimmer90,ElectronicDimmer90_D0,0,0,True
Model_D,ElectronicDimmer90,ElectronicDimmer90_D0,0,0,True
Model_D,ElectronicDimmer90,ElectronicDimmer90_D0,0,0,True
Model_D,ElectronicDimmer90,ElectronicDimmer90_D0,0,0,True
Model_D,ElectronicDimmer90,ElectronicDimmer90_D0,0,0,True
Model_D,ElectronicDimmer90,ElectronicDimmer90_D0,0,0,True
Model_D,ElectronicDimmer90,ElectronicDimmer90_D0,0,0,True
Model_D,ElectronicDimmer90,ElectronicDimmer90_D0,0,0,True
Model_D,ElectronicDimmer90,ElectronicDimmer90_D0,0,0,True
Model_D,ElectronicDimmer90,ElectronicDimmer90_D0,0,0,True
Model_D,ElectronicDimmer90,ElectronicDimmer90_D0,0,0,True
Model_D,ElectronicDimmer90,ElectronicDimmer90_D0,0,0,True
Model_D,ElectronicDimmer90,ElectronicDimmer90_D0,0,0,True
Model_D,ElectronicDimmer90,ElectronicDimmer90_D0,0,0,True
Model_D,ElectronicDimmer90,ElectronicDimmer90_D0,0,0,True
Model_D,ElectronicDimmer90,ElectronicDimmer90_D0,0,0,True
Model_D,ElectronicDimmer90,ElectronicDimmer90_D0,0,0,True
Model_D,ElectronicDimmer90,ElectronicDimmer90_D0,0,0,True
Model_D,ElectronicDimmer90,ElectronicDimmer90_D0,0,0,True
Model_D,ElectronicDimmer90,ElectronicDimmer90_D0,0,0,True
Model_D,ElectronicDimmer90,ElectronicDimmer90_D0,0,0,True
Model_D,ElectronicDimmer90,ElectronicDimmer90_D0,0,0,True
Model_D,ElectronicDimmer90,ElectronicDimmer90_D0,0,0,True
Model_D,ElectronicDimmer90,ElectronicDimmer90_D0,0,0,True
Model_D,ElectronicDimmer90,ElectronicDimmer90_D0,0,0,True
Model_D,ElectronicDimmer90,ElectronicDimmer90_D0,0,0,True
Model_D,ElectronicDimmer90,ElectronicDimmer90_D0,0,0,True
Model_D,ElectronicDimmer90,ElectronicDimmer90_D0,0,0,True
Model_D,ElectronicDimmer90,ElectronicDimmer90_D0,0,0,True
Model_D,ElectronicDimmer90,ElectronicDimmer90_D0,0,0,True
Model_D,ElectronicDimmer90,ElectronicDimmer90_D0,0,0,True
Model_D,ElectronicDimmer90,ElectronicDimmer90_D0,0,0,True
Model_D,ElectronicDimmer90,ElectronicDimmer90_D0,0,0,True
Model_D,ElectronicDimmer90,ElectronicDimmer90_D0,0,0,True
Model_D,ElectronicDimmer90,ElectronicDimmer90_D0,0,0,True
Model_D,ElectronicDimmer90,ElectronicDimmer90_D0,0,0,True
Model_D,ElectronicDimmer90,ElectronicDimmer90_D0,0,0,True
Model_D,ElectronicDimmer90,ElectronicDimmer90_D0,0,0,True
Model_D,ElectronicDimmer90,ElectronicDimmer90_D0,0,0,True
Model_D,ElectronicDimmer90,ElectronicDimmer90_D0,0,0,True
Model_D,ElectronicDimmer90,ElectronicDimmer90_D0,0,0,True
Model_D,ElectronicDimmer90,ElectronicDimmer90_D0,0,0,True
Model_D,ElectronicDimmer90,ElectronicDimmer90_D0,0,0,True
Model_D,ElectronicDimmer90,ElectronicDimmer90_D0,0,0,True
Model_D,ElectronicDimmer90,ElectronicDimmer90_D0,0,0,True
Model_D,ElectronicDimmer90,ElectronicDimmer90_D0,0,0,True
Model_D,ElectronicDimmer90,ElectronicDimmer90_D0,0,0,True
Model_D,ElectronicDimmer90,ElectronicDimmer90_D0,0,0,True
Model_D,ElectronicDimmer90,ElectronicDimmer90_D0,0,0,True
Model_D,ElectronicDimmer90,ElectronicDimmer90_D0,0,0,True
Model_D,ElectronicDimmer90,ElectronicDimmer90_D0,0,0,True
Model_D,ElectronicDimmer90,ElectronicDimmer90_D0,0,0,True
Model_D,ElectronicDimmer90,ElectronicDimmer90_D0,0,0,True
Model_D,ElectronicDimmer90,ElectronicDimmer90_D0,0,0,True
Model_D,ElectronicDimmer90,ElectronicDimmer90_D0,0,0,True
Model_D,ElectronicDimmer90,ElectronicDimmer90_D0,0,0,True
Model_D,ElectronicDimmer90,ElectronicDimmer90_D0,0,0,True
Model_D,ElectronicDimmer90,ElectronicDimmer90_D0,0,0,True
Model_D,ElectronicDimmer90,ElectronicDimmer90_D0,0,0,True
Model_D,ElectronicDimmer90,ElectronicDimmer90_D0,0,0,True
Model_D,ElectronicDimmer90,ElectronicDimmer90_D0,0,0,True
Model_D,ElectronicDimmer90,ElectronicDimmer90_D0,0,0,True
Model_D,ElectronicDimmer90,ElectronicDimmer90_D0,0,0,True
Model_D,ElectronicDimmer90,ElectronicDimmer90_D0,0,0,True
Model_D,ElectronicDimmer90,ElectronicDimmer90_D0,0,0,True
Model_D,ElectronicDimmer90,ElectronicDimmer90_D0,1,1,True
Model_D,ElectronicDimmer90,ElectronicDimmer90_D0,1,1,True
Model_D,ElectronicDimmer90,ElectronicDimmer90_D0,1,1,True
Model_D,ElectronicDimmer90,ElectronicDimmer90_D0,1,1,True
Model_D,ElectronicDimmer90,ElectronicDimmer90_D0,1,1,True
Model_D,ElectronicDimmer90,ElectronicDimmer90_D0,1,1,True
Model_D,ElectronicDimmer90,ElectronicDimmer90_D0,1,1,True
Model_D,ElectronicDimmer90,ElectronicDimmer90_D0,1,1,True
Model_D,ElectronicDimmer90,ElectronicDimmer90_D0,1,1,True
Model_D,ElectronicDimmer90,ElectronicDimmer90_D0,1,1,True
Model_D,ElectronicDimmer90,ElectronicDimmer90_D0,1,1,True
Model_D,ElectronicDimmer90,ElectronicDimmer90_D0,1,1,True
Model_D,ElectronicDimmer90,ElectronicDimmer90_D0,1,1,True
Model_D,ElectronicDimmer90,ElectronicDimmer90_D0,1,1,True
Model_D,ElectronicDimmer90,ElectronicDimmer90_D0,1,1,True
Model_D,ElectronicDimmer90,ElectronicDimmer90_D0,1,1,True
Model_D,ElectronicDimmer90,ElectronicDimmer90_D0,1,1,True
Model_D,ElectronicDimmer90,ElectronicDimmer90_D0,1,1,True
Model_D,ElectronicDimmer90,ElectronicDimmer90_D0,1,1,True
Model_D,ElectronicDimmer90,ElectronicDimmer90_D0,1,1,True
Model_D,ElectronicDimmer90,ElectronicDimmer90_D0,1,1,True
Model_D,ElectronicDimmer90,ElectronicDimmer90_D0,1,1,True
Model_D,ElectronicDimmer90,ElectronicDimmer90_D1,0,0,True
Model_D,ElectronicDimmer90,ElectronicDimmer90_D1,0,0,True
Model_D,ElectronicDimmer90,ElectronicDimmer90_D1,0,0,True
Model_D,ElectronicDimmer90,ElectronicDimmer90_D1,0,0,True
Model_D,ElectronicDimmer90,ElectronicDimmer90_D1,0,0,True
Model_D,ElectronicDimmer90,ElectronicDimmer90_D1,0,0,True
Model_D,ElectronicDimmer90,ElectronicDimmer90_D1,0,0,True
Model_D,ElectronicDimmer90,ElectronicDimmer90_D1,0,0,True
Model_D,ElectronicDimmer90,ElectronicDimmer90_D1,0,0,True
Model_D,ElectronicDimmer90,ElectronicDimmer90_D1,0,0,True
Model_D,ElectronicDimmer90,ElectronicDimmer90_D1,0,0,True
Model_D,ElectronicDimmer90,ElectronicDimmer90_D1,0,0,True
Model_D,ElectronicDimmer90,ElectronicDimmer90_D1,0,0,True
Model_D,ElectronicDimmer90,ElectronicDimmer90_D1,0,0,True
Model_D,ElectronicDimmer90,ElectronicDimmer90_D1,0,0,True
Model_D,ElectronicDimmer90,ElectronicDimmer90_D1,0,0,True
Model_D,ElectronicDimmer90,ElectronicDimmer90_D1,0,0,True
Model_D,ElectronicDimmer90,ElectronicDimmer90_D1,0,0,True
Model_D,ElectronicDimmer90,ElectronicDimmer90_D1,0,0,True
Model_D,ElectronicDimmer90,ElectronicDimmer90_D1,0,0,True
Model_D,ElectronicDimmer90,ElectronicDimmer90_D1,0,0,True
Model_D,ElectronicDimmer90,ElectronicDimmer90_D1,0,0,True
Model_D,ElectronicDimmer90,ElectronicDimmer90_D1,0,0,True
Model_D,ElectronicDimmer90,ElectronicDimmer90_D1,0,0,True
Model_D,ElectronicDimmer90,ElectronicDimmer90_D1,0,0,True
Model_D,ElectronicDimmer90,ElectronicDimmer90_D1,0,0,True
Model_D,ElectronicDimmer90,ElectronicDimmer90_D1,0,0,True
Model_D,ElectronicDimmer90,ElectronicDimmer90_D1,0,0,True
Model_D,ElectronicDimmer90,ElectronicDimmer90_D1,0,0,True
Model_D,ElectronicDimmer90,ElectronicDimmer90_D1,0,0,True
Model_D,ElectronicDimmer90,ElectronicDimmer90_D1,0,0,True
Model_D,ElectronicDimmer90,ElectronicDimmer90_D1,0,0,True
Model_D,ElectronicDimmer90,ElectronicDimmer90_D1,0,0,True
Model_D,ElectronicDimmer90,ElectronicDimmer90_D1,0,0,True
Model_D,ElectronicDimmer90,ElectronicDimmer90_D1,0,0,True
Model_D,ElectronicDimmer90,ElectronicDimmer90_D1,0,0,True
Model_D,ElectronicDimmer90,ElectronicDimmer90_D1,0,0,True
Model_D,ElectronicDimmer90,ElectronicDimmer90_D1,1,1,True
Model_D,ElectronicDimmer90,ElectronicDimmer90_D1,1,1,True
Model_D,ElectronicDimmer90,ElectronicDimmer90_D1,1,1,True
Model_D,ElectronicDimmer90,ElectronicDimmer90_D1,1,1,True
Model_D,ElectronicDimmer90,ElectronicDimmer90_D1,1,1,True
Model_D,ElectronicDimmer90,ElectronicDimmer90_D1,1,1,True
Model_D,ElectronicDimmer90,ElectronicDimmer90_D1,1,1,True
Model_D,ElectronicDimmer90,ElectronicDimmer90_D1,1,1,True
Model_D,ElectronicDimmer90,ElectronicDimmer90_D1,1,1,True
Model_D,ElectronicDimmer90,ElectronicDimmer90_D1,1,1,True
Model_D,ElectronicDimmer90,ElectronicDimmer90_D1,1,1,True
Model_D,ElectronicDimmer90,ElectronicDimmer90_D1,1,1,True
Model_D,ElectronicDimmer90,ElectronicDimmer90_D1,1,1,True
Model_D,ElectronicDimmer90,ElectronicDimmer90_D1,1,1,True
Model_D,ElectronicDimmer90,ElectronicDimmer90_D1,1,1,True
Model_D,ElectronicDimmer90,ElectronicDimmer90_D1,1,1,True
Model_D,ElectronicDimmer90,ElectronicDimmer90_D1,1,1,True
Model_D,ElectronicDimmer90,ElectronicDimmer90_D1,1,1,True
Model_D,ElectronicDimmer90,ElectronicDimmer90_D1,1,1,True
Model_D,ElectronicDimmer90,ElectronicDimmer90_D1,1,1,True
Model_D,ElectronicDimmer90,ElectronicDimmer90_D1,1,1,True
Model_D,ElectronicDimmer90,ElectronicDimmer90_D1,1,1,True
Model_D,ElectronicDimmer90,ElectronicDimmer90_D2,0,0,True
Model_D,ElectronicDimmer90,ElectronicDimmer90_D2,0,0,True
Model_D,ElectronicDimmer90,ElectronicDimmer90_D2,0,0,True
Model_D,ElectronicDimmer90,ElectronicDimmer90_D2,0,0,True
Model_D,ElectronicDimmer90,ElectronicDimmer90_D2,0,0,True
Model_D,ElectronicDimmer90,ElectronicDimmer90_D2,0,0,True
Model_D,ElectronicDimmer90,ElectronicDimmer90_D2,0,0,True
Model_D,ElectronicDimmer90,ElectronicDimmer90_D2,0,0,True
Model_D,ElectronicDimmer90,ElectronicDimmer90_D2,0,0,True
Model_D,ElectronicDimmer90,ElectronicDimmer90_D2,0,0,True
Model_D,ElectronicDimmer90,ElectronicDimmer90_D2,0,0,True
Model_D,ElectronicDimmer90,ElectronicDimmer90_D2,0,0,True
Model_D,ElectronicDimmer90,ElectronicDimmer90_D2,0,0,True
Model_D,ElectronicDimmer90,ElectronicDimmer90_D2,0,0,True
Model_D,ElectronicDimmer90,ElectronicDimmer90_D2,0,0,True
Model_D,ElectronicDimmer90,ElectronicDimmer90_D2,0,0,True
Model_D,ElectronicDimmer90,ElectronicDimmer90_D2,0,0,True
Model_D,ElectronicDimmer90,ElectronicDimmer90_D2,0,0,True
Model_D,ElectronicDimmer90,ElectronicDimmer90_D2,0,0,True
Model_D,ElectronicDimmer90,ElectronicDimmer90_D2,0,0,True
Model_D,ElectronicDimmer90,ElectronicDimmer90_D2,0,0,True
Model_D,ElectronicDimmer90,ElectronicDimmer90_D2,0,0,True
Model_D,ElectronicDimmer90,ElectronicDimmer90_D2,0,0,True
Model_D,ElectronicDimmer90,ElectronicDimmer90_D2,0,0,True
Model_D,ElectronicDimmer90,ElectronicDimmer90_D2,0,0,True
Model_D,ElectronicDimmer90,ElectronicDimmer90_D2,0,0,True
Model_D,ElectronicDimmer90,ElectronicDimmer90_D2,0,0,True
Model_D,ElectronicDimmer90,ElectronicDimmer90_D2,0,0,True
Model_D,ElectronicDimmer90,ElectronicDimmer90_D2,0,0,True
Model_D,ElectronicDimmer90,ElectronicDimmer90_D2,0,0,True
Model_D,ElectronicDimmer90,ElectronicDimmer90_D2,0,0,True
Model_D,ElectronicDimmer90,ElectronicDimmer90_D2,0,0,True
Model_D,ElectronicDimmer90,ElectronicDimmer90_D2,0,0,True
Model_D,ElectronicDimmer90,ElectronicDimmer90_D2,0,0,True
Model_D,ElectronicDimmer90,ElectronicDimmer90_D2,0,0,True
Model_D,ElectronicDimmer90,ElectronicDimmer90_D2,0,0,True
Model_D,ElectronicDimmer90,ElectronicDimmer90_D2,0,0,True
Model_D,ElectronicDimmer90,ElectronicDimmer90_D2,0,0,True
Model_D,ElectronicDimmer90,ElectronicDimmer90_D2,0,0,True
Model_D,ElectronicDimmer90,ElectronicDimmer90_D2,0,0,True
Model_D,ElectronicDimmer90,ElectronicDimmer90_D2,0,0,True
Model_D,ElectronicDimmer90,ElectronicDimmer90_D2,0,0,True
Model_D,ElectronicDimmer90,ElectronicDimmer90_D2,0,0,True
Model_D,ElectronicDimmer90,ElectronicDimmer90_D2,0,0,True
Model_D,ElectronicDimmer90,ElectronicDimmer90_D2,0,0,True
Model_D,ElectronicDimmer90,ElectronicDimmer90_D2,0,0,True
Model_D,ElectronicDimmer90,ElectronicDimmer90_D2,0,0,True
Model_D,ElectronicDimmer90,ElectronicDimmer90_D2,0,0,True
Model_D,ElectronicDimmer90,ElectronicDimmer90_D2,0,0,True
Model_D,ElectronicDimmer90,ElectronicDimmer90_D2,0,0,True
Model_D,ElectronicDimmer90,ElectronicDimmer90_D2,0,0,True
Model_D,ElectronicDimmer90,ElectronicDimmer90_D2,0,0,True
Model_D,ElectronicDimmer90,ElectronicDimmer90_D2,0,0,True
Model_D,ElectronicDimmer90,ElectronicDimmer90_D2,0,0,True
Model_D,ElectronicDimmer90,ElectronicDimmer90_D2,0,0,True
Model_D,ElectronicDimmer90,ElectronicDimmer90_D2,1,1,True
Model_D,ElectronicDimmer90,ElectronicDimmer90_D2,1,1,True
Model_D,ElectronicDimmer90,ElectronicDimmer90_D2,1,1,True
Model_D,ElectronicDimmer90,ElectronicDimmer90_D2,1,1,True
Model_D,ElectronicDimmer90,ElectronicDimmer90_D2,1,1,True
Model_D,ElectronicDimmer90,ElectronicDimmer90_D2,1,1,True
Model_D,ElectronicDimmer90,ElectronicDimmer90_D2,1,1,True
Model_D,ElectronicDimmer90,ElectronicDimmer90_D2,1,1,True
Model_D,ElectronicDimmer90,ElectronicDimmer90_D2,1,1,True
Model_D,ElectronicDimmer90,ElectronicDimmer90_D2,1,1,True
Model_D,ElectronicDimmer90,ElectronicDimmer90_D2,1,1,True
Model_D,ElectronicDimmer90,ElectronicDimmer90_D2,1,1,True
Model_D,ElectronicDimmer90,ElectronicDimmer90_D2,1,1,True
Model_D,ElectronicDimmer90,ElectronicDimmer90_D2,1,1,True
Model_D,ElectronicDimmer90,ElectronicDimmer90_D2,1,1,True
Model_D,ElectronicDimmer90,ElectronicDimmer90_D2,1,1,True
Model_D,ElectronicDimmer90,ElectronicDimmer90_D2,1,1,True
Model_D,ElectronicDimmer90,ElectronicDimmer90_D2,1,1,True
Model_D,ElectronicDimmer90,ElectronicDimmer90_D2,1,1,True
Model_D,ElectronicDimmer90,ElectronicDimmer90_D2,1,1,True
Model_D,ElectronicDimmer90,ElectronicDimmer90_D2,1,1,True
Model_D,ElectronicDimmer90,ElectronicDimmer90_D2,1,1,True
Model_D,ElectronicDimmer90,ElectronicDimmer90_D3,0,0,True
Model_D,ElectronicDimmer90,ElectronicDimmer90_D3,0,0,True
Model_D,ElectronicDimmer90,ElectronicDimmer90_D3,0,0,True
Model_D,ElectronicDimmer90,ElectronicDimmer90_D3,0,0,True
Model_D,ElectronicDimmer90,ElectronicDimmer90_D3,0,0,True
Model_D,ElectronicDimmer90,ElectronicDimmer90_D3,0,0,True
Model_D,ElectronicDimmer90,ElectronicDimmer90_D3,0,0,True
Model_D,ElectronicDimmer90,ElectronicDimmer90_D3,0,0,True
Model_D,ElectronicDimmer90,ElectronicDimmer90_D3,0,0,True
Model_D,ElectronicDimmer90,ElectronicDimmer90_D3,0,0,True
Model_D,ElectronicDimmer90,ElectronicDimmer90_D3,0,0,True
Model_D,ElectronicDimmer90,ElectronicDimmer90_D3,0,0,True
Model_D,ElectronicDimmer90,ElectronicDimmer90_D3,0,0,True
Model_D,ElectronicDimmer90,ElectronicDimmer90_D3,0,0,True
Model_D,ElectronicDimmer90,ElectronicDimmer90_D3,0,0,True
Model_D,ElectronicDimmer90,ElectronicDimmer90_D3,0,0,True
Model_D,ElectronicDimmer90,ElectronicDimmer90_D3,0,0,True
Model_D,ElectronicDimmer90,ElectronicDimmer90_D3,0,0,True
Model_D,ElectronicDimmer90,ElectronicDimmer90_D3,0,0,True
Model_D,ElectronicDimmer90,ElectronicDimmer90_D3,0,0,True
Model_D,ElectronicDimmer90,ElectronicDimmer90_D3,0,0,True
Model_D,ElectronicDimmer90,ElectronicDimmer90_D3,0,0,True
Model_D,ElectronicDimmer90,ElectronicDimmer90_D3,0,0,True
Model_D,ElectronicDimmer90,ElectronicDimmer90_D3,0,0,True
Model_D,ElectronicDimmer90,ElectronicDimmer90_D3,0,0,True
Model_D,ElectronicDimmer90,ElectronicDimmer90_D3,0,0,True
Model_D,ElectronicDimmer90,ElectronicDimmer90_D3,0,0,True
Model_D,ElectronicDimmer90,ElectronicDimmer90_D3,0,0,True
Model_D,ElectronicDimmer90,ElectronicDimmer90_D3,0,0,True
Model_D,ElectronicDimmer90,ElectronicDimmer90_D3,0,0,True
Model_D,ElectronicDimmer90,ElectronicDimmer90_D3,0,0,True
Model_D,ElectronicDimmer90,ElectronicDimmer90_D3,0,0,True
Model_D,ElectronicDimmer90,ElectronicDimmer90_D3,0,0,True
Model_D,ElectronicDimmer90,ElectronicDimmer90_D3,0,0,True
Model_D,ElectronicDimmer90,ElectronicDimmer90_D3,0,0,True
Model_D,ElectronicDimmer90,ElectronicDimmer90_D3,0,0,True
Model_D,ElectronicDimmer90,ElectronicDimmer90_D3,0,0,True
Model_D,ElectronicDimmer90,ElectronicDimmer90_D3,0,0,True
Model_D,ElectronicDimmer90,ElectronicDimmer90_D3,0,0,True
Model_D,ElectronicDimmer90,ElectronicDimmer90_D3,0,0,True
Model_D,ElectronicDimmer90,ElectronicDimmer90_D3,1,1,True
Model_D,ElectronicDimmer90,ElectronicDimmer90_D3,1,1,True
Model_D,ElectronicDimmer90,ElectronicDimmer90_D3,1,1,True
Model_D,ElectronicDimmer90,ElectronicDimmer90_D3,1,1,True
Model_D,ElectronicDimmer90,ElectronicDimmer90_D3,1,1,True
Model_D,ElectronicDimmer90,ElectronicDimmer90_D3,1,1,True
Model_D,ElectronicDimmer90,ElectronicDimmer90_D3,1,1,True
Model_D,ElectronicDimmer90,ElectronicDimmer90_D3,1,1,True
Model_D,ElectronicDimmer90,ElectronicDimmer90_D3,1,1,True
Model_D,ElectronicDimmer90,ElectronicDimmer90_D3,1,1,True
Model_D,ElectronicDimmer90,ElectronicDimmer90_D3,1,1,True
Model_D,ElectronicDimmer90,ElectronicDimmer90_D3,1,1,True
Model_D,ElectronicDimmer90,ElectronicDimmer90_D3,1,1,True
Model_D,ElectronicDimmer90,ElectronicDimmer90_D3,1,1,True
Model_D,ElectronicDimmer90,ElectronicDimmer90_D3,1,1,True
Model_D,ElectronicDimmer90,ElectronicDimmer90_D3,1,1,True
Model_D,ElectronicDimmer90,ElectronicDimmer90_D3,1,1,True
Model_D,ElectronicDimmer90,ElectronicDimmer90_D3,1,1,True
Model_D,ElectronicDimmer90,ElectronicDimmer90_D3,1,1,True
Model_D,ElectronicDimmer90,ElectronicDimmer90_D3,1,1,True
Model_D,ElectronicDimmer90,ElectronicDimmer90_D3,1,1,True
Model_D,ElectronicDimmer90,ElectronicDimmer90_D3,1,1,True
Model_D,ElectronicDimmer90,ElectronicDimmer90_D4,0,0,True
Model_D,ElectronicDimmer90,ElectronicDimmer90_D4,0,0,True
Model_D,ElectronicDimmer90,ElectronicDimmer90_D4,0,0,True
Model_D,ElectronicDimmer90,ElectronicDimmer90_D4,0,0,True
Model_D,ElectronicDimmer90,ElectronicDimmer90_D4,0,0,True
Model_D,ElectronicDimmer90,ElectronicDimmer90_D4,0,0,True
Model_D,ElectronicDimmer90,ElectronicDimmer90_D4,0,0,True
Model_D,ElectronicDimmer90,ElectronicDimmer90_D4,0,0,True
Model_D,ElectronicDimmer90,ElectronicDimmer90_D4,0,0,True
Model_D,ElectronicDimmer90,ElectronicDimmer90_D4,0,0,True
Model_D,ElectronicDimmer90,ElectronicDimmer90_D4,0,0,True
Model_D,ElectronicDimmer90,ElectronicDimmer90_D4,0,0,True
Model_D,ElectronicDimmer90,ElectronicDimmer90_D4,0,0,True
Model_D,ElectronicDimmer90,ElectronicDimmer90_D4,0,0,True
Model_D,ElectronicDimmer90,ElectronicDimmer90_D4,0,0,True
Model_D,ElectronicDimmer90,ElectronicDimmer90_D4,0,0,True
Model_D,ElectronicDimmer90,ElectronicDimmer90_D4,0,0,True
Model_D,ElectronicDimmer90,ElectronicDimmer90_D4,0,0,True
Model_D,ElectronicDimmer90,ElectronicDimmer90_D4,0,0,True
Model_D,ElectronicDimmer90,ElectronicDimmer90_D4,0,0,True
Model_D,ElectronicDimmer90,ElectronicDimmer90_D4,0,0,True
Model_D,ElectronicDimmer90,ElectronicDimmer90_D4,0,0,True
Model_D,ElectronicDimmer90,ElectronicDimmer90_D4,0,0,True
Model_D,ElectronicDimmer90,ElectronicDimmer90_D4,0,0,True
Model_D,ElectronicDimmer90,ElectronicDimmer90_D4,0,0,True
Model_D,ElectronicDimmer90,ElectronicDimmer90_D4,0,0,True
Model_D,ElectronicDimmer90,ElectronicDimmer90_D4,0,0,True
Model_D,ElectronicDimmer90,ElectronicDimmer90_D4,0,0,True
Model_D,ElectronicDimmer90,ElectronicDimmer90_D4,0,0,True
Model_D,ElectronicDimmer90,ElectronicDimmer90_D4,0,0,True
Model_D,ElectronicDimmer90,ElectronicDimmer90_D4,0,0,True
Model_D,ElectronicDimmer90,ElectronicDimmer90_D4,0,0,True
Model_D,ElectronicDimmer90,ElectronicDimmer90_D4,0,0,True
Model_D,ElectronicDimmer90,ElectronicDimmer90_D4,0,0,True
Model_D,ElectronicDimmer90,ElectronicDimmer90_D4,0,0,True
Model_D,ElectronicDimmer90,ElectronicDimmer90_D4,0,0,True
Model_D,ElectronicDimmer90,ElectronicDimmer90_D4,0,0,True
Model_D,ElectronicDimmer90,ElectronicDimmer90_D4,0,0,True
Model_D,ElectronicDimmer90,ElectronicDimmer90_D4,0,0,True
Model_D,ElectronicDimmer90,ElectronicDimmer90_D4,0,0,True
Model_D,ElectronicDimmer90,ElectronicDimmer90_D4,0,0,True
Model_D,ElectronicDimmer90,ElectronicDimmer90_D4,0,0,True
Model_D,ElectronicDimmer90,ElectronicDimmer90_D4,1,1,True
Model_D,ElectronicDimmer90,ElectronicDimmer90_D4,1,1,True
Model_D,ElectronicDimmer90,ElectronicDimmer90_D4,1,1,True
Model_D,ElectronicDimmer90,ElectronicDimmer90_D4,1,1,True
Model_D,ElectronicDimmer90,ElectronicDimmer90_D4,1,1,True
Model_D,ElectronicDimmer90,ElectronicDimmer90_D4,1,1,True
Model_D,ElectronicDimmer90,ElectronicDimmer90_D4,1,1,True
Model_D,ElectronicDimmer90,ElectronicDimmer90_D4,1,1,True
Model_D,ElectronicDimmer90,ElectronicDimmer90_D4,1,1,True
Model_D,ElectronicDimmer90,ElectronicDimmer90_D4,1,1,True
Model_D,ElectronicDimmer90,ElectronicDimmer90_D4,1,1,True
Model_D,ElectronicDimmer90,ElectronicDimmer90_D4,1,1,True
Model_D,ElectronicDimmer90,ElectronicDimmer90_D4,1,1,True
Model_D,ElectronicDimmer90,ElectronicDimmer90_D4,1,1,True
Model_D,ElectronicDimmer90,ElectronicDimmer90_D4,1,1,True
Model_D,ElectronicDimmer90,ElectronicDimmer90_D4,1,1,True
Model_D,ElectronicDimmer90,ElectronicDimmer90_D4,1,1,True
Model_D,ElectronicDimmer90,ElectronicDimmer90_D4,1,1,True
Model_D,ElectronicDimmer90,ElectronicDimmer90_D4,1,1,True
Model_D,ElectronicDimmer90,ElectronicDimmer90_D4,1,1,True
Model_D,ElectronicDimmer90,ElectronicDimmer90_D4,1,1,True
Model_D,ElectronicDimmer90,ElectronicDimmer90_D4,1,1,True
Model_D,ElectronicDimmer120,ElectronicDimmer120_D0,0,0,True
Model_D,ElectronicDimmer120,ElectronicDimmer120_D0,0,0,True
Model_D,ElectronicDimmer120,ElectronicDimmer120_D0,0,0,True
Model_D,ElectronicDimmer120,ElectronicDimmer120_D0,0,0,True
Model_D,ElectronicDimmer120,ElectronicDimmer120_D0,0,0,True
Model_D,ElectronicDimmer120,ElectronicDimmer120_D0,0,0,True
Model_D,ElectronicDimmer120,ElectronicDimmer120_D0,0,0,True
Model_D,ElectronicDimmer120,ElectronicDimmer120_D0,0,0,True
Model_D,ElectronicDimmer120,ElectronicDimmer120_D0,0,0,True
Model_D,ElectronicDimmer120,ElectronicDimmer120_D0,0,0,True
Model_D,ElectronicDimmer120,ElectronicDimmer120_D0,0,0,True
Model_D,ElectronicDimmer120,ElectronicDimmer120_D0,0,0,True
Model_D,ElectronicDimmer120,ElectronicDimmer120_D0,0,0,True
Model_D,ElectronicDimmer120,ElectronicDimmer120_D0,0,0,True
Model_D,ElectronicDimmer120,ElectronicDimmer120_D0,0,0,True
Model_D,ElectronicDimmer120,ElectronicDimmer120_D0,0,0,True
Model_D,ElectronicDimmer120,ElectronicDimmer120_D0,0,0,True
Model_D,ElectronicDimmer120,ElectronicDimmer120_D0,0,0,True
Model_D,ElectronicDimmer120,ElectronicDimmer120_D0,0,0,True
Model_D,ElectronicDimmer120,ElectronicDimmer120_D0,0,0,True
Model_D,ElectronicDimmer120,ElectronicDimmer120_D0,0,0,True
Model_D,ElectronicDimmer120,ElectronicDimmer120_D0,0,0,True
Model_D,ElectronicDimmer120,ElectronicDimmer120_D0,0,0,True
Model_D,ElectronicDimmer120,ElectronicDimmer120_D0,0,0,True
Model_D,ElectronicDimmer120,ElectronicDimmer120_D0,0,0,True
Model_D,ElectronicDimmer120,ElectronicDimmer120_D0,0,0,True
Model_D,ElectronicDimmer120,ElectronicDimmer120_D0,0,0,True
Model_D,ElectronicDimmer120,ElectronicDimmer120_D0,0,0,True
Model_D,ElectronicDimmer120,ElectronicDimmer120_D0,0,0,True
Model_D,ElectronicDimmer120,ElectronicDimmer120_D0,0,0,True
Model_D,ElectronicDimmer120,ElectronicDimmer120_D0,0,0,True
Model_D,ElectronicDimmer120,ElectronicDimmer120_D0,0,0,True
Model_D,ElectronicDimmer120,ElectronicDimmer120_D0,0,0,True
Model_D,ElectronicDimmer120,ElectronicDimmer120_D0,0,0,True
Model_D,ElectronicDimmer120,ElectronicDimmer120_D0,0,0,True
Model_D,ElectronicDimmer120,ElectronicDimmer120_D0,0,0,True
Model_D,ElectronicDimmer120,ElectronicDimmer120_D0,0,0,True
Model_D,ElectronicDimmer120,ElectronicDimmer120_D0,0,0,True
Model_D,ElectronicDimmer120,ElectronicDimmer120_D0,0,0,True
Model_D,ElectronicDimmer120,ElectronicDimmer120_D0,1,1,True
Model_D,ElectronicDimmer120,ElectronicDimmer120_D0,1,1,True
Model_D,ElectronicDimmer120,ElectronicDimmer120_D0,1,1,True
Model_D,ElectronicDimmer120,ElectronicDimmer120_D0,1,1,True
Model_D,ElectronicDimmer120,ElectronicDimmer120_D0,1,1,True
Model_D,ElectronicDimmer120,ElectronicDimmer120_D0,1,1,True
Model_D,ElectronicDimmer120,ElectronicDimmer120_D0,1,1,True
Model_D,ElectronicDimmer120,ElectronicDimmer120_D0,1,1,True
Model_D,ElectronicDimmer120,ElectronicDimmer120_D0,1,1,True
Model_D,ElectronicDimmer120,ElectronicDimmer120_D0,1,1,True
Model_D,ElectronicDimmer120,ElectronicDimmer120_D0,1,1,True
Model_D,ElectronicDimmer120,ElectronicDimmer120_D0,1,1,True
Model_D,ElectronicDimmer120,ElectronicDimmer120_D0,1,1,True
Model_D,ElectronicDimmer120,ElectronicDimmer120_D0,1,1,True
Model_D,ElectronicDimmer120,ElectronicDimmer120_D0,1,1,True
Model_D,ElectronicDimmer120,ElectronicDimmer120_D0,1,1,True
Model_D,ElectronicDimmer120,ElectronicDimmer120_D0,1,1,True
Model_D,ElectronicDimmer120,ElectronicDimmer120_D0,1,1,True
Model_D,ElectronicDimmer120,ElectronicDimmer120_D0,1,1,True
Model_D,ElectronicDimmer120,ElectronicDimmer120_D0,1,1,True
Model_D,ElectronicDimmer120,ElectronicDimmer120_D0,1,1,True
Model_D,ElectronicDimmer120,ElectronicDimmer120_D0,1,1,True
Model_D,ElectronicDimmer120,ElectronicDimmer120_D1,0,0,True
Model_D,ElectronicDimmer120,ElectronicDimmer120_D1,0,0,True
Model_D,ElectronicDimmer120,ElectronicDimmer120_D1,0,0,True
Model_D,ElectronicDimmer120,ElectronicDimmer120_D1,0,0,True
Model_D,ElectronicDimmer120,ElectronicDimmer120_D1,0,0,True
Model_D,ElectronicDimmer120,ElectronicDimmer120_D1,0,0,True
Model_D,ElectronicDimmer120,ElectronicDimmer120_D1,0,0,True
Model_D,ElectronicDimmer120,ElectronicDimmer120_D1,0,0,True
Model_D,ElectronicDimmer120,ElectronicDimmer120_D1,0,0,True
Model_D,ElectronicDimmer120,ElectronicDimmer120_D1,0,0,True
Model_D,ElectronicDimmer120,ElectronicDimmer120_D1,0,0,True
Model_D,ElectronicDimmer120,ElectronicDimmer120_D1,0,0,True
Model_D,ElectronicDimmer120,ElectronicDimmer120_D1,0,0,True
Model_D,ElectronicDimmer120,ElectronicDimmer120_D1,0,0,True
Model_D,ElectronicDimmer120,ElectronicDimmer120_D1,0,0,True
Model_D,ElectronicDimmer120,ElectronicDimmer120_D1,0,0,True
Model_D,ElectronicDimmer120,ElectronicDimmer120_D1,0,0,True
Model_D,ElectronicDimmer120,ElectronicDimmer120_D1,0,0,True
Model_D,ElectronicDimmer120,ElectronicDimmer120_D1,1,1,True
Model_D,ElectronicDimmer120,ElectronicDimmer120_D1,1,1,True
Model_D,ElectronicDimmer120,ElectronicDimmer120_D1,1,1,True
Model_D,ElectronicDimmer120,ElectronicDimmer120_D1,1,1,True
Model_D,ElectronicDimmer120,ElectronicDimmer120_D1,1,1,True
Model_D,ElectronicDimmer120,ElectronicDimmer120_D1,1,1,True
Model_D,ElectronicDimmer120,ElectronicDimmer120_D1,1,1,True
Model_D,ElectronicDimmer120,ElectronicDimmer120_D1,1,1,True
Model_D,ElectronicDimmer120,ElectronicDimmer120_D1,1,1,True
Model_D,ElectronicDimmer120,ElectronicDimmer120_D1,1,1,True
Model_D,ElectronicDimmer120,ElectronicDimmer120_D1,1,1,True
Model_D,ElectronicDimmer120,ElectronicDimmer120_D1,1,1,True
Model_D,ElectronicDimmer120,ElectronicDimmer120_D1,1,1,True
Model_D,ElectronicDimmer120,ElectronicDimmer120_D1,1,1,True
Model_D,ElectronicDimmer120,ElectronicDimmer120_D1,1,1,True
Model_D,ElectronicDimmer120,ElectronicDimmer120_D1,1,1,True
Model_D,ElectronicDimmer120,ElectronicDimmer120_D1,1,1,True
Model_D,ElectronicDimmer120,ElectronicDimmer120_D1,1,1,True
Model_D,ElectronicDimmer120,ElectronicDimmer120_D1,1,1,True
Model_D,ElectronicDimmer120,ElectronicDimmer120_D1,1,1,True
Model_D,ElectronicDimmer120,ElectronicDimmer120_D1,1,1,True
Model_D,ElectronicDimmer120,ElectronicDimmer120_D1,1,1,True
Model_D,ElectronicDimmer120,ElectronicDimmer120_D1,1,1,True
Model_D,ElectronicDimmer120,ElectronicDimmer120_D2,0,0,True
Model_D,ElectronicDimmer120,ElectronicDimmer120_D2,0,0,True
Model_D,ElectronicDimmer120,ElectronicDimmer120_D2,0,0,True
Model_D,ElectronicDimmer120,ElectronicDimmer120_D2,0,0,True
Model_D,ElectronicDimmer120,ElectronicDimmer120_D2,0,0,True
Model_D,ElectronicDimmer120,ElectronicDimmer120_D2,0,0,True
Model_D,ElectronicDimmer120,ElectronicDimmer120_D2,0,0,True
Model_D,ElectronicDimmer120,ElectronicDimmer120_D2,0,0,True
Model_D,ElectronicDimmer120,ElectronicDimmer120_D2,0,0,True
Model_D,ElectronicDimmer120,ElectronicDimmer120_D2,0,0,True
Model_D,ElectronicDimmer120,ElectronicDimmer120_D2,0,0,True
Model_D,ElectronicDimmer120,ElectronicDimmer120_D2,0,0,True
Model_D,ElectronicDimmer120,ElectronicDimmer120_D2,0,0,True
Model_D,ElectronicDimmer120,ElectronicDimmer120_D2,0,0,True
Model_D,ElectronicDimmer120,ElectronicDimmer120_D2,0,0,True
Model_D,ElectronicDimmer120,ElectronicDimmer120_D2,0,0,True
Model_D,ElectronicDimmer120,ElectronicDimmer120_D2,0,0,True
Model_D,ElectronicDimmer120,ElectronicDimmer120_D2,0,0,True
Model_D,ElectronicDimmer120,ElectronicDimmer120_D2,0,0,True
Model_D,ElectronicDimmer120,ElectronicDimmer120_D2,0,0,True
Model_D,ElectronicDimmer120,ElectronicDimmer120_D2,0,0,True
Model_D,ElectronicDimmer120,ElectronicDimmer120_D2,0,0,True
Model_D,ElectronicDimmer120,ElectronicDimmer120_D2,0,0,True
Model_D,ElectronicDimmer120,ElectronicDimmer120_D2,0,0,True
Model_D,ElectronicDimmer120,ElectronicDimmer120_D2,0,0,True
Model_D,ElectronicDimmer120,ElectronicDimmer120_D2,0,0,True
Model_D,ElectronicDimmer120,ElectronicDimmer120_D2,0,0,True
Model_D,ElectronicDimmer120,ElectronicDimmer120_D2,0,0,True
Model_D,ElectronicDimmer120,ElectronicDimmer120_D2,0,0,True
Model_D,ElectronicDimmer120,ElectronicDimmer120_D2,0,0,True
Model_D,ElectronicDimmer120,ElectronicDimmer120_D2,1,1,True
Model_D,ElectronicDimmer120,ElectronicDimmer120_D2,1,1,True
Model_D,ElectronicDimmer120,ElectronicDimmer120_D2,1,1,True
Model_D,ElectronicDimmer120,ElectronicDimmer120_D2,1,1,True
Model_D,ElectronicDimmer120,ElectronicDimmer120_D2,1,1,True
Model_D,ElectronicDimmer120,ElectronicDimmer120_D2,1,1,True
Model_D,ElectronicDimmer120,ElectronicDimmer120_D2,1,1,True
Model_D,ElectronicDimmer120,ElectronicDimmer120_D2,1,1,True
Model_D,ElectronicDimmer120,ElectronicDimmer120_D2,1,1,True
Model_D,ElectronicDimmer120,ElectronicDimmer120_D2,1,1,True
Model_D,ElectronicDimmer120,ElectronicDimmer120_D2,1,1,True
Model_D,ElectronicDimmer120,ElectronicDimmer120_D2,1,1,True
Model_D,ElectronicDimmer120,ElectronicDimmer120_D2,1,1,True
Model_D,ElectronicDimmer120,ElectronicDimmer120_D2,1,1,True
Model_D,ElectronicDimmer120,ElectronicDimmer120_D2,1,1,True
Model_D,ElectronicDimmer120,ElectronicDimmer120_D2,1,1,True
Model_D,ElectronicDimmer120,ElectronicDimmer120_D2,1,1,True
Model_D,ElectronicDimmer120,ElectronicDimmer120_D2,1,1,True
Model_D,ElectronicDimmer120,ElectronicDimmer120_D2,1,1,True
Model_D,ElectronicDimmer120,ElectronicDimmer120_D2,1,1,True
Model_D,ElectronicDimmer120,ElectronicDimmer120_D2,1,1,True
Model_D,ElectronicDimmer120,ElectronicDimmer120_D2,1,1,True
Model_D,ElectronicDimmer120,ElectronicDimmer120_D2,1,1,True
Model_D,ElectronicDimmer120,ElectronicDimmer120_D3,0,0,True
Model_D,ElectronicDimmer120,ElectronicDimmer120_D3,0,0,True
Model_D,ElectronicDimmer120,ElectronicDimmer120_D3,0,0,True
Model_D,ElectronicDimmer120,ElectronicDimmer120_D3,0,0,True
Model_D,ElectronicDimmer120,ElectronicDimmer120_D3,0,0,True
Model_D,ElectronicDimmer120,ElectronicDimmer120_D3,0,0,True
Model_D,ElectronicDimmer120,ElectronicDimmer120_D3,0,0,True
Model_D,ElectronicDimmer120,ElectronicDimmer120_D3,0,0,True
Model_D,ElectronicDimmer120,ElectronicDimmer120_D3,0,0,True
Model_D,ElectronicDimmer120,ElectronicDimmer120_D3,0,0,True
Model_D,ElectronicDimmer120,ElectronicDimmer120_D3,0,0,True
Model_D,ElectronicDimmer120,ElectronicDimmer120_D3,0,0,True
Model_D,ElectronicDimmer120,ElectronicDimmer120_D3,0,0,True
Model_D,ElectronicDimmer120,ElectronicDimmer120_D3,0,0,True
Model_D,ElectronicDimmer120,ElectronicDimmer120_D3,0,0,True
Model_D,ElectronicDimmer120,ElectronicDimmer120_D3,0,0,True
Model_D,ElectronicDimmer120,ElectronicDimmer120_D3,0,0,True
Model_D,ElectronicDimmer120,ElectronicDimmer120_D3,0,0,True
Model_D,ElectronicDimmer120,ElectronicDimmer120_D3,0,0,True
Model_D,ElectronicDimmer120,ElectronicDimmer120_D3,0,0,True
Model_D,ElectronicDimmer120,ElectronicDimmer120_D3,0,0,True
Model_D,ElectronicDimmer120,ElectronicDimmer120_D3,0,0,True
Model_D,ElectronicDimmer120,ElectronicDimmer120_D3,0,0,True
Model_D,ElectronicDimmer120,ElectronicDimmer120_D3,0,0,True
Model_D,ElectronicDimmer120,ElectronicDimmer120_D3,0,0,True
Model_D,ElectronicDimmer120,ElectronicDimmer120_D3,0,0,True
Model_D,ElectronicDimmer120,ElectronicDimmer120_D3,0,0,True
Model_D,ElectronicDimmer120,ElectronicDimmer120_D3,0,0,True
Model_D,ElectronicDimmer120,ElectronicDimmer120_D3,0,0,True
Model_D,ElectronicDimmer120,ElectronicDimmer120_D3,0,0,True
Model_D,ElectronicDimmer120,ElectronicDimmer120_D3,0,0,True
Model_D,ElectronicDimmer120,ElectronicDimmer120_D3,0,0,True
Model_D,ElectronicDimmer120,ElectronicDimmer120_D3,0,0,True
Model_D,ElectronicDimmer120,ElectronicDimmer120_D3,0,0,True
Model_D,ElectronicDimmer120,ElectronicDimmer120_D3,0,0,True
Model_D,ElectronicDimmer120,ElectronicDimmer120_D3,0,0,True
Model_D,ElectronicDimmer120,ElectronicDimmer120_D3,0,0,True
Model_D,ElectronicDimmer120,ElectronicDimmer120_D3,0,0,True
Model_D,ElectronicDimmer120,ElectronicDimmer120_D3,0,0,True
Model_D,ElectronicDimmer120,ElectronicDimmer120_D3,1,1,True
Model_D,ElectronicDimmer120,ElectronicDimmer120_D3,1,1,True
Model_D,ElectronicDimmer120,ElectronicDimmer120_D3,1,1,True
Model_D,ElectronicDimmer120,ElectronicDimmer120_D3,1,1,True
Model_D,ElectronicDimmer120,ElectronicDimmer120_D3,1,1,True
Model_D,ElectronicDimmer120,ElectronicDimmer120_D3,1,1,True
Model_D,ElectronicDimmer120,ElectronicDimmer120_D3,1,1,True
Model_D,ElectronicDimmer120,ElectronicDimmer120_D3,1,1,True
Model_D,ElectronicDimmer120,ElectronicDimmer120_D3,1,1,True
Model_D,ElectronicDimmer120,ElectronicDimmer120_D3,1,1,True
Model_D,ElectronicDimmer120,ElectronicDimmer120_D3,1,1,True
Model_D,ElectronicDimmer120,ElectronicDimmer120_D3,1,1,True
Model_D,ElectronicDimmer120,ElectronicDimmer120_D3,1,1,True
Model_D,ElectronicDimmer120,ElectronicDimmer120_D3,1,1,True
Model_D,ElectronicDimmer120,ElectronicDimmer120_D3,1,1,True
Model_D,ElectronicDimmer120,ElectronicDimmer120_D3,1,1,True
Model_D,ElectronicDimmer120,ElectronicDimmer120_D3,1,1,True
Model_D,ElectronicDimmer120,ElectronicDimmer120_D3,1,1,True
Model_D,ElectronicDimmer120,ElectronicDimmer120_D3,1,1,True
Model_D,ElectronicDimmer120,ElectronicDimmer120_D3,1,1,True
Model_D,ElectronicDimmer120,ElectronicDimmer120_D3,1,1,True
Model_D,ElectronicDimmer120,ElectronicDimmer120_D3,1,1,True
Model_D,ElectronicDimmer120,ElectronicDimmer120_D4,0,0,True
Model_D,ElectronicDimmer120,ElectronicDimmer120_D4,0,0,True
Model_D,ElectronicDimmer120,ElectronicDimmer120_D4,0,0,True
Model_D,ElectronicDimmer120,ElectronicDimmer120_D4,0,0,True
Model_D,ElectronicDimmer120,ElectronicDimmer120_D4,0,0,True
Model_D,ElectronicDimmer120,ElectronicDimmer120_D4,0,0,True
Model_D,ElectronicDimmer120,ElectronicDimmer120_D4,0,0,True
Model_D,ElectronicDimmer120,ElectronicDimmer120_D4,0,0,True
Model_D,ElectronicDimmer120,ElectronicDimmer120_D4,0,0,True
Model_D,ElectronicDimmer120,ElectronicDimmer120_D4,0,0,True
Model_D,ElectronicDimmer120,ElectronicDimmer120_D4,0,0,True
Model_D,ElectronicDimmer120,ElectronicDimmer120_D4,0,0,True
Model_D,ElectronicDimmer120,ElectronicDimmer120_D4,0,0,True
Model_D,ElectronicDimmer120,ElectronicDimmer120_D4,0,0,True
Model_D,ElectronicDimmer120,ElectronicDimmer120_D4,0,0,True
Model_D,ElectronicDimmer120,ElectronicDimmer120_D4,0,0,True
Model_D,ElectronicDimmer120,ElectronicDimmer120_D4,0,0,True
Model_D,ElectronicDimmer120,ElectronicDimmer120_D4,0,0,True
Model_D,ElectronicDimmer120,ElectronicDimmer120_D4,0,0,True
Model_D,ElectronicDimmer120,ElectronicDimmer120_D4,0,0,True
Model_D,ElectronicDimmer120,ElectronicDimmer120_D4,0,0,True
Model_D,ElectronicDimmer120,ElectronicDimmer120_D4,0,0,True
Model_D,ElectronicDimmer120,ElectronicDimmer120_D4,0,0,True
Model_D,ElectronicDimmer120,ElectronicDimmer120_D4,0,0,True
Model_D,ElectronicDimmer120,ElectronicDimmer120_D4,0,0,True
Model_D,ElectronicDimmer120,ElectronicDimmer120_D4,0,0,True
Model_D,ElectronicDimmer120,ElectronicDimmer120_D4,0,0,True
Model_D,ElectronicDimmer120,ElectronicDimmer120_D4,0,0,True
Model_D,ElectronicDimmer120,ElectronicDimmer120_D4,0,0,True
Model_D,ElectronicDimmer120,ElectronicDimmer120_D4,0,0,True
Model_D,ElectronicDimmer120,ElectronicDimmer120_D4,0,0,True
Model_D,ElectronicDimmer120,ElectronicDimmer120_D4,0,0,True
Model_D,ElectronicDimmer120,ElectronicDimmer120_D4,0,0,True
Model_D,ElectronicDimmer120,ElectronicDimmer120_D4,0,0,True
Model_D,ElectronicDimmer120,ElectronicDimmer120_D4,0,0,True
Model_D,ElectronicDimmer120,ElectronicDimmer120_D4,0,0,True
Model_D,ElectronicDimmer120,ElectronicDimmer120_D4,0,0,True
Model_D,ElectronicDimmer120,ElectronicDimmer120_D4,0,0,True
Model_D,ElectronicDimmer120,ElectronicDimmer120_D4,0,0,True
Model_D,ElectronicDimmer120,ElectronicDimmer120_D4,0,0,True
Model_D,ElectronicDimmer120,ElectronicDimmer120_D4,1,1,True
Model_D,ElectronicDimmer120,ElectronicDimmer120_D4,1,1,True
Model_D,ElectronicDimmer120,ElectronicDimmer120_D4,1,1,True
Model_D,ElectronicDimmer120,ElectronicDimmer120_D4,1,1,True
Model_D,ElectronicDimmer120,ElectronicDimmer120_D4,1,1,True
Model_D,ElectronicDimmer120,ElectronicDimmer120_D4,1,1,True
Model_D,ElectronicDimmer120,ElectronicDimmer120_D4,1,1,True
Model_D,ElectronicDimmer120,ElectronicDimmer120_D4,1,1,True
Model_D,ElectronicDimmer120,ElectronicDimmer120_D4,1,1,True
Model_D,ElectronicDimmer120,ElectronicDimmer120_D4,1,1,True
Model_D,ElectronicDimmer120,ElectronicDimmer120_D4,1,1,True
Model_D,ElectronicDimmer120,ElectronicDimmer120_D4,1,1,True
Model_D,ElectronicDimmer120,ElectronicDimmer120_D4,1,1,True
Model_D,ElectronicDimmer120,ElectronicDimmer120_D4,1,1,True
Model_D,ElectronicDimmer120,ElectronicDimmer120_D4,1,1,True
Model_D,ElectronicDimmer120,ElectronicDimmer120_D4,1,1,True
Model_D,ElectronicDimmer120,ElectronicDimmer120_D4,1,1,True
Model_D,ElectronicDimmer120,ElectronicDimmer120_D4,1,1,True
Model_D,ElectronicDimmer120,ElectronicDimmer120_D4,1,1,True
Model_D,ElectronicDimmer120,ElectronicDimmer120_D4,1,1,True
Model_D,ElectronicDimmer120,ElectronicDimmer120_D4,1,1,True
Model_D,ElectronicDimmer120,ElectronicDimmer120_D4,1,1,True
Model_D,AirCompressor,AirCompressor_D0,0,0,True
Model_D,AirCompressor,AirCompressor_D0,0,0,True
Model_D,AirCompressor,AirCompressor_D0,0,0,True
Model_D,AirCompressor,AirCompressor_D0,0,0,True
Model_D,AirCompressor,AirCompressor_D0,0,0,True
Model_D,AirCompressor,AirCompressor_D0,0,0,True
Model_D,AirCompressor,AirCompressor_D0,0,0,True
Model_D,AirCompressor,AirCompressor_D0,0,0,True
Model_D,AirCompressor,AirCompressor_D0,0,0,True
Model_D,AirCompressor,AirCompressor_D0,0,0,True
Model_D,AirCompressor,AirCompressor_D0,0,0,True
Model_D,AirCompressor,AirCompressor_D0,0,0,True
Model_D,AirCompressor,AirCompressor_D0,0,0,True
Model_D,AirCompressor,AirCompressor_D0,0,0,True
Model_D,AirCompressor,AirCompressor_D0,0,0,True
Model_D,AirCompressor,AirCompressor_D0,0,0,True
Model_D,AirCompressor,AirCompressor_D0,0,0,True
Model_D,AirCompressor,AirCompressor_D0,0,0,True
Model_D,AirCompressor,AirCompressor_D0,0,0,True
Model_D,AirCompressor,AirCompressor_D0,0,0,True
Model_D,AirCompressor,AirCompressor_D0,0,0,True
Model_D,AirCompressor,AirCompressor_D0,0,0,True
Model_D,AirCompressor,AirCompressor_D0,0,0,True
Model_D,AirCompressor,AirCompressor_D0,0,0,True
Model_D,AirCompressor,AirCompressor_D0,0,0,True
Model_D,AirCompressor,AirCompressor_D0,0,0,True
Model_D,AirCompressor,AirCompressor_D0,0,0,True
Model_D,AirCompressor,AirCompressor_D0,0,0,True
Model_D,AirCompressor,AirCompressor_D0,0,0,True
Model_D,AirCompressor,AirCompressor_D0,0,0,True
Model_D,AirCompressor,AirCompressor_D0,0,0,True
Model_D,AirCompressor,AirCompressor_D0,0,0,True
Model_D,AirCompressor,AirCompressor_D0,0,0,True
Model_D,AirCompressor,AirCompressor_D0,0,0,True
Model_D,AirCompressor,AirCompressor_D0,0,0,True
Model_D,AirCompressor,AirCompressor_D0,0,0,True
Model_D,AirCompressor,AirCompressor_D0,0,0,True
Model_D,AirCompressor,AirCompressor_D0,0,0,True
Model_D,AirCompressor,AirCompressor_D0,0,0,True
Model_D,AirCompressor,AirCompressor_D0,0,0,True
Model_D,AirCompressor,AirCompressor_D0,0,0,True
Model_D,AirCompressor,AirCompressor_D0,0,0,True
Model_D,AirCompressor,AirCompressor_D0,0,0,True
Model_D,AirCompressor,AirCompressor_D0,0,0,True
Model_D,AirCompressor,AirCompressor_D0,0,0,True
Model_D,AirCompressor,AirCompressor_D0,0,0,True
Model_D,AirCompressor,AirCompressor_D0,0,0,True
Model_D,AirCompressor,AirCompressor_D0,0,0,True
Model_D,AirCompressor,AirCompressor_D0,0,1,False
Model_D,AirCompressor,AirCompressor_D0,1,1,True
Model_D,AirCompressor,AirCompressor_D0,1,0,False
Model_D,AirCompressor,AirCompressor_D0,1,1,True
Model_D,AirCompressor,AirCompressor_D0,1,1,True
Model_D,AirCompressor,AirCompressor_D0,1,1,True
Model_D,AirCompressor,AirCompressor_D0,1,1,True
Model_D,AirCompressor,AirCompressor_D0,1,1,True
Model_D,AirCompressor,AirCompressor_D0,1,1,True
Model_D,AirCompressor,AirCompressor_D0,1,1,True
Model_D,AirCompressor,AirCompressor_D0,1,1,True
Model_D,AirCompressor,AirCompressor_D0,1,1,True
Model_D,AirCompressor,AirCompressor_D0,1,1,True
Model_D,AirCompressor,AirCompressor_D0,1,1,True
Model_D,AirCompressor,AirCompressor_D0,1,1,True
Model_D,AirCompressor,AirCompressor_D0,1,1,True
Model_D,AirCompressor,AirCompressor_D0,1,1,True
Model_D,AirCompressor,AirCompressor_D0,1,1,True
Model_D,AirCompressor,AirCompressor_D0,1,1,True
Model_D,AirCompressor,AirCompressor_D0,1,1,True
Model_D,AirCompressor,AirCompressor_D1,0,0,True
Model_D,AirCompressor,AirCompressor_D1,0,0,True
Model_D,AirCompressor,AirCompressor_D1,0,0,True
Model_D,AirCompressor,AirCompressor_D1,0,0,True
Model_D,AirCompressor,AirCompressor_D1,0,0,True
Model_D,AirCompressor,AirCompressor_D1,0,0,True
Model_D,AirCompressor,AirCompressor_D1,0,0,True
Model_D,AirCompressor,AirCompressor_D1,0,0,True
Model_D,AirCompressor,AirCompressor_D1,0,0,True
Model_D,AirCompressor,AirCompressor_D1,0,0,True
Model_D,AirCompressor,AirCompressor_D1,0,0,True
Model_D,AirCompressor,AirCompressor_D1,0,0,True
Model_D,AirCompressor,AirCompressor_D1,0,0,True
Model_D,AirCompressor,AirCompressor_D1,0,0,True
Model_D,AirCompressor,AirCompressor_D1,0,0,True
Model_D,AirCompressor,AirCompressor_D1,0,0,True
Model_D,AirCompressor,AirCompressor_D1,0,0,True
Model_D,AirCompressor,AirCompressor_D1,0,0,True
Model_D,AirCompressor,AirCompressor_D1,0,0,True
Model_D,AirCompressor,AirCompressor_D1,0,0,True
Model_D,AirCompressor,AirCompressor_D1,0,0,True
Model_D,AirCompressor,AirCompressor_D1,0,0,True
Model_D,AirCompressor,AirCompressor_D1,0,0,True
Model_D,AirCompressor,AirCompressor_D1,0,0,True
Model_D,AirCompressor,AirCompressor_D1,0,0,True
Model_D,AirCompressor,AirCompressor_D1,0,0,True
Model_D,AirCompressor,AirCompressor_D1,0,0,True
Model_D,AirCompressor,AirCompressor_D1,0,0,True
Model_D,AirCompressor,AirCompressor_D1,0,0,True
Model_D,AirCompressor,AirCompressor_D1,0,0,True
Model_D,AirCompressor,AirCompressor_D1,0,0,True
Model_D,AirCompressor,AirCompressor_D1,0,0,True
Model_D,AirCompressor,AirCompressor_D1,0,0,True
Model_D,AirCompressor,AirCompressor_D1,0,0,True
Model_D,AirCompressor,AirCompressor_D1,0,0,True
Model_D,AirCompressor,AirCompressor_D1,0,0,True
Model_D,AirCompressor,AirCompressor_D1,0,0,True
Model_D,AirCompressor,AirCompressor_D1,0,0,True
Model_D,AirCompressor,AirCompressor_D1,0,0,True
Model_D,AirCompressor,AirCompressor_D1,0,0,True
Model_D,AirCompressor,AirCompressor_D1,0,0,True
Model_D,AirCompressor,AirCompressor_D1,0,0,True
Model_D,AirCompressor,AirCompressor_D1,0,0,True
Model_D,AirCompressor,AirCompressor_D1,0,0,True
Model_D,AirCompressor,AirCompressor_D1,0,0,True
Model_D,AirCompressor,AirCompressor_D1,0,0,True
Model_D,AirCompressor,AirCompressor_D1,0,0,True
Model_D,AirCompressor,AirCompressor_D1,0,0,True
Model_D,AirCompressor,AirCompressor_D1,0,0,True
Model_D,AirCompressor,AirCompressor_D1,0,0,True
Model_D,AirCompressor,AirCompressor_D1,0,0,True
Model_D,AirCompressor,AirCompressor_D1,0,0,True
Model_D,AirCompressor,AirCompressor_D1,0,0,True
Model_D,AirCompressor,AirCompressor_D1,0,0,True
Model_D,AirCompressor,AirCompressor_D1,0,0,True
Model_D,AirCompressor,AirCompressor_D1,0,0,True
Model_D,AirCompressor,AirCompressor_D1,0,0,True
Model_D,AirCompressor,AirCompressor_D1,0,0,True
Model_D,AirCompressor,AirCompressor_D1,0,0,True
Model_D,AirCompressor,AirCompressor_D1,0,0,True
Model_D,AirCompressor,AirCompressor_D1,0,0,True
Model_D,AirCompressor,AirCompressor_D1,0,0,True
Model_D,AirCompressor,AirCompressor_D1,0,0,True
Model_D,AirCompressor,AirCompressor_D1,0,0,True
Model_D,AirCompressor,AirCompressor_D1,0,0,True
Model_D,AirCompressor,AirCompressor_D1,0,0,True
Model_D,AirCompressor,AirCompressor_D1,0,0,True
Model_D,AirCompressor,AirCompressor_D1,0,0,True
Model_D,AirCompressor,AirCompressor_D1,0,0,True
Model_D,AirCompressor,AirCompressor_D1,0,0,True
Model_D,AirCompressor,AirCompressor_D1,0,0,True
Model_D,AirCompressor,AirCompressor_D1,0,0,True
Model_D,AirCompressor,AirCompressor_D1,0,0,True
Model_D,AirCompressor,AirCompressor_D1,0,0,True
Model_D,AirCompressor,AirCompressor_D1,0,0,True
Model_D,AirCompressor,AirCompressor_D1,0,0,True
Model_D,AirCompressor,AirCompressor_D1,0,0,True
Model_D,AirCompressor,AirCompressor_D1,1,1,True
Model_D,AirCompressor,AirCompressor_D1,1,1,True
Model_D,AirCompressor,AirCompressor_D1,1,1,True
Model_D,AirCompressor,AirCompressor_D1,1,1,True
Model_D,AirCompressor,AirCompressor_D1,1,1,True
Model_D,AirCompressor,AirCompressor_D1,1,1,True
Model_D,AirCompressor,AirCompressor_D1,1,1,True
Model_D,AirCompressor,AirCompressor_D1,1,1,True
Model_D,AirCompressor,AirCompressor_D1,1,1,True
Model_D,AirCompressor,AirCompressor_D1,1,1,True
Model_D,AirCompressor,AirCompressor_D1,1,1,True
Model_D,AirCompressor,AirCompressor_D1,1,1,True
Model_D,AirCompressor,AirCompressor_D1,1,1,True
Model_D,AirCompressor,AirCompressor_D1,1,1,True
Model_D,AirCompressor,AirCompressor_D1,1,1,True
Model_D,AirCompressor,AirCompressor_D2,0,0,True
Model_D,AirCompressor,AirCompressor_D2,0,0,True
Model_D,AirCompressor,AirCompressor_D2,0,0,True
Model_D,AirCompressor,AirCompressor_D2,0,0,True
Model_D,AirCompressor,AirCompressor_D2,0,0,True
Model_D,AirCompressor,AirCompressor_D2,0,0,True
Model_D,AirCompressor,AirCompressor_D2,0,0,True
Model_D,AirCompressor,AirCompressor_D2,0,0,True
Model_D,AirCompressor,AirCompressor_D2,0,0,True
Model_D,AirCompressor,AirCompressor_D2,0,0,True
Model_D,AirCompressor,AirCompressor_D2,0,0,True
Model_D,AirCompressor,AirCompressor_D2,0,0,True
Model_D,AirCompressor,AirCompressor_D2,0,0,True
Model_D,AirCompressor,AirCompressor_D2,0,0,True
Model_D,AirCompressor,AirCompressor_D2,0,0,True
Model_D,AirCompressor,AirCompressor_D2,0,0,True
Model_D,AirCompressor,AirCompressor_D2,0,0,True
Model_D,AirCompressor,AirCompressor_D2,0,0,True
Model_D,AirCompressor,AirCompressor_D2,0,0,True
Model_D,AirCompressor,AirCompressor_D2,0,0,True
Model_D,AirCompressor,AirCompressor_D2,0,0,True
Model_D,AirCompressor,AirCompressor_D2,0,0,True
Model_D,AirCompressor,AirCompressor_D2,0,0,True
Model_D,AirCompressor,AirCompressor_D2,0,0,True
Model_D,AirCompressor,AirCompressor_D2,0,0,True
Model_D,AirCompressor,AirCompressor_D2,0,0,True
Model_D,AirCompressor,AirCompressor_D2,0,0,True
Model_D,AirCompressor,AirCompressor_D2,0,0,True
Model_D,AirCompressor,AirCompressor_D2,0,0,True
Model_D,AirCompressor,AirCompressor_D2,0,0,True
Model_D,AirCompressor,AirCompressor_D2,0,0,True
Model_D,AirCompressor,AirCompressor_D2,0,0,True
Model_D,AirCompressor,AirCompressor_D2,0,0,True
Model_D,AirCompressor,AirCompressor_D2,0,0,True
Model_D,AirCompressor,AirCompressor_D2,0,0,True
Model_D,AirCompressor,AirCompressor_D2,0,0,True
Model_D,AirCompressor,AirCompressor_D2,0,0,True
Model_D,AirCompressor,AirCompressor_D2,0,0,True
Model_D,AirCompressor,AirCompressor_D2,0,0,True
Model_D,AirCompressor,AirCompressor_D2,0,0,True
Model_D,AirCompressor,AirCompressor_D2,0,0,True
Model_D,AirCompressor,AirCompressor_D2,0,0,True
Model_D,AirCompressor,AirCompressor_D2,0,0,True
Model_D,AirCompressor,AirCompressor_D2,0,0,True
Model_D,AirCompressor,AirCompressor_D2,0,0,True
Model_D,AirCompressor,AirCompressor_D2,0,0,True
Model_D,AirCompressor,AirCompressor_D2,0,0,True
Model_D,AirCompressor,AirCompressor_D2,0,0,True
Model_D,AirCompressor,AirCompressor_D2,0,0,True
Model_D,AirCompressor,AirCompressor_D2,0,0,True
Model_D,AirCompressor,AirCompressor_D2,0,0,True
Model_D,AirCompressor,AirCompressor_D2,0,0,True
Model_D,AirCompressor,AirCompressor_D2,0,0,True
Model_D,AirCompressor,AirCompressor_D2,0,0,True
Model_D,AirCompressor,AirCompressor_D2,0,0,True
Model_D,AirCompressor,AirCompressor_D2,1,1,True
Model_D,AirCompressor,AirCompressor_D2,1,1,True
Model_D,AirCompressor,AirCompressor_D2,1,1,True
Model_D,AirCompressor,AirCompressor_D2,1,1,True
Model_D,AirCompressor,AirCompressor_D2,1,1,True
Model_D,AirCompressor,AirCompressor_D2,1,1,True
Model_D,AirCompressor,AirCompressor_D2,1,1,True
Model_D,AirCompressor,AirCompressor_D2,1,1,True
Model_D,AirCompressor,AirCompressor_D2,1,1,True
Model_D,AirCompressor,AirCompressor_D2,1,1,True
Model_D,AirCompressor,AirCompressor_D2,1,0,False
Model_D,AirCompressor,AirCompressor_D2,1,1,True
Model_D,AirCompressor,AirCompressor_D2,1,1,True
Model_D,AirCompressor,AirCompressor_D2,1,1,True
Model_D,AirCompressor,AirCompressor_D2,1,1,True
Model_D,AirCompressor,AirCompressor_D2,1,1,True
Model_D,AirCompressor,AirCompressor_D2,1,1,True
Model_D,AirCompressor,AirCompressor_D2,1,1,True
Model_D,AirCompressor,AirCompressor_D2,1,1,True
Model_D,AirCompressor,AirCompressor_D2,1,0,False
Model_D,AirCompressor,AirCompressor_D2,1,1,True
Model_D,AirCompressor,AirCompressor_D2,1,1,True
Model_D,AirCompressor,AirCompressor_D2,1,1,True
Model_D,AirCompressor,AirCompressor_D3,0,0,True
Model_D,AirCompressor,AirCompressor_D3,0,0,True
Model_D,AirCompressor,AirCompressor_D3,0,0,True
Model_D,AirCompressor,AirCompressor_D3,0,0,True
Model_D,AirCompressor,AirCompressor_D3,0,0,True
Model_D,AirCompressor,AirCompressor_D3,0,0,True
Model_D,AirCompressor,AirCompressor_D3,0,0,True
Model_D,AirCompressor,AirCompressor_D3,0,0,True
Model_D,AirCompressor,AirCompressor_D3,0,0,True
Model_D,AirCompressor,AirCompressor_D3,0,0,True
Model_D,AirCompressor,AirCompressor_D3,0,0,True
Model_D,AirCompressor,AirCompressor_D3,0,0,True
Model_D,AirCompressor,AirCompressor_D3,0,0,True
Model_D,AirCompressor,AirCompressor_D3,0,0,True
Model_D,AirCompressor,AirCompressor_D3,0,0,True
Model_D,AirCompressor,AirCompressor_D3,0,0,True
Model_D,AirCompressor,AirCompressor_D3,0,0,True
Model_D,AirCompressor,AirCompressor_D3,0,0,True
Model_D,AirCompressor,AirCompressor_D3,0,0,True
Model_D,AirCompressor,AirCompressor_D3,0,0,True
Model_D,AirCompressor,AirCompressor_D3,0,0,True
Model_D,AirCompressor,AirCompressor_D3,0,0,True
Model_D,AirCompressor,AirCompressor_D3,0,0,True
Model_D,AirCompressor,AirCompressor_D3,0,0,True
Model_D,AirCompressor,AirCompressor_D3,0,0,True
Model_D,AirCompressor,AirCompressor_D3,0,0,True
Model_D,AirCompressor,AirCompressor_D3,0,0,True
Model_D,AirCompressor,AirCompressor_D3,0,0,True
Model_D,AirCompressor,AirCompressor_D3,0,0,True
Model_D,AirCompressor,AirCompressor_D3,0,0,True
Model_D,AirCompressor,AirCompressor_D3,0,0,True
Model_D,AirCompressor,AirCompressor_D3,0,0,True
Model_D,AirCompressor,AirCompressor_D3,0,0,True
Model_D,AirCompressor,AirCompressor_D3,0,0,True
Model_D,AirCompressor,AirCompressor_D3,0,0,True
Model_D,AirCompressor,AirCompressor_D3,0,0,True
Model_D,AirCompressor,AirCompressor_D3,0,0,True
Model_D,AirCompressor,AirCompressor_D3,0,0,True
Model_D,AirCompressor,AirCompressor_D3,0,0,True
Model_D,AirCompressor,AirCompressor_D3,0,0,True
Model_D,AirCompressor,AirCompressor_D3,0,0,True
Model_D,AirCompressor,AirCompressor_D3,0,0,True
Model_D,AirCompressor,AirCompressor_D3,0,0,True
Model_D,AirCompressor,AirCompressor_D3,0,0,True
Model_D,AirCompressor,AirCompressor_D3,0,0,True
Model_D,AirCompressor,AirCompressor_D3,0,0,True
Model_D,AirCompressor,AirCompressor_D3,0,0,True
Model_D,AirCompressor,AirCompressor_D3,1,1,True
Model_D,AirCompressor,AirCompressor_D3,1,1,True
Model_D,AirCompressor,AirCompressor_D3,1,1,True
Model_D,AirCompressor,AirCompressor_D3,1,1,True
Model_D,AirCompressor,AirCompressor_D3,1,1,True
Model_D,AirCompressor,AirCompressor_D3,1,1,True
Model_D,AirCompressor,AirCompressor_D3,1,0,False
Model_D,AirCompressor,AirCompressor_D3,1,1,True
Model_D,AirCompressor,AirCompressor_D3,1,1,True
Model_D,AirCompressor,AirCompressor_D3,1,1,True
Model_D,AirCompressor,AirCompressor_D3,1,1,True
Model_D,AirCompressor,AirCompressor_D3,1,0,False
Model_D,AirCompressor,AirCompressor_D3,1,1,True
Model_D,AirCompressor,AirCompressor_D3,1,1,True
Model_D,AirCompressor,AirCompressor_D3,1,1,True
Model_D,AirCompressor,AirCompressor_D3,1,1,True
Model_D,AirCompressor,AirCompressor_D3,1,1,True
Model_D,AirCompressor,AirCompressor_D3,1,1,True
Model_D,AirCompressor,AirCompressor_D3,1,1,True
Model_D,AirCompressor,AirCompressor_D3,1,1,True
Model_D,AirCompressor,AirCompressor_D3,1,1,True
Model_D,AirCompressor,AirCompressor_D4,0,0,True
Model_D,AirCompressor,AirCompressor_D4,0,0,True
Model_D,AirCompressor,AirCompressor_D4,0,0,True
Model_D,AirCompressor,AirCompressor_D4,0,0,True
Model_D,AirCompressor,AirCompressor_D4,0,0,True
Model_D,AirCompressor,AirCompressor_D4,0,0,True
Model_D,AirCompressor,AirCompressor_D4,0,0,True
Model_D,AirCompressor,AirCompressor_D4,0,0,True
Model_D,AirCompressor,AirCompressor_D4,0,0,True
Model_D,AirCompressor,AirCompressor_D4,0,0,True
Model_D,AirCompressor,AirCompressor_D4,0,0,True
Model_D,AirCompressor,AirCompressor_D4,0,0,True
Model_D,AirCompressor,AirCompressor_D4,0,0,True
Model_D,AirCompressor,AirCompressor_D4,0,0,True
Model_D,AirCompressor,AirCompressor_D4,0,0,True
Model_D,AirCompressor,AirCompressor_D4,0,0,True
Model_D,AirCompressor,AirCompressor_D4,0,0,True
Model_D,AirCompressor,AirCompressor_D4,0,0,True
Model_D,AirCompressor,AirCompressor_D4,0,0,True
Model_D,AirCompressor,AirCompressor_D4,0,0,True
Model_D,AirCompressor,AirCompressor_D4,0,0,True
Model_D,AirCompressor,AirCompressor_D4,0,0,True
Model_D,AirCompressor,AirCompressor_D4,0,0,True
Model_D,AirCompressor,AirCompressor_D4,0,0,True
Model_D,AirCompressor,AirCompressor_D4,0,0,True
Model_D,AirCompressor,AirCompressor_D4,0,0,True
Model_D,AirCompressor,AirCompressor_D4,0,0,True
Model_D,AirCompressor,AirCompressor_D4,0,0,True
Model_D,AirCompressor,AirCompressor_D4,0,0,True
Model_D,AirCompressor,AirCompressor_D4,0,0,True
Model_D,AirCompressor,AirCompressor_D4,0,0,True
Model_D,AirCompressor,AirCompressor_D4,0,0,True
Model_D,AirCompressor,AirCompressor_D4,0,0,True
Model_D,AirCompressor,AirCompressor_D4,0,0,True
Model_D,AirCompressor,AirCompressor_D4,0,0,True
Model_D,AirCompressor,AirCompressor_D4,0,0,True
Model_D,AirCompressor,AirCompressor_D4,0,0,True
Model_D,AirCompressor,AirCompressor_D4,0,0,True
Model_D,AirCompressor,AirCompressor_D4,0,0,True
Model_D,AirCompressor,AirCompressor_D4,0,0,True
Model_D,AirCompressor,AirCompressor_D4,0,0,True
Model_D,AirCompressor,AirCompressor_D4,0,0,True
Model_D,AirCompressor,AirCompressor_D4,0,0,True
Model_D,AirCompressor,AirCompressor_D4,0,0,True
Model_D,AirCompressor,AirCompressor_D4,0,0,True
Model_D,AirCompressor,AirCompressor_D4,0,0,True
Model_D,AirCompressor,AirCompressor_D4,0,0,True
Model_D,AirCompressor,AirCompressor_D4,0,0,True
Model_D,AirCompressor,AirCompressor_D4,0,0,True
Model_D,AirCompressor,AirCompressor_D4,0,0,True
Model_D,AirCompressor,AirCompressor_D4,0,0,True
Model_D,AirCompressor,AirCompressor_D4,0,0,True
Model_D,AirCompressor,AirCompressor_D4,0,0,True
Model_D,AirCompressor,AirCompressor_D4,0,0,True
Model_D,AirCompressor,AirCompressor_D4,0,0,True
Model_D,AirCompressor,AirCompressor_D4,1,1,True
Model_D,AirCompressor,AirCompressor_D4,1,1,True
Model_D,AirCompressor,AirCompressor_D4,1,0,False
Model_D,AirCompressor,AirCompressor_D4,1,1,True
Model_D,AirCompressor,AirCompressor_D4,1,1,True
Model_D,AirCompressor,AirCompressor_D4,1,1,True
Model_D,AirCompressor,AirCompressor_D4,1,1,True
Model_D,AirCompressor,AirCompressor_D4,1,1,True
Model_D,AirCompressor,AirCompressor_D4,1,1,True
Model_D,AirCompressor,AirCompressor_D4,1,1,True
Model_D,AirCompressor,AirCompressor_D4,1,1,True
Model_D,AirCompressor,AirCompressor_D4,1,1,True
Model_D,AirCompressor,AirCompressor_D4,1,1,True
Model_D,AirCompressor,AirCompressor_D4,1,1,True
Model_D,AirCompressor,AirCompressor_D4,1,1,True
Model_D,AirCompressor,AirCompressor_D4,1,1,True
Model_D,AirCompressor,AirCompressor_D4,1,1,True
Model_D,AirCompressor,AirCompressor_D4,1,1,True
Model_D,AirCompressor,AirCompressor_D4,1,1,True
Model_D,AirCompressor,AirCompressor_D4,1,1,True
Model_D,AirCompressor,AirCompressor_D4,1,1,True
Model_D,AirCompressor,AirCompressor_D4,1,1,True
